legacy_subscription_id,legacy_member_id,branch_id,subscription_number,subscription_type_id,subscription_type_name,registration_date,subscription_start_date,subscription_end_date,subscription_value,discount_value,paid_amount,remaining_amount,legacy_remaining_amount,legacy_receipt_number,legacy_status,notes
5616,17680,1,1736,29,8 sessions,2026-09-07,2026-09-07,2026-10-12,1600,0,1600,0,0,04115,Active,
5615,16360,1,1532,12,3 Months,2026-09-07,2026-09-07,2026-12-06,6500,0,6500,0,0,04114,Active,
5614,17293,1,1825,32,20 sessions,2026-09-07,2026-09-07,2026-11-16,3000,0,3000,0,0,004113,Active,
5613,22629,1,2059,30,12 sessions,2026-09-06,2026-09-06,2026-10-18,2100,0,2100,0,0,04112,Active,
5612,8797,1,1221,30,12 sessions,2026-09-06,2026-09-06,2026-10-18,2100,0,2100,0,0,04111,Active,
5611,13241,1,1769,32,20 sessions,2026-09-06,2026-09-07,2026-11-16,3000,0,3000,0,0,04110,Active,
5610,17978,1,1534,15,6 months,2026-09-06,2026-09-13,2027-03-12,8800,0,8800,0,0,04107,Postponed,
5609,18329,1,2062,15,6 months,2026-09-06,2026-09-06,2027-03-05,8800,0,8800,0,0,004106,Active,
5608,22217,1,2061,12,3 Months,2026-09-06,2026-09-06,2026-12-05,6500,0,6500,0,0,004104,Active,
5607,18605,1,1649,32,20 sessions,2026-09-06,2026-09-06,2026-11-15,3000,0,3000,0,0,04101,Active,
5606,18184,1,1581,32,20 sessions,2026-09-06,2026-09-06,2026-11-15,3000,0,3000,0,0,04100,Active,
5605,7821,1,639,8,1 month,2026-09-05,2026-09-05,2026-10-05,3000,0,3000,0,0,004099,Active,
5604,17754,1,1498,32,20 sessions,2026-09-05,2026-09-05,2026-11-14,3000,0,3000,0,0,04093,Active,
5603,20717,1,2060,17,annual membership,2026-09-05,2026-09-06,2027-09-06,12800,0,12800,0,0,04098,Active,
5602,22629,1,LEG-5602,8,1 month,2026-09-05,2026-09-05,2026-10-05,3000,0,3000,0,0,04097,Active,
5601,19118,1,1741,32,20 sessions,2026-09-05,2026-09-06,2026-11-15,3000,0,3000,0,0,04095,Active,
5600,17755,1,1499,39,youth program 20 sessions,2026-09-05,2026-09-06,2026-11-15,3000,0,3000,0,0,04096,Active,
5599,18498,1,2058,8,1 month,2026-09-05,2026-09-06,2026-10-06,3000,0,3000,0,0,04088,Active,
5598,11462,1,977,32,20 sessions,2026-09-05,2026-09-05,2026-11-14,3000,0,2900,100,100,04086,Active,
5597,12480,1,1369,32,20 sessions,2026-09-05,2026-09-05,2026-11-14,2500,0,2500,0,0,F04085,Active,
5596,12480,1,LEG-5596,15,6 months,2026-09-05,2026-09-06,2027-03-05,10400,0,10400,0,0,04085,Active,
5595,4206,1,276,12,3 Months,2026-09-05,2026-09-06,2026-12-05,5000,0,5000,0,0,04084,Active,
5594,22612,1,2057,8,1 month,2026-09-04,2026-09-16,2026-10-16,3000,0,3000,0,0,04079,Postponed,
5593,15470,1,1283,38,youth program 10 sessions,2026-09-04,2026-09-04,2026-10-16,2000,0,2000,0,0,04078,Active,
5592,19393,1,1830,39,youth program 20 sessions,2026-09-04,2026-09-04,2026-11-13,3000,0,3000,0,0,004077,Active,
5591,1438,1,2056,17,annual membership,2026-09-04,2026-09-04,2027-09-04,12800,0,12800,0,0,04076,Active,
5590,22601,1,2055,12,3 Months,2026-09-04,2026-09-04,2026-12-03,6500,0,6500,0,0,040,Active,
5589,6596,1,1903,30,12 sessions,2026-09-03,2026-09-04,2026-10-16,2100,0,2100,0,0,04073,Active,
5588,3729,1,199,15,6 months,2026-09-03,2026-09-06,2027-03-05,10400,0,800,9600,9600,04072,Active,
5587,18534,1,2054,12,3 Months,2026-09-03,2026-09-04,2026-12-03,5500,0,5500,0,0,04071,Active,
5586,8064,1,2053,8,1 month,2026-09-03,2026-09-03,2026-10-03,3000,0,3000,0,0,04070,Active,
5585,18610,1,1637,28,4 sessions,2026-09-03,2026-09-03,2026-10-01,1000,0,1000,0,0,,Active,
5584,14150,1,1220,32,20 sessions,2026-09-03,2026-09-03,2026-11-12,3000,0,3000,0,0,04068,Active,
5583,6153,1,488,32,20 sessions,2026-09-03,2026-09-04,2026-11-13,3000,0,2000,1000,1000,04066,Active,
5582,1818,1,250,32,20 sessions,2026-09-03,2026-09-03,2026-11-12,3000,0,3000,0,0,04061,Active,
5581,2194,1,4,17,annual membership,2026-09-03,2026-09-02,2027-09-02,10500,0,10500,0,0,04048,Active,
5580,22591,1,2052,12,3 Months,2026-09-02,2026-09-03,2026-12-02,6500,0,6500,0,0,004059,Active,
5579,6997,1,1106,32,20 sessions,2026-09-02,2026-09-03,2026-11-12,3000,0,3000,0,0,04057,Active,
5578,22585,1,2051,12,3 Months,2026-09-02,2026-09-03,2026-12-02,5000,0,5000,0,0,04053,Active,
5577,3862,1,212,8,1 month,2026-09-02,2026-09-02,2026-10-02,3000,0,3000,0,0,004051,Active,
5576,3862,1,LEG-5576,30,12 sessions,2026-09-02,2026-09-02,2026-10-14,2100,0,2100,0,0,04051,Active,
5575,3958,1,213,8,1 month,2026-09-02,2026-09-02,2026-10-02,3000,0,3000,0,0,004052,Active,
5574,3958,1,LEG-5574,30,12 sessions,2026-09-02,2026-09-02,2026-10-14,2100,0,2100,0,0,04052,Active,
5573,22571,1,2050,39,youth program 20 sessions,2026-09-01,2026-09-01,2026-11-10,3000,0,3000,0,0,04047,Active,
5572,5090,1,2049,17,annual membership,2026-09-01,2026-09-15,2027-09-15,12800,0,11000,1800,1800,04044,Postponed,
5571,9687,1,2048,30,12 sessions,2026-09-01,2026-09-01,2026-10-13,2100,0,2100,0,0,004041,Active,
5570,9687,1,LEG-5570,12,3 Months,2026-09-01,2026-09-01,2026-11-30,6500,0,6500,0,0,04041,Active,
5569,22570,1,2047,12,3 Months,2026-09-01,2026-09-02,2026-12-01,6500,0,6500,0,0,04040,Active,
5568,9630,1,1554,39,youth program 20 sessions,2026-09-01,2026-09-01,2026-11-10,3000,0,3000,0,0,04042,Active,
5567,5287,1,468,12,3 Months,2026-09-01,2026-09-01,2026-11-30,5000,0,5000,0,0,04045,Active,
5566,8543,1,691,17,annual membership,2026-09-01,2026-09-04,2027-09-04,12800,0,12800,0,0,4043,Active,
5565,22523,1,2034,32,20 sessions,2026-09-01,2026-09-01,2026-11-10,3000,0,3000,0,0,04039,Active,
5564,16212,1,1780,30,12 sessions,2026-09-01,2026-09-01,2026-10-13,2100,0,2100,0,0,004037,Active,
5563,18503,1,1622,12,3 Months,2026-09-01,2026-09-01,2026-11-30,5000,0,5000,0,0,004034,Active,
5562,15685,1,2043,8,1 month,2026-09-01,2026-09-01,2026-10-01,2200,0,2200,0,0,004023,Active,
5561,9725,1,816,8,1 month,2026-09-01,2026-09-01,2026-10-01,3000,0,3000,0,0,004033,Active,
5560,22279,1,2046,8,1 month,2026-09-01,2026-09-05,2026-10-05,2200,0,2200,0,0,04032,Active,
5559,22546,1,2045,12,3 Months,2026-08-31,2026-10-01,2026-12-30,5000,0,5000,0,0,04031,Postponed,
5558,16824,1,1568,12,3 Months,2026-08-31,2026-08-31,2026-11-29,5000,0,2500,2500,0,04025,Active,
5557,13219,1,2044,15,6 months,2026-08-31,2026-08-31,2027-02-27,10400,0,10400,0,0,F04024,Active,
5555,22550,1,2042,8,1 month,2026-08-31,2026-09-01,2026-10-01,2200,0,2200,0,0,04022,Active,
5554,22307,1,2041,15,6 months,2026-08-31,2026-09-05,2027-03-04,10400,0,10400,0,0,004019,Active,
5553,20630,1,1895,8,1 month,2026-08-31,2026-08-31,2026-09-30,3000,0,3000,0,0,04017,Active,
5552,22545,1,2040,12,3 Months,2026-08-31,2026-09-01,2026-11-30,5000,0,5000,0,0,004015,Active,
5551,5297,1,1388,12,3 Months,2026-08-31,2026-08-31,2026-11-29,5000,0,2500,2500,0,004012,Active,
5550,17754,1,LEG-5550,12,3 Months,2026-08-31,2026-08-31,2026-11-29,5000,0,5000,0,0,04013,Active,
5549,10647,1,921,30,12 sessions,2026-08-31,2026-09-01,2026-10-13,2100,0,2100,0,0,04010,Active,
5548,22544,1,2039,12,3 Months,2026-08-30,2026-09-15,2026-12-14,5000,0,5000,0,0,004009,Postponed,
5547,5833,1,435,32,20 sessions,2026-08-30,2026-08-30,2026-11-08,3000,0,3000,0,0,04005,Active,
5546,22529,1,2038,17,annual membership,2026-08-30,2026-09-05,2027-09-05,14900,0,14900,0,0,004004,Active,
5545,6984,1,568,17,annual membership,2026-08-30,2026-08-30,2027-08-30,10800,0,10800,0,0,004003,Active,
5544,6989,1,571,17,annual membership,2026-08-30,2026-08-30,2027-08-30,10800,0,10800,0,0,004002,Active,
5543,1515,1,569,17,annual membership,2026-08-30,2026-09-19,2027-09-19,10800,0,10800,0,0,004001,Postponed,
5542,7532,1,627,12,3 Months,2026-08-30,2026-09-01,2026-11-30,5000,0,5000,0,0,4000,Active,
5541,22491,1,2037,15,6 months,2026-08-30,2026-10-01,2027-03-30,8800,0,8800,0,0,003999,Postponed,
5540,16707,1,1408,20,Morning membership 6am - 1 pm,2026-08-30,2026-09-23,2027-09-23,8500,0,8500,0,0,003998,Postponed,
5539,13385,1,1163,29,8 sessions,2026-08-30,2026-08-30,2026-10-04,1600,0,1600,0,0,003996,Active,
5538,19070,1,1733,39,youth program 20 sessions,2026-08-29,2026-08-30,2026-11-08,2200,0,2200,0,0,003995,Active,
5537,12753,1,1089,32,20 sessions,2026-08-29,2026-11-07,2027-01-16,3000,0,3000,0,0,003993,Postponed,
5536,12753,1,LEG-5536,32,20 sessions,2026-08-29,2026-08-29,2026-11-07,3000,0,3000,0,0,03992,Active,
5535,11656,1,993,12,3 Months,2026-08-29,2026-08-29,2026-11-27,5000,0,5000,0,0,003991,Active,
5534,9772,1,1013,12,3 Months,2026-08-29,2026-08-29,2026-11-27,5000,0,5000,0,0,003989,Active,
5533,22531,1,2036,12,3 Months,2026-08-29,2026-08-29,2026-11-27,5000,0,5000,0,0,F03988,Active,
5532,3898,1,356,29,8 sessions,2026-08-29,2026-08-29,2026-10-03,1600,0,1600,0,0,003987,Active,
5531,11170,1,2035,12,3 Months,2026-08-29,2026-08-29,2026-11-27,5000,0,5000,0,0,03986,Active,
5530,2952,1,95,17,annual membership,2026-08-29,2026-09-01,2027-09-01,12800,0,12800,0,0,003686,Active,
5529,10981,1,1323,12,3 Months,2026-08-29,2026-08-29,2026-11-27,6500,0,6500,0,0,003985,Active,
5528,22523,1,LEG-5528,12,3 Months,2026-08-29,2026-08-30,2026-11-28,5000,0,5000,0,0,003984,Active,
5527,11090,1,2033,12,3 Months,2026-08-29,2026-08-30,2026-11-28,5000,0,5000,0,0,003983,Active,
5526,22522,1,2032,12,3 Months,2026-08-29,2026-08-30,2026-11-28,6500,0,5000,1500,1500,003982,Active,
5525,22519,1,2031,12,3 Months,2026-08-29,2026-08-30,2026-11-28,6500,0,5000,1500,1500,003981,Active,
5524,6529,1,2030,39,youth program 20 sessions,2026-08-29,2026-08-28,2026-11-06,3000,0,3000,0,0,003978,Active,
5523,22408,1,2029,17,annual membership,2026-08-28,2026-09-22,2027-09-22,14900,0,14900,0,0,003977,Postponed,
5522,22505,1,2028,12,3 Months,2026-08-28,2026-09-05,2026-12-04,5000,0,5000,0,0,0003974,Active,
5521,15004,1,2027,15,6 months,2026-08-28,2026-09-05,2027-03-04,10400,0,10400,0,0,003971,Active,
5520,22304,1,2026,15,6 months,2026-08-27,2026-08-29,2027-02-25,8800,0,8800,0,0,003970,Active,
5519,7417,1,2025,12,3 Months,2026-08-27,2026-10-01,2026-12-30,6500,0,6500,0,0,03969,Postponed,
5518,22494,1,2024,12,3 Months,2026-08-27,2026-08-29,2026-11-27,6500,0,6500,0,0,03967,Active,
5517,3010,1,240,17,annual membership,2026-08-27,2026-08-21,2027-08-21,12800,0,3000,9800,0,03677,Active,
5516,22456,1,2023,12,3 Months,2026-08-27,2026-10-15,2027-01-13,5000,0,5000,0,0,03966,Postponed,
5515,20680,1,2022,12,3 Months,2026-08-27,2026-08-28,2026-11-26,6500,0,6500,0,0,003965,Active,
5514,22355,1,2010,39,youth program 20 sessions,2026-08-27,2026-08-27,2026-11-05,3000,0,3000,0,0,003916,Active,
5513,15768,1,1309,15,6 months,2026-08-26,2026-08-26,2027-02-22,8800,0,4000,4800,0,003963,Active,
5512,7528,1,622,12,3 Months,2026-08-26,2026-08-26,2026-11-24,5000,0,5000,0,0,003962,Active,
5511,6501,1,531,32,20 sessions,2026-08-26,2026-08-26,2026-11-04,3000,0,3000,0,0,03958,Active,
5510,2869,1,584,30,12 sessions,2026-08-26,2026-08-26,2026-10-07,2100,0,2100,0,0,003961,Active,
5509,12855,1,1099,12,3 Months,2026-08-26,2026-08-26,2026-12-01,5000,0,5000,0,0,03957,Freezed,
5508,22472,1,2021,32,20 sessions,2026-08-26,2026-08-27,2026-11-05,3000,0,3000,0,0,003954,Active,
5507,22472,1,LEG-5507,15,6 months,2026-08-26,2026-08-27,2027-02-23,10800,0,10800,0,0,03954,Active,
5506,18894,1,1686,38,youth program 10 sessions,2026-08-26,2026-08-26,2026-10-07,2000,0,2000,0,0,03951,Active,
5505,2194,1,LEG-5505,32,20 sessions,2026-08-26,2026-08-26,2026-11-04,2700,0,2700,0,0,003950,Active,
5504,18987,1,2011,32,20 sessions,2026-08-25,2026-08-25,2026-11-03,2500,0,2500,0,0,03946,Active,
5503,22462,1,2020,39,youth program 20 sessions,2026-08-25,2026-08-25,2026-11-03,3000,0,3000,0,0,03947,Active,
5502,7782,1,1670,32,20 sessions,2026-08-24,2026-08-24,2026-11-02,3000,0,3000,0,0,03944,Active,
5501,6324,1,2019,12,3 Months,2026-08-24,2026-08-24,2026-11-22,5000,0,5000,0,0,03942,Active,
5500,14459,1,1232,32,20 sessions,2026-08-24,2026-09-02,2026-11-11,3000,0,3000,0,0,003941,Active,
5499,11722,1,1056,32,20 sessions,2026-08-24,2026-08-24,2026-11-02,3000,0,3000,0,0,003940,Active,
5498,22450,1,2018,39,youth program 20 sessions,2026-08-24,2026-08-24,2026-11-02,3000,0,3000,0,0,03939,Active,
5497,6916,1,575,32,20 sessions,2026-08-24,2026-08-24,2026-11-02,3000,0,3000,0,0,003938,Active,
5496,6916,1,LEG-5496,15,6 months,2026-08-24,2026-09-01,2027-02-28,8800,0,6500,2300,0,03938,Active,
5495,22319,1,2003,32,20 sessions,2026-08-24,2026-08-24,2026-11-02,3000,0,3000,0,0,003937,Active,
5494,16899,1,1415,32,20 sessions,2026-08-24,2026-08-24,2026-11-02,3000,0,2100,900,300,003936,Active,
5493,4696,1,313,12,3 Months,2026-08-24,2026-08-24,2026-11-22,5000,0,5000,0,0,003935,Active,
5492,20510,1,1861,28,4 sessions,2026-08-24,2026-08-25,2026-09-22,1000,0,1000,0,0,,Active,
5491,3277,1,116,12,3 Months,2026-08-23,2026-08-23,2026-11-21,6500,0,6500,0,0,03931,Active,
5490,18445,1,1630,28,4 sessions,2026-08-23,2026-08-23,2026-09-20,1000,0,1000,0,0,03930,Active,
5489,8797,1,LEG-5489,12,3 Months,2026-08-23,2026-08-24,2026-11-22,5000,0,1000,4000,0,003928,Active,
5488,16272,1,2017,12,3 Months,2026-08-23,2026-08-23,2026-11-21,5000,0,5000,0,0,003927,Active,
5485,12518,1,1763,32,20 sessions,2026-08-23,2026-08-23,2026-11-01,3000,0,3000,0,0,003923,Active,
5484,17334,1,1465,36,head coach 20 sessions,2026-08-23,2026-08-23,2026-11-01,3600,0,3600,0,0,003922,Active,
5483,22407,1,2006,29,8 sessions,2026-08-23,2026-08-23,2026-09-27,1600,0,1600,0,0,003921,Active,
5482,22426,1,2015,17,annual membership,2026-08-23,2026-08-23,2027-08-23,12800,0,5000,7800,0,03920,Active,
5481,19406,1,2014,12,3 Months,2026-08-23,2026-08-23,2026-11-21,6500,0,6500,0,0,03919,Active,
5480,22380,1,2013,30,12 sessions,2026-08-22,2026-08-23,2026-10-04,2100,0,2100,0,0,003914,Active,
5479,22380,1,LEG-5479,17,annual membership,2026-08-22,2026-08-23,2027-08-23,12800,0,12800,0,0,03913,Active,
5478,11879,1,2012,17,annual membership,2026-08-22,2026-08-22,2027-08-22,12800,0,5000,7800,0,03917,Active,
5477,20457,1,1852,32,20 sessions,2026-08-22,2026-08-22,2026-10-31,3000,0,3000,0,0,3883,Active,
5476,18987,1,LEG-5476,12,3 Months,2026-08-22,2026-08-22,2026-11-20,5000,0,5000,0,0,03915,Active,
5474,22406,1,2005,28,4 sessions,2026-08-22,2026-08-22,2026-09-19,1000,0,1000,0,0,,Active,
5473,14142,1,1206,32,20 sessions,2026-08-22,2026-08-22,2026-10-31,3000,0,3000,0,0,03909,Active,
5472,14142,1,LEG-5472,17,annual membership,2026-08-22,2026-08-22,2027-08-22,14900,0,14900,0,0,03908,Active,
5471,6474,1,530,32,20 sessions,2026-08-22,2026-08-22,2026-10-31,3000,0,3000,0,0,03905,Active,
5470,15467,1,1286,39,youth program 20 sessions,2026-08-21,2026-08-21,2026-10-30,3000,0,3000,0,0,003902,Active,
5468,20488,1,1857,29,8 sessions,2026-08-21,2026-08-21,2026-09-25,1600,0,1600,0,0,003900,Active,
5467,22399,1,2008,12,3 Months,2026-08-21,2026-08-21,2026-11-26,5000,0,5000,0,0,03899,Freezed,
5466,22383,1,2007,12,3 Months,2026-08-20,2026-08-20,2026-11-18,5000,0,5000,0,0,03897,Active,
5465,7838,1,706,32,20 sessions,2026-08-20,2026-08-20,2026-10-29,3000,0,3000,0,0,03896,Active,
5464,22407,1,LEG-5464,12,3 Months,2026-08-20,2026-08-20,2026-11-18,5000,0,5000,0,0,03893,Active,
5461,19028,1,2004,17,annual membership,2026-08-20,2026-08-20,2027-08-20,14900,0,14900,0,0,003890,Active,
5460,7767,1,648,17,annual membership,2026-08-20,2026-08-20,2027-08-20,14900,0,14900,0,0,03889,Active,
5459,22206,1,1983,29,8 sessions,2026-08-20,2026-08-20,2026-09-24,1600,0,1600,0,0,003888,Active,
5458,3971,1,218,32,20 sessions,2026-08-19,2026-08-19,2026-10-28,3000,0,3000,0,0,3884,Active,
5457,20426,1,1867,29,8 sessions,2026-08-19,2026-08-19,2026-09-23,1600,0,1600,0,0,3881,Active,
5456,22319,1,LEG-5456,17,annual membership,2026-08-19,2026-08-22,2027-08-22,14900,0,14900,0,0,003879,Active,
5455,2887,1,91,15,6 months,2026-08-19,2026-08-28,2027-02-24,8800,0,8800,0,0,03877,Active,
5454,22156,1,1982,29,8 sessions,2026-08-19,2026-08-19,2026-09-23,1600,0,1600,0,0,0003876,Active,
5453,11308,1,962,29,8 sessions,2026-08-19,2026-08-19,2026-09-23,1600,0,1600,0,0,003875,Active,
5452,5809,1,1623,17,annual membership,2026-08-18,2026-08-18,2027-08-18,12800,0,12800,0,0,03872,Active,
5451,18408,1,1606,12,3 Months,2026-08-18,2026-08-19,2026-11-17,5000,0,5000,0,0,03871,Active,
5450,11294,1,1096,39,youth program 20 sessions,2026-08-17,2026-08-17,2026-10-26,3000,0,3000,0,0,03866,Active,
5449,22362,1,2002,38,youth program 10 sessions,2026-08-17,2026-08-17,2026-09-28,2000,0,2000,0,0,03865,Active,
5448,19019,1,1717,32,20 sessions,2026-08-17,2026-08-16,2026-10-25,3000,0,3000,0,0,03861,Active,
5447,22359,1,2001,15,6 months,2026-08-17,2026-08-17,2027-02-13,8500,0,5000,3500,0,003862,Active,
5446,18807,1,1669,39,youth program 20 sessions,2026-08-17,2026-08-17,2026-10-26,3000,0,3000,0,0,0845,Active,
5444,22358,1,1999,20,Morning membership 6am - 1 pm,2026-08-17,2026-09-10,2027-09-10,8500,0,8500,0,0,03859,Postponed,
5442,9882,1,842,17,annual membership,2026-08-17,2026-08-17,2027-08-17,12800,0,2000,10800,0,3756,Active,
5441,4565,1,426,32,20 sessions,2026-08-17,2026-08-17,2026-10-26,3000,0,3000,0,0,03856,Active,
5440,22088,1,1998,12,3 Months,2026-08-17,2026-08-18,2026-11-16,6500,0,6500,0,0,03855,Active,
5439,12229,1,1033,32,20 sessions,2026-08-17,2026-08-17,2026-10-26,3000,0,3000,0,0,003854,Active,
5438,18698,1,1796,32,20 sessions,2026-08-17,2026-08-17,2026-10-26,3000,0,3000,0,0,003853,Active,
5437,20510,1,LEG-5437,8,1 month,2026-08-17,2026-08-17,2026-09-16,2200,0,2200,0,0,03851,Active,
5436,12742,1,1143,32,20 sessions,2026-08-16,2026-08-16,2026-10-25,3000,0,3000,0,0,3580,Active,
5435,22349,1,1997,8,1 month,2026-08-16,2026-08-27,2026-09-26,2200,0,2200,0,0,03848,Active,
5434,17845,1,1996,15,6 months,2026-08-16,2026-09-07,2027-03-06,8800,0,2800,6000,6000,003847,Active,
5433,7001,1,615,32,20 sessions,2026-08-16,2026-08-17,2026-10-26,3000,0,3000,0,0,003846,Active,
5432,17869,1,1518,12,3 Months,2026-08-16,2026-08-17,2026-11-15,5000,0,5000,0,0,003843,Active,
5431,13215,1,1598,32,20 sessions,2026-08-16,2026-08-16,2026-10-25,3000,0,3000,0,0,003841,Active,
5430,14953,1,1277,31,16 sessions,2026-08-16,2026-08-16,2026-10-11,2560,0,2560,0,0,003840,Active,
5429,22227,1,1995,12,3 Months,2026-08-16,2026-08-23,2026-11-21,5000,0,5000,0,0,03838,Active,
5428,6548,1,555,20,Morning membership 6am - 1 pm,2026-08-16,2026-08-20,2027-08-20,8500,0,8500,0,0,03837,Active,
5427,10584,1,906,20,Morning membership 6am - 1 pm,2026-08-16,2026-09-20,2027-09-20,8500,0,8500,0,0,03836,Postponed,
5426,2088,1,257,32,20 sessions,2026-08-15,2026-08-15,2026-10-24,1500,0,1500,0,0,003832,Active,
5425,22315,1,1994,17,annual membership,2026-08-15,2026-09-01,2027-09-01,12800,0,12800,0,0,03831,Active,
5424,22197,1,1993,8,1 month,2026-08-15,2026-08-15,2026-09-14,2200,0,2200,0,0,003826,Active,
5423,4353,1,1992,12,3 Months,2026-08-15,2026-09-04,2026-12-03,5000,0,5000,0,0,03825,Active,
5422,19302,1,1991,12,3 Months,2026-08-15,2026-08-15,2026-11-18,5000,0,5000,0,0,003823,Active,
5421,4155,1,1245,28,4 sessions,2026-08-15,2026-08-15,2026-09-12,1000,0,1000,0,0,,Active,
5420,7554,1,623,12,3 Months,2026-08-15,2026-08-15,2026-11-13,5000,0,5000,0,0,03821,Active,
5419,7800,1,1241,32,20 sessions,2026-08-15,2026-08-15,2026-10-24,3000,0,3000,0,0,03819,Active,
5418,15634,1,1292,12,3 Months,2026-08-14,2026-08-14,2026-11-12,5000,0,2500,2500,2500,03818,Active,
5417,22198,1,1990,8,1 month,2026-08-14,2026-08-15,2026-09-14,2200,0,2200,0,0,03817,Active,
5416,6027,1,465,31,16 sessions,2026-08-14,2026-08-14,2026-10-09,2560,0,2560,0,0,03816,Active,
5415,18091,1,1579,12,3 Months,2026-08-14,2026-08-14,2026-11-19,5000,0,5000,0,0,003815,Active,
5414,22282,1,1989,12,3 Months,2026-08-14,2026-08-14,2026-11-12,5000,0,5000,0,0,03814,Active,
5413,22286,1,1988,8,1 month,2026-08-14,2026-08-14,2026-09-13,2200,0,2200,0,0,03812,Active,
5412,22285,1,1987,8,1 month,2026-08-14,2026-08-14,2026-09-13,2200,0,2200,0,0,03811,Active,
5409,22272,1,1985,12,3 Months,2026-08-13,2026-08-13,2026-11-11,5000,0,5000,0,0,03807,Active,
5408,22157,1,1984,8,1 month,2026-08-13,2026-08-16,2026-09-15,3000,0,3000,0,0,03806,Active,
5407,22206,1,LEG-5407,8,1 month,2026-08-13,2026-08-16,2026-09-15,3000,0,3000,0,0,003805,Active,
5406,22156,1,LEG-5406,8,1 month,2026-08-13,2026-08-16,2026-09-15,3000,0,3000,0,0,03804,Active,
5405,22213,1,1973,32,20 sessions,2026-08-13,2026-08-13,2026-10-22,3000,0,3000,0,0,03803,Active,
5404,22235,1,1981,12,3 Months,2026-08-13,2026-08-14,2026-11-12,5000,0,5000,0,0,03798,Active,
5403,19060,1,1726,39,youth program 20 sessions,2026-08-13,2026-08-13,2026-10-22,3000,0,3000,0,0,03795,Active,
5402,851,1,399,32,20 sessions,2026-08-13,2026-08-13,2026-10-22,3000,0,3000,0,0,03792,Active,
5401,22201,1,1979,12,3 Months,2026-08-12,2026-08-12,2026-11-10,5000,0,5000,0,0,03790,Active,
5400,22245,1,1977,8,1 month,2026-08-12,2026-08-12,2026-09-11,2200,0,2200,0,0,3782,Active,
5399,22200,1,1978,12,3 Months,2026-08-12,2026-08-12,2026-11-10,5000,0,5000,0,0,03789,Active,
5398,13215,1,LEG-5398,12,3 Months,2026-08-12,2026-08-12,2026-11-10,5000,0,5000,0,0,003785,Active,
5397,22242,1,1976,8,1 month,2026-08-12,2026-08-13,2026-09-12,3000,0,3000,0,0,03781,Active,
5396,22144,1,1975,12,3 Months,2026-08-12,2026-08-19,2026-11-17,5000,0,3000,2000,0,03780,Active,
5395,22137,1,1974,12,3 Months,2026-08-12,2026-08-19,2026-11-17,5000,0,5000,0,0,03779,Active,
5394,22213,1,LEG-5394,12,3 Months,2026-08-12,2026-08-12,2026-11-10,5000,0,5000,0,0,003778,Active,
5393,22196,1,1972,12,3 Months,2026-08-12,2026-08-12,2026-11-10,5000,0,5000,0,0,03777,Active,
5392,18070,1,1567,12,3 Months,2026-08-12,2026-08-18,2026-11-16,5000,0,1000,4000,4000,03773,Active,
5391,12510,1,1145,15,6 months,2026-08-12,2026-08-20,2027-02-16,8800,0,1000,7800,7800,03772,Active,
5390,21982,1,1971,39,youth program 20 sessions,2026-08-12,2026-08-12,2026-10-21,3000,0,3000,0,0,03768,Active,
5389,3347,1,1970,20,Morning membership 6am - 1 pm,2026-08-12,2026-08-12,2027-08-12,8500,0,5000,3500,0,03765,Active,
5388,20510,1,LEG-5388,28,4 sessions,2026-08-12,2026-08-12,2026-09-09,1000,0,1000,0,0,,Expired,
5387,22106,1,1969,12,3 Months,2026-08-12,2026-08-12,2026-11-10,5000,0,5000,0,0,03763,Active,
5386,6453,1,1259,17,annual membership,2026-08-11,2027-08-30,2028-08-29,12800,0,3000,9800,9800,003760,Postponed,
5385,22216,1,1968,17,annual membership,2026-08-11,2026-08-11,2027-08-11,12800,0,12800,0,0,03759,Cancelled,@Cancelled
5384,9082,1,747,30,12 sessions,2026-08-11,2026-08-11,2026-09-22,2100,0,2100,0,0,03753,Active,
5383,22199,1,1967,8,1 month,2026-08-11,2026-08-11,2026-09-10,3000,0,3000,0,0,03752,Active,
5382,15352,1,1664,28,4 sessions,2026-08-11,2026-08-11,2026-09-08,1600,0,1600,0,0,03749,Active,
5381,9542,1,801,17,annual membership,2026-08-11,2026-08-19,2027-08-19,14000,0,14000,0,0,03750,Active,
5380,22195,1,1966,8,1 month,2026-08-11,2026-08-11,2026-09-10,2200,0,2200,0,0,003748,Active,
5378,22131,1,1958,32,20 sessions,2026-08-11,2026-08-11,2026-10-20,3000,0,3000,0,0,003744,Active,
5377,15142,1,1276,32,20 sessions,2026-08-11,2026-08-11,2026-10-20,3000,0,3000,0,0,03743,Active,
5376,22160,1,1964,39,youth program 20 sessions,2026-08-10,2026-08-11,2026-10-20,2500,0,2500,0,0,003741,Active,
5374,17511,1,1495,12,3 Months,2026-08-10,2026-08-11,2026-11-16,5000,0,5000,0,0,03740,Freezed,
5373,16976,1,1752,32,20 sessions,2026-08-10,2026-08-10,2026-10-19,3000,0,3000,0,0,03735,Active,
5372,22055,1,1962,39,youth program 20 sessions,2026-08-10,2026-08-11,2026-10-20,3000,0,3000,0,0,03736,Active,
5371,22115,1,1961,12,3 Months,2026-08-10,2026-08-10,2026-11-08,5000,0,5000,0,0,003730,Active,
5370,22113,1,1960,12,3 Months,2026-08-10,2026-08-10,2026-11-08,5000,0,5000,0,0,03729,Active,
5368,15861,1,1312,32,20 sessions,2026-08-10,2026-08-10,2026-10-19,3000,0,2560,440,0,03727,Active,
5367,11466,1,1505,12,3 Months,2026-08-09,2026-08-09,2026-11-07,5000,0,5000,0,0,03724,Active,
5366,7832,1,642,12,3 Months,2026-08-09,2026-08-09,2026-11-07,6500,0,6500,0,0,03723,Active,
5365,22131,1,LEG-5365,20,Morning membership 6am - 1 pm,2026-08-09,2026-08-09,2027-08-09,8500,0,5000,3500,0,03722,Active,
5364,18468,1,1957,12,3 Months,2026-08-09,2026-08-09,2026-11-07,5000,0,5000,0,0,003720,Active,
5363,6877,1,1785,32,20 sessions,2026-08-09,2026-08-09,2026-10-18,3000,0,2100,900,0,03179,Active,
5362,22092,1,1956,12,3 Months,2026-08-09,2026-08-10,2026-11-08,5000,0,5000,0,0,03716,Active,
5361,14414,1,1215,20,Morning membership 6am - 1 pm,2026-08-09,2026-10-01,2027-10-01,8500,0,8500,0,0,03713,Postponed,
5360,22084,1,1955,8,1 month,2026-08-08,2026-08-08,2026-09-07,2200,800,1000,400,1200,3704,Expired,
5359,2732,1,81,32,20 sessions,2026-08-08,2026-08-08,2026-10-17,3000,0,3000,0,0,3710,Active,
5358,18858,1,1682,38,youth program 10 sessions,2026-08-08,2026-08-08,2026-09-19,2000,0,2000,0,0,3u06,Active,
5357,22028,1,1954,12,3 Months,2026-08-08,2026-08-08,2026-11-06,5000,0,5000,0,0,03700,Active,
5356,12016,1,1015,45,Nutrition 12 sessions,2026-08-08,2026-08-08,2026-12-06,2250,0,2250,0,0,,Active,
5355,22050,1,1953,12,3 Months,2026-08-07,2026-08-07,2026-11-05,5000,0,5000,0,0,03691,Active,
5354,4632,1,1952,17,annual membership,2026-08-07,2026-08-07,2027-08-07,12800,0,12800,0,0,03690,Active,
5353,22031,1,1951,8,1 month,2026-08-07,2026-08-07,2026-09-06,2200,0,2200,0,0,03689,Expired,
5352,21927,1,1950,12,3 Months,2026-08-07,2026-08-07,2026-11-05,5000,0,5000,0,0,03688,Active,
5351,22021,1,1949,17,annual membership,2026-08-07,2026-08-07,2027-08-07,12800,0,12800,0,0,03684,Active,
5350,2346,1,1822,8,1 month,2026-08-06,2026-08-08,2026-09-07,2200,0,200,2000,0,03681,Expired,
5349,16425,1,1371,31,16 sessions,2026-08-06,2026-08-06,2026-10-01,2560,0,2560,0,0,3679,Active,
5348,20581,1,1948,12,3 Months,2026-08-06,2026-08-06,2026-11-04,5000,0,5000,0,0,0003671,Active,
5347,9357,1,1947,32,20 sessions,2026-08-05,2026-08-05,2026-10-14,2500,0,2500,0,0,003670,Active,
5346,9357,1,LEG-5346,17,annual membership,2026-08-05,2026-08-05,2027-08-05,12800,0,5000,7800,0,003671,Active,
5345,10215,1,898,33,40 sessions,2026-08-05,2026-07-23,2026-11-26,4000,0,4000,0,0,003471,Active,
5344,18920,1,1918,32,20 sessions,2026-08-05,2026-08-05,2026-10-14,2500,0,2500,0,0,003669,Active,
5343,22012,1,1946,8,1 month,2026-08-05,2026-08-05,2026-09-04,3000,0,3000,0,0,03668,Expired,
5342,21935,1,1945,12,3 Months,2026-08-05,2026-08-17,2026-11-15,5000,0,5000,0,0,003667,Active,
5341,9371,1,1944,12,3 Months,2026-08-05,2026-08-17,2026-11-15,5000,0,5000,0,0,003666,Active,
5340,6174,1,474,32,20 sessions,2026-08-05,2026-08-05,2026-10-14,3000,0,3000,0,0,03665,Active,
5339,6174,1,LEG-5339,12,3 Months,2026-08-05,2026-08-05,2026-11-03,5000,0,5000,0,0,003665,Active,
5338,6024,1,458,18,Annual family membership,2026-08-05,2026-08-05,2027-08-05,11800,0,2500,9300,9300,003663,Active,
5337,6078,1,459,18,Annual family membership,2026-08-05,2026-08-08,2027-08-08,11800,0,2500,9300,9300,003664,Active,
5336,6079,1,460,18,Annual family membership,2026-08-05,2026-08-05,2027-08-05,11800,0,5000,6800,6800,003662,Active,
5335,16172,1,1943,36,head coach 20 sessions,2026-08-04,2026-08-04,2026-10-13,3000,0,3000,0,0,03657,Active,
5334,16172,1,LEG-5334,12,3 Months,2026-08-04,2026-08-04,2026-11-11,5000,0,5000,0,0,003657,Active,
5333,16232,1,1346,17,annual membership,2026-08-04,2026-09-20,2027-09-20,12800,0,12800,0,0,003658,Postponed,
5332,21929,1,1942,36,head coach 20 sessions,2026-08-04,2026-08-04,2026-10-13,3000,0,3000,0,0,0003656,Active,
5331,21929,1,LEG-5331,12,3 Months,2026-08-04,2026-08-04,2026-11-11,5000,0,5000,0,0,003656,Active,
5330,1788,1,483,45,Nutrition 12 sessions,2026-08-04,2026-08-04,2026-12-02,1920,0,1920,0,0,,Active,
5329,21782,1,1941,15,6 months,2026-08-04,2026-08-04,2027-02-06,8800,0,5000,3800,0,003654,Active,
5328,3380,1,1566,12,3 Months,2026-08-04,2026-08-04,2026-11-02,5000,0,5000,0,0,003651,Active,
5327,21932,1,1940,8,1 month,2026-08-04,2026-08-04,2026-09-03,2200,0,2200,0,0,003645,Expired,
5325,15727,1,1299,15,6 months,2026-08-03,2026-08-03,2027-01-30,8800,0,8800,0,0,003643,Active,
5324,19070,1,LEG-5324,39,youth program 20 sessions,2026-08-03,2026-08-10,2026-10-19,3000,0,1500,1500,1500,003640,Expired,
5323,15473,1,1285,32,20 sessions,2026-08-03,2026-08-03,2026-10-12,3000,0,3000,0,0,03637,Active,
5322,8464,1,1939,12,3 Months,2026-08-03,2026-08-03,2026-11-01,0,0,0,0,0,000000nf,Active,
5321,8335,1,855,30,12 sessions,2026-08-03,2026-08-03,2026-09-14,2100,0,2100,0,0,003634,Active,
5320,5254,1,1231,32,20 sessions,2026-08-03,2026-08-03,2026-10-12,3000,0,3000,0,0,003633,Active,
5319,17903,1,1529,12,3 Months,2026-08-03,2026-08-03,2026-11-01,5000,0,5000,0,0,003630,Active,
5318,13971,1,1339,12,3 Months,2026-08-03,2026-08-04,2026-11-02,5000,0,5000,0,0,03628,Active,
5317,3809,1,162,15,6 months,2026-08-03,2026-08-09,2027-02-05,8800,0,8800,0,0,003626,Active,
5316,21887,1,1938,12,3 Months,2026-08-02,2026-08-02,2026-10-31,5000,0,5000,0,0,03623,Active,
5315,21930,1,1937,8,1 month,2026-08-02,2026-08-02,2026-09-01,2200,0,2200,0,0,03622,Expired,
5314,12831,1,1765,32,20 sessions,2026-08-02,2026-08-02,2026-10-11,3000,0,3000,0,0,003621,Active,
5313,10945,1,1071,15,6 months,2026-08-02,2026-08-21,2027-02-17,8800,0,2000,6800,2800,003614,Active,
5312,14490,1,1225,17,annual membership,2026-08-02,2026-08-02,2027-08-02,12800,0,12800,0,0,03624,Active,
5311,4070,1,245,32,20 sessions,2026-08-02,2026-08-02,2026-10-11,2000,0,2000,0,0,03620,Active,
5309,11532,1,1480,12,3 Months,2026-08-02,2026-08-02,2026-11-10,5000,0,2500,2500,0,03618,Active,
5308,17670,1,1494,12,3 Months,2026-08-01,2026-07-20,2026-10-18,6500,0,6500,0,0,003608,Active,
5307,8883,1,724,17,annual membership,2026-08-01,2026-08-01,2027-08-13,12800,0,12800,0,0,003611,Active,
5306,21883,1,1936,22,annual monglish offer,2026-08-01,2026-08-03,2027-08-03,8500,0,5000,3500,0,03610,Active,
5304,3995,1,319,17,annual membership,2026-08-01,2026-08-01,2027-08-01,12800,0,8800,4000,0,03606,Active,
5303,14463,1,1226,17,annual membership,2026-08-01,2026-08-01,2027-08-01,12800,0,12800,0,0,03605,Active,
5302,18070,1,LEG-5302,32,20 sessions,2026-08-01,2026-08-01,2026-10-10,3000,0,3000,0,0,03603,Active,
5301,21891,1,1935,12,3 Months,2026-08-01,2026-08-01,2026-10-30,5000,0,5000,0,0,003602,Active,
5300,3384,1,1934,12,3 Months,2026-08-01,2026-08-01,2026-10-30,5000,0,5000,0,0,03601,Active,
5299,17680,1,LEG-5299,29,8 sessions,2026-08-01,2026-08-01,2026-09-05,1600,0,1600,0,0,003600,Expired,
5298,21879,1,1933,12,3 Months,2026-08-01,2026-10-01,2026-12-30,5000,0,5000,0,0,003599,Postponed,
5296,18803,1,1931,8,1 month,2026-07-31,2026-09-15,2026-10-15,2200,0,2200,0,0,03595,Postponed,
5294,21847,1,1930,8,1 month,2026-07-31,2026-07-31,2026-08-30,3000,0,3000,0,0,003594,Expired,
5293,21846,1,1929,8,1 month,2026-07-31,2026-07-31,2026-08-30,2200,0,2200,0,0,0003592,Expired,
5292,4070,1,LEG-5292,17,annual membership,2026-07-30,2026-07-30,2027-07-30,7000,0,7000,0,0,003590,Active,
5291,21832,1,1928,8,1 month,2026-07-30,2026-08-06,2026-09-05,2200,0,2200,0,0,03588,Expired,
5290,20726,1,1927,8,1 month,2026-07-30,2026-07-30,2026-08-29,2200,0,2200,0,0,03587,Expired,
5289,21771,1,1926,12,3 Months,2026-07-30,2026-07-30,2026-10-28,5000,0,5000,0,0,003586,Active,
5288,3756,1,136,32,20 sessions,2026-07-30,2026-07-30,2026-10-08,2500,0,2500,0,0,003585,Active,
5287,2562,1,1925,17,annual membership,2026-07-30,2026-07-30,2027-07-30,12800,0,12800,0,0,003584,Active,
5286,10095,1,1624,32,20 sessions,2026-07-30,2026-07-30,2026-10-08,2500,0,2500,0,0,003583,Active,
5285,10095,1,LEG-5285,12,3 Months,2026-07-30,2026-08-31,2026-11-29,5000,0,5000,0,0,03583,Active,
5284,3543,1,1266,32,20 sessions,2026-07-30,2026-07-30,2026-10-08,2500,0,2300,200,0,003581,Active,
5283,10432,1,1924,12,3 Months,2026-07-30,2026-07-30,2026-10-28,6500,0,6500,0,0,003577,Active,
5282,6241,1,513,33,40 sessions,2026-07-30,2026-08-30,2027-01-03,4400,0,4400,0,0,3579,Active,
5281,15486,1,1288,33,40 sessions,2026-07-30,2026-08-01,2026-12-05,4400,0,4400,0,0,003574,Active,
5280,17634,1,1506,8,1 month,2026-07-30,2026-08-28,2026-09-27,2200,0,2200,0,0,03573,Active,
5279,17718,1,1503,33,40 sessions,2026-07-30,2026-08-29,2027-01-02,4400,0,4400,0,0,003571,Active,
5278,6153,1,LEG-5278,32,20 sessions,2026-07-30,2026-07-29,2026-10-07,2500,0,2500,0,0,03570,Expired,
5277,4298,1,1923,12,3 Months,2026-07-29,2026-07-29,2026-10-27,5000,0,5000,0,0,03569,Active,
5276,3901,1,187,33,40 sessions,2026-07-29,2026-08-15,2026-12-19,4400,0,4400,0,0,03568,Active,
5275,15148,1,1526,17,annual membership,2026-07-29,2026-07-29,2027-07-29,12800,0,12800,0,0,0003565,Active,
5273,9471,1,793,17,annual membership,2026-07-29,2026-08-12,2027-08-12,14000,0,14000,0,0,03564,Active,
5272,18999,1,1734,33,40 sessions,2026-07-29,2026-07-29,2026-12-02,4400,0,4400,0,0,03562,Active,
5270,21768,1,1922,12,3 Months,2026-07-29,2026-07-29,2026-10-27,3750,0,3750,0,0,003560,Active,
5269,12901,1,1108,33,40 sessions,2026-07-29,2026-07-28,2026-12-01,4400,0,4400,0,0,003545,Active,
5268,13214,1,1921,12,3 Months,2026-07-28,2026-07-28,2026-10-26,3750,0,3750,0,0,03559,Active,
5267,8662,1,1600,15,6 months,2026-07-28,2026-08-11,2027-02-07,8800,0,8800,0,0,03557,Active,
5266,5421,1,1920,8,1 month,2026-07-28,2026-07-28,2026-08-17,3000,0,3000,0,0,03556,Transfered,
5265,20658,1,1919,12,3 Months,2026-07-28,2026-07-28,2026-10-26,5000,0,5000,0,0,003555,Active,
5264,6977,1,634,20,Morning membership 6am - 1 pm,2026-07-28,2026-08-15,2027-08-15,8500,0,8500,0,0,03553,Active,
5263,9772,1,LEG-5263,8,1 month,2026-07-28,2026-07-28,2026-08-27,2200,0,2200,0,0,03554,Expired,
5262,4576,1,326,18,Annual family membership,2026-07-28,2026-07-28,2027-07-28,11800,0,11800,0,0,03552,Active,
5261,18920,1,LEG-5261,12,3 Months,2026-07-28,2026-08-02,2026-10-31,5000,0,5000,0,0,03551,Active,
5260,13837,1,1521,33,40 sessions,2026-07-28,2026-07-28,2026-12-01,4400,0,4400,0,0,3550,Active,
5258,13837,1,LEG-5258,12,3 Months,2026-07-28,2026-07-28,2026-10-26,5000,0,5000,0,0,003549,Active,
5257,10007,1,868,17,annual membership,2026-07-28,2026-08-29,2027-08-29,14000,0,14000,0,0,003548,Active,
5256,9801,1,833,17,annual membership,2026-07-28,2026-08-18,2027-08-18,14000,0,14000,0,0,003544,Active,
5255,20736,1,1917,12,3 Months,2026-07-28,2026-07-28,2026-10-26,5000,0,5000,0,0,003543,Active,
5254,9443,1,1591,33,40 sessions,2026-07-28,2026-07-27,2026-11-30,0,0,0,0,0,00100000000,Active,
5253,16937,1,1599,36,head coach 20 sessions,2026-07-27,2026-07-27,2026-10-05,3000,0,3000,0,0,03536,Active,
5252,20728,1,1916,8,1 month,2026-07-27,2026-07-27,2026-08-26,2200,0,2200,0,0,003534,Expired,
5251,20730,1,1915,12,3 Months,2026-07-27,2026-07-27,2026-10-25,5000,0,5000,0,0,03533,Active,
5250,9394,1,1264,32,20 sessions,2026-07-27,2026-07-27,2026-10-05,2500,0,2500,0,0,03528,Active,
5249,18914,1,1694,28,4 sessions,2026-07-27,2026-07-27,2026-08-24,800,0,800,0,0,,Expired,
5248,12916,1,1914,38,youth program 10 sessions,2026-07-27,2026-07-27,2026-09-07,2000,0,2000,0,0,03526,Expired,
5247,20710,1,1913,12,3 Months,2026-07-27,2026-07-27,2026-10-28,5000,0,5000,0,0,03525,Active,
5246,20709,1,1912,12,3 Months,2026-07-27,2026-07-27,2026-11-08,5000,0,5000,0,0,03524,Freezed,
5245,5660,1,455,30,12 sessions,2026-07-27,2026-07-27,2026-09-07,1800,0,1800,0,0,03522,Expired,
5244,15470,1,LEG-5244,38,youth program 10 sessions,2026-07-27,2026-07-27,2026-09-07,2000,0,2000,0,0,03521,Expired,
5243,20720,1,1910,8,1 month,2026-07-27,2026-07-27,2026-08-26,3000,0,3000,0,0,03519,Expired,
5241,20510,1,LEG-5241,28,4 sessions,2026-07-27,2026-07-27,2026-08-24,800,0,800,0,0,,Expired,
5240,20635,1,1909,8,1 month,2026-07-26,2026-07-26,2026-08-25,2000,0,2000,0,0,03517,Expired,
5239,5658,1,433,15,6 months,2026-07-26,2026-07-26,2027-02-05,8800,0,8800,0,0,03516,Freezed,
5237,5833,1,LEG-5237,43,Nutrition 4 sessions,2026-07-26,2026-07-26,2026-09-09,950,0,950,0,0,,Active,
5236,6414,1,1908,17,annual membership,2026-07-26,2026-07-26,2027-07-26,12800,0,12800,0,0,03512,Active,
5235,8809,1,728,32,20 sessions,2026-07-26,2026-07-27,2026-10-05,2500,0,2500,0,0,03510,Active,
5234,20679,1,1907,12,3 Months,2026-07-26,2026-07-26,2026-10-24,5000,0,5000,0,0,03508,Active,
5232,9628,1,813,33,40 sessions,2026-07-25,2026-07-25,2026-11-28,4400,0,4400,0,0,03506,Active,
5231,20700,1,1906,17,annual membership,2026-07-25,2026-07-26,2027-07-26,12800,0,12800,0,0,03055,Active,
5230,19118,1,LEG-5230,31,16 sessions,2026-07-25,2026-07-25,2026-09-19,2200,0,2200,0,0,03504,Expired,
5229,8334,1,674,32,20 sessions,2026-07-25,2026-07-25,2026-10-03,2500,0,2500,0,0,03501,Active,
5228,20691,1,1905,31,16 sessions,2026-07-25,2026-07-25,2026-09-19,2200,0,2200,0,0,003500,Active,
5227,20691,1,LEG-5227,12,3 Months,2026-07-25,2026-07-25,2026-10-23,5000,0,5000,0,0,03500,Active,
5226,20689,1,1904,12,3 Months,2026-07-25,2026-07-25,2026-10-23,5000,0,5000,0,0,3497,Active,
5225,7491,1,607,20,Morning membership 6am - 1 pm,2026-07-25,2026-07-25,2027-07-27,8500,0,8500,0,0,3492,Active,
5224,7288,1,1865,32,20 sessions,2026-07-25,2026-07-25,2026-10-03,2500,0,2500,0,0,03491,Active,
5223,6596,1,LEG-5223,12,3 Months,2026-07-24,2026-07-27,2026-11-01,5000,0,5000,0,0,03483,Active,
5222,20657,1,1902,8,1 month,2026-07-24,2026-07-24,2026-08-23,2200,0,2200,0,0,03479,Expired,
5221,20656,1,1901,8,1 month,2026-07-24,2026-07-24,2026-08-23,2200,0,2200,0,0,03478,Expired,
5219,18184,1,LEG-5219,45,Nutrition 12 sessions,2026-07-24,2026-07-24,2026-11-21,1920,0,1920,0,0,,Active,
5218,17383,1,1474,8,1 month,2026-07-23,2026-08-22,2026-09-21,3000,0,3000,0,0,003475,Active,
5217,20524,1,1899,12,3 Months,2026-07-23,2026-07-24,2026-10-22,5000,0,5000,0,0,03473,Active,
5216,19170,1,1898,12,3 Months,2026-07-23,2026-07-23,2026-11-04,2000,0,2000,0,0,0003474,Active,
5215,10215,1,LEG-5215,17,annual membership,2026-07-23,2026-07-23,2027-07-23,12800,0,12800,0,0,03471,Active,
5214,7561,1,885,30,12 sessions,2026-07-23,2026-09-01,2026-10-13,1800,0,1800,0,0,003099,Active,
5213,17902,1,1530,33,40 sessions,2026-07-23,2026-07-23,2026-11-26,4400,0,4400,0,0,003470,Active,
5212,17902,1,LEG-5212,12,3 Months,2026-07-23,2026-07-27,2026-10-25,5000,0,5000,0,0,03470,Active,
5211,17383,1,LEG-5211,8,1 month,2026-07-23,2026-07-23,2026-08-22,3000,0,3000,0,0,003467,Expired,
5210,5039,1,1512,12,3 Months,2026-07-23,2026-07-23,2026-10-21,5000,0,5000,0,0,03445,Active,
5209,6632,1,537,15,6 months,2026-07-23,2026-07-23,2027-01-19,8800,0,8800,0,0,3465,Active,
5208,16469,1,1463,8,1 month,2026-07-23,2026-07-23,2026-08-22,2200,0,2200,0,0,3461,Expired,
5207,4543,1,320,32,20 sessions,2026-07-22,2026-07-23,2026-10-01,2500,0,2500,0,0,03460,Active,
5206,20650,1,1897,17,annual membership,2026-07-22,2026-07-22,2027-07-22,0,0,0,0,0,000000008f,Active,
5205,20610,1,1896,8,1 month,2026-07-22,2026-07-22,2026-08-21,2200,0,1000,1200,0,03459,Expired,
5204,20630,1,LEG-5204,30,12 sessions,2026-07-22,2026-07-22,2026-09-02,1800,0,1800,0,0,003454,Expired,
5203,20630,1,LEG-5203,8,1 month,2026-07-22,2026-07-22,2026-08-21,2200,0,2200,0,0,03454,Expired,
5202,15632,1,1424,12,3 Months,2026-07-22,2026-07-22,2026-12-03,5000,0,5000,0,0,03443,Freezed,
5201,16277,1,1894,12,3 Months,2026-07-22,2026-07-23,2026-10-21,5000,0,5000,0,0,03450,Cancelled,@Cancelled
5200,20567,1,1893,17,annual membership,2026-07-22,2026-07-26,2027-08-02,12800,0,12800,0,0,03448,Active,
5199,18999,1,LEG-5199,15,6 months,2026-07-22,2026-07-22,2027-01-18,8800,0,8800,0,0,3442,Active,
5198,20631,1,1892,17,annual membership,2026-07-21,2026-07-22,2027-07-22,0,0,0,0,0,000,Active,
5197,18471,1,1891,8,1 month,2026-07-21,2026-07-23,2026-08-22,2200,0,2200,0,0,3436,Expired,
5196,19036,1,1719,8,1 month,2026-07-21,2026-07-21,2026-08-20,2200,0,2200,0,0,3433,Expired,
5195,14150,1,LEG-5195,32,20 sessions,2026-07-21,2026-07-22,2026-09-30,2500,0,2500,0,0,03431,Expired,
5194,4184,1,1890,15,6 months,2026-07-21,2026-07-22,2027-01-18,8800,0,8800,0,0,3432,Active,
5193,20514,1,1889,12,3 Months,2026-07-21,2026-07-21,2026-10-19,5000,0,5000,0,0,03430,Active,
5192,20448,1,1847,33,40 sessions,2026-07-21,2026-07-22,2026-11-25,4400,0,4400,0,0,003427,Active,
5191,20426,1,LEG-5191,43,Nutrition 4 sessions,2026-07-21,2026-07-22,2026-09-05,950,0,950,0,0,,Expired,
5190,20426,1,LEG-5190,31,16 sessions,2026-07-21,2026-07-22,2026-09-16,2200,0,1800,400,0,03423,Expired,
5189,13877,1,1204,8,1 month,2026-07-21,2026-07-21,2026-08-20,2200,0,2200,0,0,03422,Expired,
5188,7205,1,1816,29,8 sessions,2026-07-20,2026-07-20,2026-08-24,1350,0,1350,0,0,03421,Expired,
5187,10880,1,920,12,3 Months,2026-07-20,2026-07-20,2026-11-01,5000,0,3800,1200,0,03420,Active,
5186,20608,1,1888,8,1 month,2026-07-20,2026-07-21,2026-08-20,2200,0,1100,1100,0,03417,Expired,
5185,20607,1,1887,8,1 month,2026-07-20,2026-07-20,2026-08-19,2200,0,1100,1100,0,003416,Expired,
5184,20579,1,1886,17,annual membership,2026-07-20,2026-07-30,2027-07-30,12800,0,12800,0,0,03415,Active,
5183,4336,1,1885,12,3 Months,2026-07-20,2026-07-20,2026-10-18,5000,0,5000,0,0,3409,Active,
5182,10203,1,892,15,6 months,2026-07-20,2026-07-21,2027-01-17,8800,0,8800,0,0,03407,Active,
5181,20429,1,1884,32,20 sessions,2026-07-20,2026-07-23,2026-10-01,2500,0,2500,0,0,03402,Active,
5180,18408,1,LEG-5180,32,20 sessions,2026-07-20,2026-07-20,2026-09-28,2500,0,2500,0,0,03400,Active,
5179,20429,1,LEG-5179,12,3 Months,2026-07-20,2026-07-23,2026-10-21,5000,0,5000,0,0,03401,Active,
5178,17293,1,LEG-5178,32,20 sessions,2026-07-20,2026-07-20,2026-09-28,2500,0,2500,0,0,3397,Expired,
5177,20510,1,LEG-5177,28,4 sessions,2026-07-20,2026-07-20,2026-08-17,800,0,800,0,0,,Expired,
5176,20589,1,1883,12,3 Months,2026-07-19,2026-07-19,2026-10-17,5000,0,5000,0,0,03396,Active,
5175,20591,1,1882,38,youth program 10 sessions,2026-07-19,2026-07-19,2026-08-30,2000,0,2000,0,0,03392,Expired,
5173,4986,1,1880,12,3 Months,2026-07-19,2026-07-19,2026-10-24,5000,0,5000,0,0,03389,Active,
5171,9141,1,843,32,20 sessions,2026-07-19,2026-07-20,2026-09-28,2500,0,2500,0,0,03386,Active,
5170,4565,1,LEG-5170,17,annual membership,2026-07-19,2026-07-19,2027-07-30,12800,0,12800,0,0,03385,Active,
5169,18184,1,LEG-5169,32,20 sessions,2026-07-19,2026-07-20,2026-09-28,2500,0,2500,0,0,03383,Expired,
5168,15727,1,LEG-5168,32,20 sessions,2026-07-18,2026-07-18,2026-09-26,2500,0,2500,0,0,03382,Active,
5167,4487,1,1879,12,3 Months,2026-07-18,2026-07-18,2026-10-16,5000,0,5000,0,0,03381,Active,
5166,20525,1,1878,12,3 Months,2026-07-18,2026-07-18,2026-10-16,5000,0,5000,0,0,03380,Active,
5165,8350,1,715,17,annual membership,2026-07-18,2026-11-10,2027-11-10,14000,0,10000,4000,0,003378,Postponed,
5164,20570,1,1877,12,3 Months,2026-07-18,2026-07-18,2026-10-16,5000,0,5000,0,0,03378,Active,
5163,12159,1,1876,12,3 Months,2026-07-18,2026-07-18,2026-10-23,5000,0,5000,0,0,03376,Active,
5162,20568,1,1875,18,Annual family membership,2026-07-18,2026-09-15,2027-09-15,11800,0,2200,9600,0,03375,Postponed,
5161,17204,1,1874,18,Annual family membership,2026-07-18,2026-07-18,2027-07-18,11800,0,11800,0,0,03374,Active,
5160,12972,1,1146,8,1 month,2026-07-17,2026-07-10,2026-08-09,1000,0,1000,0,0,03369,Expired,
5158,13825,1,1873,12,3 Months,2026-07-17,2026-07-17,2026-10-15,6500,0,6500,0,0,03365,Active,
5156,12505,1,1100,15,6 months,2026-07-17,2026-07-17,2027-01-13,8800,0,8800,0,0,003364,Active,
5155,12518,1,LEG-5155,32,20 sessions,2026-07-17,2026-07-17,2026-09-25,2500,0,2500,0,0,03360,Expired,
5154,12262,1,1038,33,40 sessions,2026-07-17,2026-07-18,2026-11-21,4400,0,4400,0,0,03358,Active,
5153,18666,1,1718,30,12 sessions,2026-07-16,2026-07-17,2026-08-28,1800,0,1800,0,0,03357,Expired,
5152,1818,1,LEG-5152,17,annual membership,2026-07-16,2026-08-03,2027-08-03,10500,0,10500,0,0,03356,Active,
5151,20532,1,1871,30,12 sessions,2026-07-16,2026-07-16,2026-08-27,1800,0,1800,0,0,003355,Expired,
5150,20532,1,LEG-5150,8,1 month,2026-07-16,2026-07-16,2026-08-15,2200,0,2200,0,0,03355,Expired,
5149,20531,1,1870,29,8 sessions,2026-07-16,2026-07-16,2026-08-20,1350,0,1350,0,0,003349,Expired,
5148,20531,1,LEG-5148,8,1 month,2026-07-16,2026-07-16,2026-08-30,2200,0,2200,0,0,03349,Expired,
5147,20499,1,1869,29,8 sessions,2026-07-16,2026-07-16,2026-08-20,1350,0,1350,0,0,003348,Expired,
5146,19017,1,1716,8,1 month,2026-07-16,2026-07-16,2026-08-15,2200,0,2200,0,0,03354,Expired,
5145,20499,1,LEG-5145,8,1 month,2026-07-16,2026-07-16,2026-08-30,2200,0,2200,0,0,03348,Expired,
5144,19016,1,1715,8,1 month,2026-07-16,2026-07-16,2026-07-19,2200,0,2200,0,0,03353,Transfered,
5143,8148,1,663,30,12 sessions,2026-07-16,2026-07-16,2026-08-27,1620,0,1620,0,0,03351,Expired,
5142,20495,1,1868,8,1 month,2026-07-16,2026-07-16,2026-08-15,2200,0,2200,0,0,03346,Expired,
5141,17069,1,1835,29,8 sessions,2026-07-16,2026-07-16,2026-08-20,1350,0,1350,0,0,03344,Expired,
5140,20426,1,LEG-5140,12,3 Months,2026-07-16,2026-07-18,2026-10-16,5000,0,5000,0,0,03343,Active,
5139,20523,1,1866,8,1 month,2026-07-16,2026-07-16,2026-08-15,3000,0,3000,0,0,03340,Expired,
5138,7288,1,LEG-5138,20,Morning membership 6am - 1 pm,2026-07-16,2026-07-18,2027-07-25,8500,0,8500,0,0,03338,Active,
5137,1985,1,217,17,annual membership,2026-07-15,2026-08-01,2027-08-01,12800,0,2800,10000,0,03335,Active,
5136,19146,1,1786,32,20 sessions,2026-07-15,2026-07-16,2026-09-24,2500,0,2500,0,0,03334,Active,
5135,4206,1,LEG-5135,12,3 Months,2026-04-17,2026-04-18,2026-07-17,4500,0,4500,0,0,1906,Expired,
5134,19388,1,1858,32,20 sessions,2026-07-15,2026-07-15,2026-09-23,2500,0,2500,0,0,003332,Active,
5133,20436,1,1864,15,6 months,2026-07-15,2026-08-30,2027-02-26,8800,0,8800,0,0,03333,Active,
5132,7504,1,611,39,youth program 20 sessions,2026-07-15,2026-07-15,2026-09-23,3000,0,3000,0,0,3331,Active,
5131,20513,1,1863,39,youth program 20 sessions,2026-07-15,2026-07-15,2026-09-23,3000,0,3000,0,0,03329,Active,
5130,3759,1,139,17,annual membership,2026-07-15,2026-07-15,2027-07-15,12800,0,2800,10000,0,03330,Active,
5129,13241,1,LEG-5129,32,20 sessions,2026-07-15,2026-07-15,2026-09-23,2500,0,2500,0,0,03328,Expired,
5128,19380,1,1862,12,3 Months,2026-07-15,2026-07-25,2026-10-23,5000,0,5000,0,0,03327,Active,
5127,10482,1,1138,31,16 sessions,2026-07-15,2026-07-16,2026-09-10,2200,0,2200,0,0,03324,Active,
5126,20510,1,LEG-5126,8,1 month,2026-07-15,2026-07-16,2026-08-15,2200,0,1000,1200,0,003323,Expired,
5125,20505,1,1860,8,1 month,2026-07-14,2026-07-14,2026-08-13,3000,0,3000,0,0,03322,Expired,
5124,4112,1,278,17,annual membership,2026-07-14,2026-07-14,2027-08-13,12800,0,12800,0,0,03323,Active,
5123,15919,1,1310,39,youth program 20 sessions,2026-07-14,2026-07-15,2026-09-23,3000,0,3000,0,0,03321,Active,
5122,15768,1,LEG-5122,32,20 sessions,2026-07-14,2026-07-15,2026-09-23,2500,0,2500,0,0,03319,Active,
5121,20506,1,1859,33,40 sessions,2026-07-14,2026-07-14,2026-11-17,4000,0,4000,0,0,03318,Active,
5120,20506,1,LEG-5120,17,annual membership,2026-07-14,2026-07-14,2027-07-14,0,0,0,0,0,0000000000,Active,
5119,19274,1,1797,12,3 Months,2026-07-14,2026-08-01,2026-11-06,5000,0,2500,2500,2500,003091,Active,
5116,19388,1,LEG-5116,12,3 Months,2026-07-14,2026-07-14,2026-10-12,5000,0,5000,0,0,3309,Active,
5115,20488,1,LEG-5115,12,3 Months,2026-07-14,2026-07-14,2026-10-26,5000,0,5000,0,0,03307,Freezed,
5114,20471,1,1856,17,annual membership,2026-07-14,2026-07-18,2027-07-18,12800,0,12800,0,0,03306,Active,
5113,20492,1,1855,8,1 month,2026-07-14,2026-07-14,2026-08-13,2200,0,2200,0,0,03305,Expired,
5111,19004,1,1710,33,40 sessions,2026-07-13,2026-07-13,2026-11-16,4400,0,4400,0,0,03300,Active,
5110,20481,1,1854,38,youth program 10 sessions,2026-07-13,2026-07-15,2026-08-26,2000,0,2000,0,0,03302,Expired,
5108,4615,1,321,32,20 sessions,2026-07-13,2026-07-13,2026-09-21,2500,0,2500,0,0,03294,Active,
5107,8992,1,731,22,annual monglish offer,2026-07-13,2026-07-14,2027-07-14,10500,0,4000,6500,6500,003292,Active,
5106,18754,1,1659,32,20 sessions,2026-07-13,2026-07-14,2026-09-22,2500,0,2500,0,0,003293,Active,
5105,8797,1,LEG-5105,29,8 sessions,2026-07-13,2026-07-13,2026-08-17,1350,0,1350,0,0,03290,Expired,
5104,8083,1,1348,12,3 Months,2026-07-13,2026-07-13,2026-10-11,4000,0,4000,0,0,03288,Active,
5103,6730,1,1853,12,3 Months,2026-07-13,2026-07-13,2026-10-11,4000,0,4000,0,0,03289,Active,
5102,13727,1,1542,33,40 sessions,2026-07-13,2026-07-13,2026-11-16,0,0,0,0,0,000000000,Active,
5101,18894,1,LEG-5101,38,youth program 10 sessions,2026-07-13,2026-07-13,2026-08-24,2000,0,2000,0,0,3283,Expired,
5100,20409,1,1840,36,head coach 20 sessions,2026-07-12,2026-07-12,2026-09-20,3000,0,3000,0,0,03268,Active,
5099,14459,1,LEG-5099,15,6 months,2026-07-12,2026-07-30,2027-02-02,8800,0,8800,0,0,3280,Active,
5098,20457,1,LEG-5098,29,8 sessions,2026-07-12,2026-07-13,2026-08-17,1350,0,1350,0,0,2379,Expired,
5096,2620,1,68,33,40 sessions,2026-07-12,2026-07-12,2026-11-15,4400,0,2200,2200,0,3282,Active,
5095,9431,1,785,17,annual membership,2026-07-12,2026-08-28,2027-08-28,12800,0,12800,0,0,003281,Active,
5094,20457,1,LEG-5094,17,annual membership,2026-07-12,2026-07-12,2027-07-12,12800,0,12800,0,0,3278,Active,
5093,20460,1,5,33,40 sessions,2026-07-12,2026-07-12,2026-11-15,2200,0,2200,0,0,3276,Active,
5092,20460,1,LEG-5092,17,annual membership,2026-07-12,2026-07-12,2027-07-12,0,0,0,0,0,00000000f,Active,
5091,5035,1,345,15,6 months,2026-07-12,2026-10-08,2027-04-06,8800,0,8800,0,0,0003275,Postponed,
5090,5035,1,LEG-5090,33,40 sessions,2026-07-12,2026-07-12,2026-11-15,4400,0,4400,0,0,003275,Active,
5089,2618,1,66,45,Nutrition 12 sessions,2026-07-12,2026-07-12,2026-11-09,1920,0,1920,0,0,,Active,
5086,6084,1,487,12,3 Months,2026-07-12,2026-08-09,2026-11-21,5000,0,2000,3000,3000,03269,Active,
5083,18999,1,LEG-5083,28,4 sessions,2026-07-12,2026-07-12,2026-08-09,800,0,800,0,0,,Expired,
5082,20448,1,LEG-5082,20,Morning membership 6am - 1 pm,2026-07-12,2026-07-12,2027-07-12,8500,0,8500,0,0,03263,Active,
5081,3898,1,LEG-5081,29,8 sessions,2026-07-11,2026-07-11,2026-08-15,1350,0,1350,0,0,003259,Expired,
5080,20431,1,1846,8,1 month,2026-07-11,2026-07-11,2026-08-10,2200,0,2200,0,0,3258,Expired,
5079,19286,1,1794,32,20 sessions,2026-07-11,2026-07-11,2026-09-19,2500,0,2500,0,0,03255,Active,
5078,20413,1,1845,12,3 Months,2026-07-11,2026-07-18,2026-10-30,5000,0,1500,3500,0,03254,Freezed,
5077,16597,1,1387,32,20 sessions,2026-07-10,2026-07-10,2026-09-18,2500,0,2500,0,0,03247,Active,
5076,12155,1,1844,12,3 Months,2026-07-10,2026-07-10,2026-10-08,5000,0,3000,2000,0,3252,Active,
5075,20424,1,1843,8,1 month,2026-07-10,2026-08-29,2026-09-28,2200,0,2200,0,0,03248,Active,
5074,18942,1,1708,43,Nutrition 4 sessions,2026-07-10,2026-07-10,2026-08-24,950,0,950,0,0,,Expired,
5073,5380,1,1842,12,3 Months,2026-07-10,2026-07-10,2026-10-08,5000,0,5000,0,0,03246,Active,
5072,15471,1,1284,39,youth program 20 sessions,2026-07-10,2026-07-10,2026-09-18,3000,0,3000,0,0,03239,Active,
5071,14246,1,1349,12,3 Months,2026-07-10,2026-07-11,2026-10-09,5000,0,5000,0,0,03241,Active,
5069,20409,1,LEG-5069,8,1 month,2026-07-09,2026-07-09,2026-08-08,2200,0,2200,0,0,03236,Expired,
5068,19392,1,1839,12,3 Months,2026-07-09,2026-07-09,2026-10-07,5000,0,5000,0,0,03235,Active,
5067,2631,1,75,17,annual membership,2026-07-09,2026-09-25,2027-10-25,10500,0,10500,0,0,3232,Postponed,
5066,20408,1,1838,18,Annual family membership,2026-07-09,2026-07-10,2027-07-10,11800,0,10000,1800,0,03231,Active,
5065,19361,1,1837,18,Annual family membership,2026-07-09,2026-07-10,2026-08-22,11800,0,10000,1800,0,03230,Transfered,
5064,20402,1,1836,8,1 month,2026-07-09,2026-08-01,2026-08-31,2200,0,1000,1200,1200,03225,Expired,
5063,17069,1,LEG-5063,12,3 Months,2026-07-09,2026-07-09,2026-10-07,5000,0,5000,0,0,03223,Active,
5062,7229,1,578,18,Annual family membership,2026-07-08,2026-07-08,2027-07-08,11800,0,11800,0,0,03215,Active,
5061,19400,1,1834,30,12 sessions,2026-07-08,2026-07-08,2026-08-19,1800,0,1800,0,0,003213,Expired,
5060,19400,1,LEG-5060,8,1 month,2026-07-08,2026-07-08,2026-08-07,2200,0,2200,0,0,03213,Expired,
5059,19399,1,1833,30,12 sessions,2026-07-08,2026-07-08,2026-08-19,1800,0,1800,0,0,003212,Expired,
5058,19399,1,LEG-5058,8,1 month,2026-07-08,2026-07-08,2026-08-07,2200,0,2200,0,0,03212,Expired,
5057,19362,1,1832,12,3 Months,2026-07-08,2026-07-08,2026-10-06,5000,0,5000,0,0,03211,Active,
5056,19398,1,1831,12,3 Months,2026-07-08,2026-07-08,2026-10-06,5000,0,5000,0,0,03210,Active,
5055,17581,1,1486,32,20 sessions,2026-07-08,2026-07-08,2026-09-16,2500,0,2500,0,0,03209,Active,
5054,19393,1,LEG-5054,38,youth program 10 sessions,2026-07-08,2026-07-11,2026-08-22,2000,0,2000,0,0,03207,Expired,
5053,6501,1,LEG-5053,32,20 sessions,2026-07-08,2026-07-08,2026-09-16,2500,0,2500,0,0,03205,Expired,
5052,19319,1,1801,29,8 sessions,2026-07-08,2026-07-08,2026-08-12,1350,0,1350,0,0,3206,Expired,
5051,19395,1,1829,12,3 Months,2026-07-08,2026-08-02,2026-11-14,5000,0,5000,0,0,003208,Active,
5050,16282,1,1366,32,20 sessions,2026-07-08,2026-07-08,2026-09-16,2500,0,2500,0,0,03201,Active,
5049,19394,1,1828,38,youth program 10 sessions,2026-07-08,2026-07-08,2026-08-19,2000,0,2000,0,0,03202,Expired,
5045,13241,1,LEG-5045,43,Nutrition 4 sessions,2026-07-08,2026-07-08,2026-08-22,950,0,950,0,0,,Expired,
5044,17293,1,LEG-5044,20,Morning membership 6am - 1 pm,2026-07-08,2026-07-17,2027-07-17,8500,0,8500,0,0,03192,Active,
5043,19335,1,1824,12,3 Months,2026-07-08,2026-09-15,2026-12-14,5000,0,2500,2500,2500,03191,Postponed,
5042,19387,1,1823,8,1 month,2026-07-08,2026-07-08,2026-08-07,2200,0,2200,0,0,03190,Expired,
5040,19378,1,1821,30,12 sessions,2026-07-07,2026-07-07,2026-08-18,1800,0,1800,0,0,003184,Expired,
5039,19378,1,LEG-5039,8,1 month,2026-07-07,2026-07-07,2026-08-06,2200,0,2200,0,0,03184,Expired,
5038,19377,1,1820,38,youth program 10 sessions,2026-07-07,2026-07-07,2026-08-18,2000,0,2000,0,0,03183,Expired,
5037,4901,1,341,15,6 months,2026-07-07,2026-07-12,2027-01-18,8800,0,4400,4400,0,03185,Active,
5036,19364,1,1819,15,6 months,2026-07-07,2026-07-07,2027-01-11,8800,0,5000,3800,0,3178,Active,
5035,19325,1,1809,33,40 sessions,2026-07-07,2026-07-07,2026-11-10,4400,0,4400,0,0,03177,Active,
5034,7175,1,580,30,12 sessions,2026-07-06,2026-07-06,2026-08-17,1800,0,1800,0,0,03176,Expired,
5033,8559,1,703,33,40 sessions,2026-07-06,2026-07-06,2026-11-09,4400,0,4400,0,0,03174,Active,
5032,2993,1,110,17,annual membership,2026-07-06,2026-07-06,2027-07-06,12800,0,12800,0,0,03173,Active,
5031,9254,1,763,28,4 sessions,2026-07-06,2026-07-06,2026-08-03,800,0,800,0,0,,Expired,
5030,1818,1,LEG-5030,32,20 sessions,2026-07-06,2026-07-06,2026-09-14,2500,0,2500,0,0,03168,Expired,
5029,6027,1,LEG-5029,17,annual membership,2026-07-06,2026-08-01,2027-08-01,12800,0,3000,9800,0,03169,Active,
5028,19356,1,1818,8,1 month,2026-07-06,2026-07-06,2026-08-05,2200,0,2200,0,0,03166,Expired,
5027,10095,1,LEG-5027,29,8 sessions,2026-07-06,2026-07-06,2026-08-10,1350,0,1350,0,0,3165,Expired,
5026,5254,1,LEG-5026,17,annual membership,2026-07-06,2026-07-20,2027-07-20,12800,0,8800,4000,0,03164,Active,
5025,6081,1,462,38,youth program 10 sessions,2026-07-06,2026-07-08,2026-08-19,2000,0,2000,0,0,03160,Expired,
5024,16922,1,1426,30,12 sessions,2026-07-06,2026-07-06,2026-08-17,1800,0,1800,0,0,03163,Expired,
5023,11597,1,1817,12,3 Months,2026-07-06,2026-07-06,2026-10-04,4000,0,4000,0,0,03162,Active,
5022,7205,1,LEG-5022,8,1 month,2026-07-06,2026-07-11,2026-08-10,2200,0,2200,0,0,03155,Expired,
5021,19013,1,1815,8,1 month,2026-07-06,2026-07-06,2026-08-05,2200,0,2200,0,0,03152,Expired,
5020,19353,1,1814,38,youth program 10 sessions,2026-07-06,2026-07-06,2026-08-17,2000,0,2000,0,0,03151,Expired,
5019,5228,1,379,15,6 months,2026-07-06,2026-07-07,2027-01-03,8800,0,5000,3800,0,03150,Active,
5018,18914,1,LEG-5018,29,8 sessions,2026-07-06,2026-07-06,2026-08-10,1350,0,1350,0,0,3148,Expired,
5017,15727,1,LEG-5017,45,Nutrition 12 sessions,2026-07-05,2026-07-06,2026-11-03,1920,0,1920,0,0,,Active,
5016,19345,1,1813,28,4 sessions,2026-07-05,2026-07-06,2026-08-03,800,0,800,0,0,,Expired,كوتش حجازى لحين التوزيع
5015,19345,1,LEG-5015,8,1 month,2026-07-05,2026-07-06,2026-08-05,3000,0,3000,0,0,03145,Expired,
5014,19256,1,1806,32,20 sessions,2026-07-05,2026-07-04,2026-09-12,2500,0,1800,700,0,03126,Active,
5013,10479,1,894,17,annual membership,2026-07-05,2026-09-11,2027-09-11,14000,0,14000,0,0,03143,Postponed,
5012,19329,1,1812,11,2 months,2026-07-05,2026-07-05,2026-09-03,4400,0,4400,0,0,3140,Expired,
5011,19341,1,1811,12,3 Months,2026-07-05,2026-07-05,2026-10-03,5000,0,5000,0,0,03141,Active,
5010,4906,1,1810,8,1 month,2026-07-05,2026-07-05,2026-08-04,2200,0,2200,0,0,03136,Expired,
5009,19325,1,LEG-5009,20,Morning membership 6am - 1 pm,2026-07-05,2026-07-05,2027-07-05,8500,0,8500,0,0,003135,Active,
5008,16212,1,LEG-5008,29,8 sessions,2026-07-05,2026-07-05,2026-08-09,1350,0,1350,0,0,03134,Expired,
5007,19326,1,1808,8,1 month,2026-07-04,2026-07-04,2026-08-03,2200,0,2200,0,0,03133,Expired,Upgrade from day use
5006,5688,1,690,32,20 sessions,2026-07-04,2026-07-04,2026-09-12,2500,0,2500,0,0,03132,Active,
5005,19331,1,1807,39,youth program 20 sessions,2026-07-04,2026-07-04,2026-09-12,3000,0,3000,0,0,03130,Active,
5004,8017,1,1021,49,1 month full classes,2026-07-04,2026-07-11,2026-08-10,1500,0,1500,0,0,03128,Expired,
5003,19256,1,LEG-5003,15,6 months,2026-07-04,2026-07-04,2026-12-31,8800,0,5000,3800,0,03125,Active,
5002,6453,1,LEG-5002,33,40 sessions,2026-07-04,2026-07-04,2026-11-07,4400,0,2000,2400,0,03119,Active,
5000,19322,1,1804,8,1 month,2026-07-04,2026-07-04,2026-08-03,2200,0,2200,0,0,03121,Expired,
4999,19320,1,1803,12,3 Months,2026-07-04,2026-07-04,2026-10-02,5000,0,5000,0,0,03117,Active,
4998,9508,1,1802,8,1 month,2026-07-04,2026-07-04,2026-08-03,2200,0,2200,0,0,03116,Expired,
4997,19319,1,LEG-4997,8,1 month,2026-07-04,2026-07-04,2026-08-03,2200,0,2200,0,0,03115,Expired,
4996,16169,1,1775,30,12 sessions,2026-07-04,2026-07-04,2026-08-15,1800,0,1350,450,0,03113,Expired,
4995,19295,1,1800,32,20 sessions,2026-07-03,2026-07-12,2026-09-20,2500,0,2500,0,0,03110,Active,
4994,5483,1,735,32,20 sessions,2026-07-03,2026-07-03,2026-09-11,2500,0,2500,0,0,03112,Active,
4993,18418,1,1610,32,20 sessions,2026-07-03,2026-07-04,2026-09-12,2500,0,2500,0,0,03111,Active,
4992,19295,1,LEG-4992,12,3 Months,2026-07-03,2026-07-12,2026-11-09,5000,0,5000,0,0,03109,Active,
4991,2627,1,72,33,40 sessions,2026-07-03,2026-07-03,2026-11-06,4000,0,4000,0,0,03104,Active,
4990,19179,1,1799,12,3 Months,2026-07-03,2026-07-03,2026-10-01,5000,0,5000,0,0,3103,Active,
4989,7604,1,1020,17,annual membership,2026-07-02,2026-07-05,2027-07-19,12800,0,12800,0,0,03097,Active,
4988,19274,1,LEG-4988,33,40 sessions,2026-07-02,2026-07-02,2026-11-05,4400,0,2200,2200,0,03098,Active,
4987,7561,1,LEG-4987,8,1 month,2026-07-02,2026-09-05,2026-10-05,2200,0,2200,0,0,03099,Active,
4986,19070,1,LEG-4986,28,4 sessions,2026-07-02,2026-07-03,2026-07-31,800,0,800,0,0,,Expired,
4985,14358,1,1240,12,3 Months,2026-07-02,2026-07-02,2026-09-30,5000,0,5000,0,0,03096,Active,
4984,16976,1,LEG-4984,43,Nutrition 4 sessions,2026-07-02,2026-07-02,2026-08-16,950,0,950,0,0,,Expired,
4983,4638,1,342,33,40 sessions,2026-07-02,2026-07-02,2026-11-05,4400,0,4400,0,0,03093,Active,
4982,18605,1,LEG-4982,32,20 sessions,2026-07-02,2026-07-02,2026-09-10,2500,0,2500,0,0,3089,Expired,
4979,10986,1,1437,32,20 sessions,2026-07-02,2026-07-02,2026-09-10,2500,0,2500,0,0,3087,Active,
4978,18698,1,LEG-4978,22,annual monglish offer,2026-07-02,2026-07-02,2027-07-02,10500,0,5250,5250,0,3086,Active,
4977,10647,1,LEG-4977,30,12 sessions,2026-07-02,2026-07-03,2026-08-14,1800,0,1800,0,0,3084,Expired,
4976,9317,1,1795,12,3 Months,2026-07-02,2026-07-03,2026-08-21,5000,0,5000,0,0,3085,Transfered,
4975,19286,1,LEG-4975,12,3 Months,2026-07-01,2026-07-01,2026-10-09,5000,0,5000,0,0,3070,Active,
4974,9630,1,LEG-4974,39,youth program 20 sessions,2026-07-01,2026-07-02,2026-09-10,3000,0,2000,1000,0,3082,Expired,
4973,18807,1,LEG-4973,39,youth program 20 sessions,2026-07-01,2026-07-02,2026-09-10,3000,0,3000,0,0,3081,Expired,
4972,9631,1,812,39,youth program 20 sessions,2026-07-01,2026-07-02,2026-09-10,3000,0,3000,0,0,03080,Expired,
4971,19292,1,1793,8,1 month,2026-07-01,2026-07-01,2026-07-31,2200,0,2200,0,0,3078,Expired,
4970,19291,1,1792,12,3 Months,2026-07-01,2026-07-01,2026-10-06,5000,0,5000,0,0,3074,Active,
4969,19245,1,1791,12,3 Months,2026-07-01,2026-07-01,2026-10-06,5000,0,5000,0,0,3073,Active,
4967,8240,1,669,15,6 months,2026-07-01,2026-07-01,2027-01-27,8800,0,8800,0,0,3075,Freezed,
4966,16976,1,LEG-4966,32,20 sessions,2026-07-01,2026-07-01,2026-09-09,2500,0,2500,0,0,3072,Expired,
4965,19019,1,LEG-4965,32,20 sessions,2026-07-01,2026-07-01,2026-09-09,2500,0,2500,0,0,3071,Expired,
4964,4441,1,323,12,3 Months,2026-07-01,2026-07-01,2026-10-06,5000,0,5000,0,0,3069,Active,
4963,18116,1,1790,8,1 month,2026-07-01,2026-07-01,2026-07-31,2200,0,2200,0,0,3067,Expired,
4962,6474,1,LEG-4962,36,head coach 20 sessions,2026-07-01,2026-07-01,2026-09-09,3000,0,3000,0,0,3066,Expired,
4961,17680,1,LEG-4961,29,8 sessions,2026-07-01,2026-07-02,2026-08-06,1350,0,1350,0,0,3064,Expired,
4960,12396,1,1789,12,3 Months,2026-07-01,2026-07-01,2026-09-29,5000,0,5000,0,0,03059,Active,
4959,16949,1,1434,12,3 Months,2026-07-01,2026-07-01,2026-09-29,5000,0,5000,0,0,3061,Active,
4958,19124,1,1788,15,6 months,2026-07-01,2026-07-01,2027-01-10,8800,0,5000,3800,0,3059,Active,
4957,10672,1,1701,30,12 sessions,2026-06-30,2026-07-01,2026-08-12,1800,0,1800,0,0,3054,Expired,
4956,11139,1,1787,12,3 Months,2026-06-30,2026-07-12,2026-10-10,5000,0,1000,4000,0,3057,Active,
4955,19146,1,LEG-4955,12,3 Months,2026-06-30,2026-07-04,2026-10-09,5000,0,5000,0,0,3056,Active,
4954,6083,1,486,32,20 sessions,2026-06-30,2026-06-30,2026-09-08,2500,0,2500,0,0,3055,Active,
4953,6877,1,LEG-4953,12,3 Months,2026-06-30,2026-06-30,2026-09-28,5000,0,2200,2800,0,3046,Active,
4952,19280,1,1784,39,youth program 20 sessions,2026-06-30,2026-09-15,2026-11-24,3000,0,3000,0,0,3050,Postponed,محطوطه لكوتش حجازى لحين التوزيع
4951,19279,1,1783,39,youth program 20 sessions,2026-06-30,2026-09-15,2026-11-24,3000,0,3000,0,0,3049,Postponed,مسجل مع كوتش حجازى لحين التوزيع
4950,5196,1,1782,12,3 Months,2026-06-30,2026-09-01,2026-11-30,5000,0,5000,0,0,3051,Active,
4949,4372,1,1781,17,annual membership,2026-06-30,2026-09-02,2027-09-02,12800,0,5000,7800,0,3048,Active,
4948,16212,1,LEG-4948,12,3 Months,2026-06-30,2026-07-01,2026-09-29,5000,0,5000,0,0,3047,Active,
4947,19070,1,LEG-4947,8,1 month,2026-06-30,2026-06-30,2026-07-30,2200,0,2200,0,0,3045,Expired,
4946,19225,1,1779,8,1 month,2026-06-30,2026-07-20,2026-08-19,2200,0,2000,200,200,3039,Cancelled,@Cancelled
4945,19005,1,1778,12,3 Months,2026-06-30,2026-07-07,2026-10-05,5000,0,5000,0,0,3036,Active,
4944,7856,1,645,12,3 Months,2026-06-29,2026-06-29,2026-09-27,5000,0,5000,0,0,3030,Active,
4943,5265,1,411,8,1 month,2026-06-29,2026-06-29,2026-07-29,2200,0,2200,0,0,3031,Expired,
4942,19103,1,1777,17,annual membership,2026-06-29,2026-07-01,2027-07-01,12800,0,12800,0,0,3029,Active,
4941,5537,1,1678,33,40 sessions,2026-06-29,2026-06-29,2026-11-02,4400,0,4400,0,0,3028,Active,
4940,15364,1,1412,12,3 Months,2026-06-29,2026-07-30,2026-10-28,5000,0,5000,0,0,3026,Active,
4939,19226,1,1776,12,3 Months,2026-06-29,2026-06-29,2026-08-20,5000,0,2200,2800,0,3025,Transfered,
4938,6083,1,LEG-4938,17,annual membership,2026-06-28,2026-07-11,2027-07-11,12800,0,2000,10800,0,3023,Active,
4937,16169,1,LEG-4937,12,3 Months,2026-06-28,2026-06-28,2026-10-03,6500,0,4000,2500,0,3022,Active,
4936,8941,1,741,32,20 sessions,2026-06-28,2026-06-28,2026-09-06,2500,0,2500,0,0,3021,Expired,
4935,7994,1,657,39,youth program 20 sessions,2026-06-28,2026-06-28,2026-09-06,3000,0,3000,0,0,3020,Expired,
4934,3729,1,LEG-4934,32,20 sessions,2026-06-28,2026-06-28,2026-09-06,2500,0,2500,0,0,3018,Expired,
4933,19232,1,1774,12,3 Months,2026-06-28,2026-06-28,2026-10-10,5000,0,5000,0,0,3015,Active,
4932,19219,1,1773,12,3 Months,2026-06-28,2026-06-28,2026-10-10,5000,0,5000,0,0,3014,Active,
4931,11294,1,LEG-4931,39,youth program 20 sessions,2026-06-28,2026-06-28,2026-09-06,3000,0,3000,0,0,3016,Expired,
4930,7474,1,604,12,3 Months,2026-06-28,2026-06-28,2026-09-26,5000,0,5000,0,0,3013,Active,
4929,19043,1,1720,39,youth program 20 sessions,2026-06-28,2026-06-28,2026-09-06,0,0,0,0,0,00000000,Expired,
4928,9491,1,787,39,youth program 20 sessions,2026-06-28,2026-06-28,2026-09-06,0,0,0,0,0,000000,Expired,
4927,15675,1,1336,32,20 sessions,2026-06-28,2026-06-28,2026-09-06,2500,0,2200,300,0,03009,Expired,
4926,15470,1,LEG-4926,38,youth program 10 sessions,2026-06-28,2026-06-28,2026-08-09,2000,0,2000,0,0,3007,Expired,
4925,17855,1,1559,32,20 sessions,2026-06-28,2026-06-28,2026-09-06,2500,0,2500,0,0,3006,Expired,
4924,2497,1,53,17,annual membership,2026-06-28,2026-06-28,2027-06-28,10500,0,5500,5000,5000,03003,Active,
4923,4556,1,308,20,Morning membership 6am - 1 pm,2026-06-28,2026-06-30,2027-06-30,8500,0,4500,4000,4000,3004,Active,
4922,18805,1,1729,32,20 sessions,2026-06-28,2026-06-28,2026-09-06,2500,0,2500,0,0,2980,Expired,
4921,19220,1,1772,8,1 month,2026-06-27,2026-06-27,2026-07-27,2200,0,2200,0,0,3001,Expired,
4920,19160,1,1771,8,1 month,2026-06-27,2026-06-27,2026-07-27,2200,0,2200,0,0,3002,Expired,
4919,14412,1,1770,8,1 month,2026-06-27,2026-06-29,2026-07-29,2200,0,2200,0,0,2999,Expired,
4918,18598,1,1636,12,3 Months,2026-06-27,2026-07-01,2026-10-13,5000,0,5000,0,0,3000,Active,
4917,13241,1,LEG-4917,17,annual membership,2026-06-27,2026-07-01,2027-07-01,12800,0,12800,0,0,2997,Active,
4916,12797,1,1092,35,head coach12 sessions,2026-06-27,2026-06-27,2026-08-08,2200,0,2200,0,0,2993,Expired,
4915,12797,1,LEG-4915,15,6 months,2026-06-27,2026-06-27,2027-01-23,8800,0,8800,0,0,2992,Freezed,
4914,19209,1,1768,15,6 months,2026-06-27,2026-06-29,2026-12-26,8800,0,8800,0,0,2988,Active,
4913,19213,1,1767,15,6 months,2026-06-27,2026-06-29,2026-12-26,8800,0,8800,0,0,2989,Active,
4912,6501,1,LEG-4912,17,annual membership,2026-06-27,2026-08-07,2027-08-07,12800,0,12800,0,0,2987,Active,
4910,16364,1,1360,37,head coach 40 sessions,2026-06-27,2026-06-27,2026-10-31,5400,0,3000,2400,0,2982,Active,
4909,13075,1,1141,12,3 Months,2026-06-27,2026-06-27,2026-10-04,5000,0,5000,0,0,2986,Active,
4908,12831,1,LEG-4908,12,3 Months,2026-06-27,2026-06-27,2026-09-25,5000,0,2200,2800,0,2984,Active,
4906,12518,1,LEG-4906,12,3 Months,2026-06-26,2026-06-27,2026-09-25,5000,0,5000,0,0,2975,Active,
4905,19155,1,1762,8,1 month,2026-06-26,2026-06-26,2026-07-26,2200,0,2200,0,0,2974,Expired,
4904,4059,1,270,12,3 Months,2026-06-26,2026-06-26,2026-09-24,5000,0,5000,0,0,2971,Active,
4903,18780,1,1662,45,Nutrition 12 sessions,2026-06-25,2026-06-25,2026-10-23,1920,0,1920,0,0,,Active,
4902,6771,1,1626,29,8 sessions,2026-06-25,2026-06-25,2026-07-30,1350,0,1350,0,0,2967,Expired,
4901,16611,1,1395,12,3 Months,2026-06-25,2026-07-01,2026-09-29,5000,0,1000,4000,0,2963,Active,
4900,14150,1,LEG-4900,12,3 Months,2026-06-25,2026-07-14,2026-10-12,5000,0,1000,4000,4000,2964,Active,
4899,19175,1,1761,12,3 Months,2026-06-25,2026-07-02,2026-09-30,5000,0,5000,0,0,2962,Active,
4898,5620,1,1760,12,3 Months,2026-06-25,2026-07-02,2026-09-30,5000,0,5000,0,0,2961,Active,
4897,11722,1,LEG-4897,29,8 sessions,2026-06-25,2026-06-25,2026-07-30,0,0,0,0,0,0085,Expired,اوفر الهالوويين
4896,9443,1,LEG-4896,32,20 sessions,2026-06-25,2026-06-25,2026-09-03,0,0,0,0,0,11111f,Expired,
4895,3831,1,170,12,3 Months,2026-06-25,2026-06-25,2026-09-23,5000,0,5000,0,0,2957,Active,
4894,19171,1,1759,8,1 month,2026-06-25,2026-06-25,2026-07-25,2200,0,2200,0,0,2955,Expired,
4893,19172,1,1758,8,1 month,2026-06-25,2026-06-25,2026-07-25,2200,0,2200,0,0,2954,Expired,
4892,19173,1,1757,8,1 month,2026-06-25,2026-06-25,2026-07-25,2200,0,2200,0,0,2956,Expired,
4891,10411,1,1034,32,20 sessions,2026-06-25,2026-06-25,2026-09-03,2500,0,2500,0,0,2952,Expired,
4890,6614,1,552,32,20 sessions,2026-06-25,2026-06-25,2026-09-03,2500,0,2500,0,0,2953,Expired,
4889,19127,1,1756,8,1 month,2026-06-25,2026-06-25,2026-07-25,2200,0,2200,0,0,2951,Expired,
4888,16282,1,LEG-4888,12,3 Months,2026-06-24,2026-06-24,2026-10-06,5000,0,5000,0,0,2948,Freezed,
4886,19158,1,1754,8,1 month,2026-06-24,2026-06-24,2026-07-24,2200,0,2200,0,0,2945,Expired,
4885,19150,1,1753,8,1 month,2026-06-24,2026-06-24,2026-07-24,2200,0,2200,0,0,2946,Expired,
4884,16976,1,LEG-4884,12,3 Months,2026-06-24,2026-06-24,2026-09-22,5000,0,5000,0,0,2942,Active,
4883,3762,1,142,32,20 sessions,2026-06-24,2026-06-24,2026-09-02,2500,0,2500,0,0,2941,Expired,
4882,19096,1,1751,20,Morning membership 6am - 1 pm,2026-06-24,2026-06-28,2027-06-28,8500,0,8500,0,0,2936,Active,
4881,18445,1,LEG-4881,28,4 sessions,2026-06-24,2026-06-23,2026-07-21,800,0,800,0,0,,Expired,
4880,19143,1,1750,8,1 month,2026-06-24,2026-06-24,2026-07-24,2200,0,2200,0,0,2932,Expired,
4879,19142,1,1749,8,1 month,2026-06-24,2026-06-24,2026-07-24,2200,0,2200,0,0,2933,Expired,
4878,1788,1,LEG-4878,33,40 sessions,2026-06-23,2026-06-23,2026-10-27,4400,0,4400,0,0,2930,Active,
4877,18878,1,1748,17,annual membership,2026-06-23,2026-07-17,2027-07-17,12800,0,12800,0,0,2929,Active,
4876,19072,1,1731,32,20 sessions,2026-06-23,2026-06-23,2026-09-01,2500,0,2500,0,0,2923,Expired,
4875,19134,1,1747,15,6 months,2026-06-23,2026-06-23,2026-12-20,8800,0,8800,0,0,2924,Active,
4874,19094,1,1746,12,3 Months,2026-06-23,2026-06-23,2026-09-21,5000,0,5000,0,0,2922,Active,
4873,15352,1,LEG-4873,45,Nutrition 12 sessions,2026-06-23,2026-06-23,2026-10-21,1920,0,1920,0,0,,Active,
4872,19122,1,1745,12,3 Months,2026-06-23,2026-06-23,2026-09-21,5000,0,5000,0,0,2920,Active,
4871,18957,1,1744,12,3 Months,2026-06-23,2026-06-23,2026-09-21,5000,0,5000,0,0,2918,Active,
4870,18958,1,1743,8,1 month,2026-06-23,2026-06-23,2026-07-23,2200,0,2200,0,0,2917,Expired,
4869,10986,1,LEG-4869,43,Nutrition 4 sessions,2026-06-23,2026-06-23,2026-08-07,950,0,950,0,0,,Expired,
4868,19098,1,1742,12,3 Months,2026-06-22,2026-06-22,2026-09-20,5000,0,5000,0,0,2911,Active,
4867,3901,1,LEG-4867,45,Nutrition 12 sessions,2026-06-22,2026-06-22,2026-10-20,1920,0,1920,0,0,,Active,
4866,14987,1,1261,45,Nutrition 12 sessions,2026-06-22,2026-06-22,2026-10-20,1920,0,1920,0,0,,Active,
4865,19118,1,LEG-4865,12,3 Months,2026-06-22,2026-07-06,2026-10-18,5000,0,2500,2500,0,2908,Active,
4864,14953,1,LEG-4864,12,3 Months,2026-06-22,2026-07-06,2026-10-04,5000,0,2500,2500,0,2907,Active,
4863,16985,1,1431,39,youth program 20 sessions,2026-06-22,2026-06-22,2026-08-31,3000,0,3000,0,0,2905,Expired,
4862,6472,1,550,17,annual membership,2026-06-22,2026-06-22,2027-06-22,12800,0,12800,0,0,2903,Active,
4861,19086,1,1740,12,3 Months,2026-06-22,2026-06-22,2026-09-27,5000,0,5000,0,0,2899,Active,
4860,19085,1,1739,12,3 Months,2026-06-22,2026-06-22,2026-10-04,5000,0,5000,0,0,2898,Active,
4859,6479,1,520,29,8 sessions,2026-06-22,2026-06-22,2026-07-27,1350,0,1350,0,0,2901,Expired,
4858,18367,1,1611,36,head coach 20 sessions,2026-06-21,2026-06-21,2026-08-30,3000,0,3000,0,0,2883,Expired,
4857,4218,1,283,32,20 sessions,2026-06-21,2026-06-21,2026-08-30,2500,0,2500,0,0,2893,Expired,
4856,4108,1,1738,8,1 month,2026-06-21,2026-06-21,2026-07-21,2200,0,2200,0,0,2892,Expired,
4855,9431,1,LEG-4855,33,40 sessions,2026-06-21,2026-06-21,2026-10-25,4400,0,4400,0,0,2891,Active,
4854,6153,1,LEG-4854,32,20 sessions,2026-06-21,2026-06-21,2026-08-30,2500,0,2500,0,0,2886,Expired,
4853,19006,1,1737,12,3 Months,2026-06-21,2026-07-20,2026-10-22,5000,0,3000,2000,0,2884,Active,
4852,6153,1,LEG-4852,12,3 Months,2026-06-21,2026-07-04,2026-10-09,5000,0,5000,0,0,2885,Active,
4851,7328,1,1582,32,20 sessions,2026-06-21,2026-06-21,2026-08-30,2500,0,2500,0,0,2880,Expired,
4850,17680,1,LEG-4850,17,annual membership,2026-06-21,2026-06-21,2027-06-21,14900,0,8800,6100,2100,2879,Active,
4849,2996,1,1735,8,1 month,2026-06-21,2026-06-21,2026-07-21,2200,0,2200,0,0,02878,Expired,
4847,18999,1,LEG-4847,29,8 sessions,2026-06-21,2026-06-21,2026-07-26,1350,0,1350,0,0,2877,Expired,
4846,18999,1,LEG-4846,8,1 month,2026-06-21,2026-06-21,2026-07-21,2200,0,2200,0,0,02877,Expired,
4845,5660,1,LEG-4845,17,annual membership,2026-06-21,2026-06-21,2027-06-21,12800,0,12800,0,0,2876,Active,
4844,19070,1,LEG-4844,38,youth program 10 sessions,2026-06-20,2026-06-20,2026-08-01,2000,0,2000,0,0,2874,Cancelled,@Cancelled
4843,6241,1,LEG-4843,32,20 sessions,2026-06-20,2026-06-20,2026-08-29,2500,0,2500,0,0,2868,Expired,
4842,18881,1,1732,17,annual membership,2026-06-20,2026-06-20,2027-06-20,12800,0,12800,0,0,2871,Active,
4841,19072,1,LEG-4841,12,3 Months,2026-06-20,2026-06-20,2026-09-18,5000,0,5000,0,0,2872,Active,
4840,9738,1,821,39,youth program 20 sessions,2026-06-20,2026-06-08,2026-08-17,3000,0,3000,0,0,2695,Expired,
4839,17670,1,LEG-4839,8,1 month,2026-06-20,2026-06-20,2026-07-20,2200,0,2200,0,0,2870,Expired,
4838,19088,1,1730,32,20 sessions,2026-06-20,2026-06-20,2026-08-29,2500,0,2500,0,0,02869,Expired,
4837,19088,1,LEG-4837,8,1 month,2026-06-20,2026-06-20,2026-07-20,2200,0,2200,0,0,2869,Expired,
4836,18805,1,LEG-4836,20,Morning membership 6am - 1 pm,2026-06-20,2026-06-20,2027-06-20,8500,0,2200,6300,0,2864,Active,
4835,17417,1,1472,39,youth program 20 sessions,2026-06-20,2026-08-28,2026-11-06,3000,0,3000,0,0,2867,Active,
4834,17417,1,LEG-4834,39,youth program 20 sessions,2026-06-20,2026-06-20,2026-08-29,3000,0,3000,0,0,2865,Expired,
4833,17718,1,LEG-4833,32,20 sessions,2026-06-20,2026-06-20,2026-08-29,2500,0,2500,0,0,2866,Expired,
4832,12800,1,1134,32,20 sessions,2026-06-19,2026-06-19,2026-08-28,2500,0,2500,0,0,2861,Expired,
4831,18587,1,1728,8,1 month,2026-06-19,2026-08-04,2026-09-03,2200,0,2200,0,0,2860,Expired,
4830,19007,1,1727,20,Morning membership 6am - 1 pm,2026-06-19,2026-06-19,2027-06-19,8500,0,8500,0,0,2857,Active,
4829,19060,1,LEG-4829,39,youth program 20 sessions,2026-06-18,2026-06-18,2026-08-27,3000,0,3000,0,0,2856,Expired,
4828,19059,1,1725,33,40 sessions,2026-06-18,2026-06-18,2026-10-22,4000,0,4000,0,0,02855,Active,
4827,19059,1,LEG-4827,12,3 Months,2026-06-18,2026-06-18,2026-09-16,5000,0,5000,0,0,2855,Active,
4826,19058,1,1724,12,3 Months,2026-06-18,2026-06-18,2026-09-16,5000,0,5000,0,0,2854,Active,
4825,19056,1,1723,12,3 Months,2026-06-18,2026-06-18,2026-09-16,5000,0,1000,4000,0,2853,Active,
4824,17334,1,LEG-4824,33,40 sessions,2026-06-18,2026-06-18,2026-10-22,4400,0,4400,0,0,2852,Expired,
4823,19055,1,1722,12,3 Months,2026-06-18,2026-06-18,2026-09-16,5000,0,5000,0,0,2851,Active,
4822,19054,1,1721,12,3 Months,2026-06-18,2026-06-18,2026-09-16,5000,0,5000,0,0,2850,Active,
4821,18383,1,1609,33,40 sessions,2026-06-18,2026-06-18,2026-10-22,4400,0,4400,0,0,2843,Active,
4820,13227,1,1148,32,20 sessions,2026-06-18,2026-06-28,2026-09-06,2500,0,2500,0,0,2840,Expired,
4819,9491,1,LEG-4819,17,annual membership,2026-06-17,2026-06-17,2027-06-17,0,0,0,0,0,000000f,Active,
4818,19043,1,LEG-4818,17,annual membership,2026-06-17,2026-06-17,2027-06-17,0,0,0,0,0,0000f,Active,
4817,19004,1,LEG-4817,32,20 sessions,2026-06-17,2026-06-17,2026-08-26,2500,0,2500,0,0,2838,Expired,
4816,18526,1,1627,18,Annual family membership,2026-06-17,2026-08-18,2027-09-01,11800,0,2000,9800,0,2837,Freezed,
4815,12753,1,LEG-4815,18,Annual family membership,2026-06-17,2026-11-10,2027-11-10,11800,0,2000,9800,0,2836,Postponed,
4814,19036,1,LEG-4814,8,1 month,2026-06-17,2026-06-17,2026-07-17,2200,0,2200,0,0,2835,Expired,
4813,5659,1,415,17,annual membership,2026-06-17,2026-06-19,2027-06-19,12800,0,12800,0,0,2830,Active,
4812,18914,1,LEG-4812,28,4 sessions,2026-06-17,2026-06-17,2026-07-15,800,0,800,0,0,,Expired,
4811,5527,1,463,17,annual membership,2026-06-17,2026-06-17,2027-06-17,12800,0,6400,6400,6400,2825,Active,
4810,5554,1,1650,32,20 sessions,2026-06-16,2026-06-16,2026-08-25,2500,0,2500,0,0,2826,Expired,
4809,7807,1,641,18,Annual family membership,2026-06-16,2026-06-18,2027-06-18,11800,0,6000,5800,0,2819,Active,
4808,16425,1,LEG-4808,12,3 Months,2026-06-16,2026-06-17,2026-09-16,5000,0,5000,0,0,2823,Active,
4807,18666,1,LEG-4807,12,3 Months,2026-06-16,2026-07-02,2026-10-07,5000,0,2200,2800,0,2818,Active,
4806,19019,1,LEG-4806,12,3 Months,2026-06-16,2026-06-16,2026-09-14,5000,0,5000,0,0,2817,Active,
4805,8797,1,LEG-4805,28,4 sessions,2026-06-16,2026-06-16,2026-07-14,800,0,800,0,0,,Expired,
4804,19017,1,LEG-4804,8,1 month,2026-06-16,2026-06-16,2026-07-16,2200,0,2200,0,0,2815,Expired,
4803,19016,1,LEG-4803,8,1 month,2026-06-16,2026-06-16,2026-07-16,2200,0,2200,0,0,2816,Expired,
4802,17667,1,1510,32,20 sessions,2026-06-16,2026-06-16,2026-08-25,2500,0,2500,0,0,2812,Expired,
4801,16716,1,1714,12,3 Months,2026-06-16,2026-06-16,2026-09-14,5000,0,5000,0,0,2813,Active,
4800,19012,1,1713,20,Morning membership 6am - 1 pm,2026-06-16,2026-06-16,2027-06-22,8500,0,5000,3500,0,2810,Active,
4799,19010,1,1712,8,1 month,2026-06-16,2026-06-16,2026-07-16,2200,0,2200,0,0,2809,Expired,
4798,7782,1,LEG-4798,32,20 sessions,2026-06-16,2026-06-16,2026-08-25,2500,0,2500,0,0,2807,Expired,
4796,13385,1,LEG-4796,20,Morning membership 6am - 1 pm,2026-06-16,2026-06-16,2027-06-16,8500,0,8500,0,0,2806,Active,
4795,13384,1,1162,20,Morning membership 6am - 1 pm,2026-06-16,2026-06-16,2027-06-16,8500,0,8500,0,0,2805,Active,
4794,7469,1,602,39,youth program 20 sessions,2026-06-16,2026-06-15,2026-08-24,3000,0,3000,0,0,2800,Expired,
4793,8243,1,853,17,annual membership,2026-06-15,2026-12-30,2027-12-30,12800,0,12800,0,0,2804,Postponed,
4792,5654,1,419,17,annual membership,2026-06-15,2026-06-13,2027-06-20,12800,0,12800,0,0,2760,Active,
4791,4031,1,852,17,annual membership,2026-06-15,2026-08-30,2027-08-30,12800,0,12800,0,0,2803,Active,
4790,6661,1,1175,12,3 Months,2026-06-15,2026-06-15,2026-09-27,5000,0,2500,2500,0,2802,Active,
4789,18818,1,1711,12,3 Months,2026-06-15,2026-06-15,2026-09-13,5000,0,5000,0,0,2801,Active,
4788,19004,1,LEG-4788,12,3 Months,2026-06-15,2026-06-15,2026-09-13,5000,0,5000,0,0,2798,Active,
4787,3279,1,118,20,Morning membership 6am - 1 pm,2026-06-15,2026-07-01,2027-07-01,8500,0,2000,6500,6500,2796,Active,
4786,18527,1,1628,33,40 sessions,2026-06-15,2026-06-15,2026-10-19,4400,0,4400,0,0,2797,Active,
4785,18819,1,1677,32,20 sessions,2026-06-15,2026-06-15,2026-08-24,2500,0,2500,0,0,2792,Expired,
4784,16469,1,LEG-4784,30,12 sessions,2026-06-15,2026-06-15,2026-07-27,1800,0,1800,0,0,2791,Expired,
4783,4048,1,344,15,6 months,2026-06-14,2026-10-01,2027-03-30,8800,0,3000,5800,0,2789,Postponed,
4782,18986,1,1709,8,1 month,2026-06-14,2026-06-14,2026-07-14,2200,0,2200,0,0,2788,Expired,
4781,15727,1,LEG-4781,43,Nutrition 4 sessions,2026-06-14,2026-06-14,2026-07-29,950,0,950,0,0,,Expired,
4780,7774,1,630,39,youth program 20 sessions,2026-06-14,2026-06-14,2026-08-23,3000,0,3000,0,0,2785,Expired,
4779,16961,1,1629,30,12 sessions,2026-06-14,2026-06-14,2026-07-26,1800,0,1800,0,0,2786,Expired,
4778,18942,1,LEG-4778,12,3 Months,2026-06-14,2026-06-14,2026-09-12,5000,0,5000,0,0,2782,Active,
4776,18520,1,1706,8,1 month,2026-06-14,2026-06-14,2026-07-14,3000,0,2500,500,500,2781,Expired,
4775,13419,1,1705,12,3 Months,2026-06-14,2026-06-14,2026-09-12,5000,0,5000,0,0,2776,Active,
4774,16899,1,LEG-4774,17,annual membership,2026-06-14,2026-07-01,2027-07-01,12800,0,12800,0,0,2780,Active,
4773,5983,1,643,45,Nutrition 12 sessions,2026-06-14,2026-06-14,2026-10-12,1920,0,1920,0,0,,Active,
4772,18905,1,1691,32,20 sessions,2026-06-14,2026-06-14,2026-08-23,2500,0,1350,1150,0,2775,Expired,
4771,15132,1,1268,39,youth program 20 sessions,2026-06-14,2026-06-14,2026-08-23,3000,0,3000,0,0,2774,Expired,
4770,16319,1,1704,12,3 Months,2026-06-14,2026-06-24,2026-10-03,5000,0,1000,4000,0,2772,Active,
4769,5658,1,LEG-4769,8,1 month,2026-06-14,2026-06-14,2026-07-14,2200,0,2200,0,0,2773,Expired,
4768,18971,1,1703,12,3 Months,2026-06-13,2026-06-13,2026-09-11,5000,0,5000,0,0,2771,Active,
4767,18972,1,1702,12,3 Months,2026-06-13,2026-06-13,2026-09-11,5000,0,5000,0,0,2770,Active,
4766,16954,1,1651,29,8 sessions,2026-06-13,2026-06-13,2026-07-18,1350,0,800,550,0,2768,Expired,
4765,18720,1,1652,29,8 sessions,2026-06-13,2026-06-13,2026-07-18,1350,0,800,550,100,2769,Expired,
4764,10672,1,LEG-4764,12,3 Months,2026-06-13,2026-06-13,2026-09-11,5000,0,5000,0,0,2766,Active,
4763,18968,1,1700,12,3 Months,2026-06-13,2026-06-13,2026-09-11,5000,0,5000,0,0,2765,Active,
4762,18907,1,1699,12,3 Months,2026-06-13,2026-06-13,2026-09-25,5000,0,5000,0,0,2764,Active,
4761,8734,1,1698,20,Morning membership 6am - 1 pm,2026-06-13,2026-06-13,2027-06-13,8500,0,8500,0,0,2763,Active,
4760,18965,1,1697,17,annual membership,2026-06-13,2026-06-13,2027-06-13,12800,0,12800,0,0,2761,Active,
4759,18103,1,1565,12,3 Months,2026-06-13,2026-07-04,2026-10-09,5000,0,5000,0,0,2753,Freezed,
4758,16611,1,LEG-4758,32,20 sessions,2026-06-13,2026-06-13,2026-08-22,2500,0,2500,0,0,2751,Expired,
4757,8079,1,673,33,40 sessions,2026-06-13,2026-06-13,2026-10-17,4400,0,4400,0,0,2750,Active,
4756,15632,1,LEG-4756,30,12 sessions,2026-06-13,2026-06-13,2026-07-25,1800,0,1800,0,0,2747,Expired,
4755,18868,1,1696,12,3 Months,2026-06-11,2026-06-11,2026-09-13,5000,0,5000,0,0,2739,Active,
4754,15467,1,LEG-4754,39,youth program 20 sessions,2026-06-11,2026-06-11,2026-08-20,3000,0,3000,0,0,2735,Expired,
4752,18914,1,LEG-4752,12,3 Months,2026-06-11,2026-06-11,2026-09-09,5000,0,2200,2800,0,2731,Active,
4751,17988,1,1535,36,head coach 20 sessions,2026-06-10,2026-06-10,2026-08-19,2800,0,2800,0,0,02728,Cancelled,@Cancelled
4750,17988,1,LEG-4750,8,1 month,2026-06-10,2026-06-10,2026-07-10,2200,0,2200,0,0,2728,Cancelled,@Cancelled
4749,18839,1,1692,33,40 sessions,2026-06-10,2026-06-10,2026-10-14,3750,0,3750,0,0,2711,Active,
4748,17902,1,LEG-4748,45,Nutrition 12 sessions,2026-06-10,2026-06-10,2026-10-08,1920,0,1920,0,0,,Active,
4747,18862,1,1693,12,3 Months,2026-06-10,2026-06-10,2026-09-08,5000,0,5000,0,0,2725,Active,
4746,4066,1,266,32,20 sessions,2026-06-10,2026-06-10,2026-08-19,2500,0,2500,0,0,2724,Expired,
4745,5936,1,443,17,annual membership,2026-06-10,2026-06-20,2027-07-04,12800,0,6400,6400,0,2723,Freezed,
4742,11154,1,952,15,6 months,2026-06-10,2026-07-02,2026-12-29,8800,0,8800,0,0,2722,Active,
4741,6614,1,LEG-4741,17,annual membership,2026-06-10,2026-06-13,2027-07-02,12800,0,12800,0,0,2720,Active,
4740,18905,1,LEG-4740,12,3 Months,2026-06-10,2026-06-10,2026-09-22,5000,0,5000,0,0,2719,Active,
4739,15110,1,1690,39,youth program 20 sessions,2026-06-10,2026-06-10,2026-08-19,3000,0,3000,0,0,2718,Expired,
4738,8428,1,1689,12,3 Months,2026-06-10,2026-06-10,2026-09-08,5000,0,5000,0,0,2717,Active,
4737,5983,1,LEG-4737,33,40 sessions,2026-06-09,2026-06-09,2026-10-13,4400,0,4400,0,0,2715,Active,
4736,5983,1,LEG-4736,17,annual membership,2026-06-09,2026-07-05,2027-07-05,12800,0,3800,9000,0,02714,Active,
4735,14150,1,LEG-4735,32,20 sessions,2026-06-09,2026-06-09,2026-08-18,2500,0,2500,0,0,02712,Expired,
4733,18904,1,1688,22,annual monglish offer,2026-06-09,2026-06-09,2027-06-09,10500,0,5000,5500,0,2707,Active,
4732,18902,1,1687,8,1 month,2026-06-09,2026-06-09,2026-07-09,2200,0,2200,0,0,2706,Expired,
4731,16412,1,1612,32,20 sessions,2026-06-09,2026-06-09,2026-07-12,2500,0,1250,1250,0,2664,Transfered,
4730,6498,1,570,44,Nutrition 8 sessions,2026-06-09,2026-06-09,2026-09-07,1650,0,1650,0,0,,Expired,
4729,18894,1,LEG-4729,38,youth program 10 sessions,2026-06-09,2026-06-09,2026-07-21,2000,0,2000,0,0,2702,Expired,
4728,6746,1,558,17,annual membership,2026-06-08,2026-06-20,2027-06-20,10500,0,10500,0,0,2698,Active,
4727,9622,1,851,33,40 sessions,2026-06-08,2026-06-08,2026-10-12,4400,0,4400,0,0,2696,Active,
4726,6027,1,LEG-4726,30,12 sessions,2026-06-08,2026-06-08,2026-07-20,1800,0,1800,0,0,2694,Expired,
4725,6027,1,LEG-4725,43,Nutrition 4 sessions,2026-06-08,2026-06-08,2026-07-23,950,0,950,0,0,,Expired,
4724,3756,1,LEG-4724,30,12 sessions,2026-06-08,2026-06-08,2026-07-20,1800,0,1800,0,0,2690,Expired,
4723,11411,1,1674,30,12 sessions,2026-06-08,2026-06-08,2026-07-20,1800,0,1800,0,0,2688,Expired,
4722,16254,1,1365,12,3 Months,2026-06-07,2026-06-15,2026-09-27,5000,0,1000,4000,0,2686,Active,
4721,9529,1,1665,32,20 sessions,2026-06-07,2026-06-08,2026-08-17,2500,0,2500,0,0,2684,Expired,
4720,16960,1,1430,32,20 sessions,2026-06-07,2026-06-07,2026-08-16,2500,0,2500,0,0,2685,Expired,
4719,18870,1,1685,12,3 Months,2026-06-07,2026-06-07,2026-09-05,5000,0,5000,0,0,2682,Expired,
4718,18877,1,1684,8,1 month,2026-06-07,2026-06-07,2026-07-07,2200,0,2200,0,0,2678,Expired,
4717,16364,1,LEG-4717,12,3 Months,2026-06-07,2026-06-07,2026-09-05,5000,0,5000,0,0,2681,Expired,
4716,18527,1,LEG-4716,30,12 sessions,2026-06-07,2026-06-07,2026-07-19,1800,0,1800,0,0,2680,Expired,
4715,9195,1,755,33,40 sessions,2026-06-07,2026-06-07,2026-10-11,4000,0,4000,0,0,2679,Active,
4714,18348,1,1683,8,1 month,2026-06-07,2026-06-07,2026-07-07,3000,0,3000,0,0,2676,Expired,
4713,17718,1,LEG-4713,20,Morning membership 6am - 1 pm,2026-06-07,2026-06-07,2027-06-14,8500,0,8500,0,0,2675,Active,
4712,18858,1,LEG-4712,38,youth program 10 sessions,2026-06-06,2026-06-06,2026-07-18,2000,0,2000,0,0,2673,Expired,
4711,17383,1,LEG-4711,29,8 sessions,2026-06-06,2026-06-06,2026-07-11,1350,0,1350,0,0,2672,Expired,
4710,2869,1,LEG-4710,17,annual membership,2026-06-06,2026-07-27,2027-07-27,12800,0,6400,6400,0,2669,Active,
4709,13695,1,1197,33,40 sessions,2026-06-06,2026-06-06,2026-10-10,4400,0,2000,2400,0,2662,Active,
4708,10408,1,1681,11,2 months,2026-06-06,2026-06-06,2026-08-05,4400,0,4400,0,0,2661,Expired,
4707,16951,1,1680,12,3 Months,2026-06-06,2026-06-06,2026-09-04,5000,0,5000,0,0,2659,Expired,
4706,15352,1,LEG-4706,32,20 sessions,2026-06-06,2026-06-06,2026-08-15,2500,0,2500,0,0,2660,Expired,
4705,8809,1,LEG-4705,32,20 sessions,2026-06-06,2026-06-06,2026-08-15,2500,0,2500,0,0,2657,Expired,
4704,15470,1,LEG-4704,38,youth program 10 sessions,2026-06-06,2026-06-06,2026-07-18,2000,0,2000,0,0,2656,Expired,
4703,1284,1,730,30,12 sessions,2026-06-06,2026-06-06,2026-07-18,1800,0,1800,0,0,2654,Expired,
4702,8066,1,660,8,1 month,2026-06-06,2026-06-06,2026-07-06,2200,0,2200,0,0,2653,Expired,
4700,13695,1,LEG-4700,12,3 Months,2026-06-05,2026-08-22,2026-11-20,5000,0,5000,0,0,2648,Active,
4699,7175,1,LEG-4699,17,annual membership,2026-06-05,2026-06-05,2027-06-05,12800,0,12800,0,0,2647,Active,
4698,5537,1,LEG-4698,17,annual membership,2026-06-05,2026-06-17,2027-06-17,12800,0,1000,11800,0,2646,Active,
4697,18819,1,LEG-4697,12,3 Months,2026-06-05,2026-06-05,2026-09-10,5000,0,5000,0,0,2645,Active,
4696,13822,1,1676,12,3 Months,2026-06-05,2026-06-05,2026-09-03,5000,0,5000,0,0,2638,Expired,
4695,15473,1,LEG-4695,45,Nutrition 12 sessions,2026-06-05,2026-06-05,2026-10-03,1920,0,1920,0,0,,Active,
4694,17417,1,LEG-4694,43,Nutrition 4 sessions,2026-06-05,2026-06-05,2026-07-20,950,0,950,0,0,,Expired,
4693,13235,1,1160,45,Nutrition 12 sessions,2026-06-05,2026-06-05,2026-10-03,1920,0,1920,0,0,,Active,
4692,15471,1,LEG-4692,38,youth program 10 sessions,2026-06-05,2026-06-05,2026-07-17,2000,0,2000,0,0,2640,Expired,
4691,4112,1,LEG-4691,8,1 month,2026-06-04,2026-06-14,2026-07-14,2200,0,2200,0,0,2636,Expired,
4690,10426,1,899,32,20 sessions,2026-06-04,2026-06-04,2026-08-13,2500,0,2500,0,0,2635,Expired,
4689,18822,1,1675,39,youth program 20 sessions,2026-06-04,2026-06-04,2026-08-13,3000,0,3000,0,0,2629,Expired,
4688,7495,1,618,38,youth program 10 sessions,2026-06-04,2026-06-04,2026-07-16,2000,0,2000,0,0,2630,Expired,
4687,13727,1,LEG-4687,32,20 sessions,2026-06-04,2026-06-04,2026-08-13,0,0,0,0,0,N00000,Expired,
4686,11411,1,LEG-4686,12,3 Months,2026-06-04,2026-06-04,2026-09-09,5000,0,5000,0,0,2628,Active,
4683,17634,1,LEG-4683,32,20 sessions,2026-06-04,2026-06-04,2026-08-13,2500,0,2500,0,0,2622,Expired,
4682,14418,1,1219,32,20 sessions,2026-06-04,2026-06-04,2026-08-13,2500,0,2500,0,0,2621,Expired,
4681,14418,1,LEG-4681,11,2 months,2026-06-04,2026-06-04,2026-08-03,4000,0,4000,0,0,02621,Expired,
4680,12398,1,1673,39,youth program 20 sessions,2026-06-04,2026-06-04,2026-08-13,3000,0,3000,0,0,2620,Expired,
4679,5287,1,LEG-4679,12,3 Months,2026-06-03,2026-06-03,2026-09-01,5000,0,5000,0,0,2607,Expired,
4676,16482,1,1374,39,youth program 20 sessions,2026-06-03,2026-06-03,2026-08-12,2750,0,2750,0,0,2614,Expired,
4675,13235,1,LEG-4675,17,annual membership,2026-06-03,2026-06-03,2027-06-03,12800,0,6000,6800,0,2613,Active,
4674,18810,1,1671,39,youth program 20 sessions,2026-06-03,2026-06-03,2026-08-12,3000,0,3000,0,0,2605,Expired,
4673,7782,1,LEG-4673,17,annual membership,2026-06-03,2026-06-03,2027-06-03,12800,0,12800,0,0,2612,Active,
4672,18103,1,LEG-4672,8,1 month,2026-06-03,2026-06-03,2026-07-03,2200,0,2200,0,0,2611,Expired,
4671,18100,1,1564,8,1 month,2026-06-03,2026-06-03,2026-07-03,2200,0,2200,0,0,2610,Expired,
4670,6078,1,LEG-4670,32,20 sessions,2026-06-03,2026-06-03,2026-08-12,2500,0,2500,0,0,2604,Expired,
4669,15861,1,LEG-4669,32,20 sessions,2026-06-03,2026-06-03,2026-08-12,2500,0,2500,0,0,2609,Expired,
4668,6423,1,517,17,annual membership,2026-06-03,2026-06-06,2027-06-06,12800,0,12800,0,0,2608,Active,
4667,18807,1,LEG-4667,38,youth program 10 sessions,2026-06-03,2026-06-03,2026-07-15,2000,0,2000,0,0,2590,Expired,
4666,16824,1,LEG-4666,33,40 sessions,2026-06-03,2026-06-03,2026-10-07,4000,0,4000,0,0,02599,Active,
4665,18765,1,1668,12,3 Months,2026-06-03,2026-06-03,2026-09-01,5000,0,5000,0,0,2598,Expired,
4664,9400,1,1508,32,20 sessions,2026-06-03,2026-06-03,2026-08-12,0,0,0,0,0,N0000,Expired,
4663,15473,1,LEG-4663,17,annual membership,2026-06-03,2026-07-21,2027-07-21,12800,0,4000,8800,0,2597,Active,
4662,2087,1,258,43,Nutrition 4 sessions,2026-06-03,2026-06-03,2026-07-18,950,0,950,0,0,,Expired,
4661,7451,1,1667,17,annual membership,2026-06-03,2026-06-03,2027-06-03,12800,0,12800,0,0,2591,Active,
4660,18795,1,1666,17,annual membership,2026-06-02,2026-06-04,2027-06-04,12800,0,1000,11800,11800,2588,Active,
4659,9529,1,LEG-4659,17,annual membership,2026-06-02,2026-06-02,2027-06-02,12800,0,12800,0,0,2586,Active,
4658,16185,1,1341,32,20 sessions,2026-06-02,2026-06-02,2026-08-11,2500,0,2500,0,0,2587,Expired,
4657,14459,1,LEG-4657,32,20 sessions,2026-06-02,2026-06-02,2026-08-11,2500,0,2500,0,0,2581,Expired,
4656,15352,1,LEG-4656,12,3 Months,2026-06-02,2026-06-02,2026-09-07,5000,0,5000,0,0,2582,Expired,
4655,12510,1,LEG-4655,30,12 sessions,2026-06-02,2026-06-06,2026-07-18,1800,0,1800,0,0,2577,Expired,
4654,10689,1,1663,12,3 Months,2026-06-02,2026-06-12,2026-09-10,5000,0,2200,2800,0,02579,Active,
4653,1742,1,1069,12,3 Months,2026-06-02,2026-06-02,2026-09-14,5000,0,5000,0,0,2578,Active,
4652,6024,1,LEG-4652,32,20 sessions,2026-06-01,2026-06-01,2026-08-10,2500,0,2500,0,0,2573,Expired,
4651,6079,1,LEG-4651,32,20 sessions,2026-06-01,2026-06-01,2026-08-10,2500,0,2500,0,0,2574,Expired,
4650,18780,1,LEG-4650,33,40 sessions,2026-06-01,2026-06-01,2026-10-05,4000,0,4000,0,0,02572,Expired,
4649,18780,1,LEG-4649,12,3 Months,2026-06-01,2026-06-01,2026-08-30,5000,0,5000,0,0,2572,Expired,
4648,10482,1,LEG-4648,31,16 sessions,2026-06-01,2026-06-01,2026-07-27,2200,0,2200,0,0,2570,Expired,
4647,17602,1,1531,33,40 sessions,2026-06-01,2026-06-01,2026-10-05,4400,0,4400,0,0,2568,Active,
4646,301,1,987,15,6 months,2026-06-01,2026-06-01,2026-11-28,8800,0,8800,0,0,2565,Active,
4645,16937,1,LEG-4645,36,head coach 20 sessions,2026-06-01,2026-06-01,2026-08-10,3000,0,3000,0,0,2562,Expired,
4644,10325,1,896,17,annual membership,2026-08-03,2026-08-03,2027-08-03,12800,0,5000,7800,2300,2560,Active,
4643,10324,1,897,17,annual membership,2026-06-01,2026-08-03,2027-08-03,12800,0,5000,7800,2300,2561,Active,
4642,18774,1,1661,8,1 month,2026-06-01,2026-06-01,2026-07-01,3000,0,3000,0,0,2558,Expired,
4641,17978,1,LEG-4641,12,3 Months,2026-05-31,2026-05-31,2026-09-12,5000,0,2200,2800,0,2556,Active,
4640,18445,1,LEG-4640,28,4 sessions,2026-05-31,2026-05-31,2026-06-28,800,0,800,0,0,,Expired,
4639,16444,1,1660,12,3 Months,2026-05-31,2026-05-31,2026-08-29,5000,0,5000,0,0,2554,Expired,
4638,18754,1,LEG-4638,17,annual membership,2026-05-31,2026-06-05,2027-06-05,12800,0,12800,0,0,2553,Active,
4636,18743,1,1657,8,1 month,2026-05-31,2026-05-31,2026-06-30,2200,0,2200,0,0,2550,Expired,
4635,7527,1,620,33,40 sessions,2026-05-31,2026-05-31,2026-10-04,4000,0,4000,0,0,02547,Active,
4634,7527,1,LEG-4634,12,3 Months,2026-05-31,2026-05-31,2026-08-29,5000,0,5000,0,0,2547,Expired,
4633,12753,1,LEG-4633,33,40 sessions,2026-05-31,2026-05-31,2026-10-04,4400,0,4400,0,0,2545,Expired,
4632,12229,1,LEG-4632,12,3 Months,2026-05-31,2026-08-17,2026-11-15,5000,0,2500,2500,0,2544,Active,
4631,8661,1,704,33,40 sessions,2026-05-31,2026-05-31,2026-10-04,4400,0,2500,1900,1900,2543,Active,
4630,8661,1,LEG-4630,12,3 Months,2026-05-31,2026-05-31,2026-09-28,5000,0,2500,2500,2500,02543,Active,
4629,7800,1,LEG-4629,32,20 sessions,2026-05-31,2026-05-31,2026-08-09,2500,0,2500,0,0,2541,Expired,
4628,10155,1,869,8,1 month,2026-05-31,2026-05-31,2026-06-30,3000,0,3000,0,0,2539,Expired,
4627,18414,1,1656,12,3 Months,2026-05-30,2026-05-30,2026-08-28,5000,0,5000,0,0,2538,Expired,
4626,6479,1,LEG-4626,12,3 Months,2026-05-29,2026-06-04,2026-09-02,5000,0,2500,2500,0,2532,Expired,
4625,18735,1,1655,8,1 month,2026-05-29,2026-05-29,2026-06-28,2200,0,2200,0,0,2529,Expired,
4624,18430,1,1654,15,6 months,2026-05-29,2026-05-29,2026-12-25,8800,0,8800,0,0,2528,Active,
4623,7232,1,1653,12,3 Months,2026-05-29,2026-06-02,2026-09-07,5000,0,5000,0,0,2527,Expired,
4622,5483,1,LEG-4622,32,20 sessions,2026-05-29,2026-05-29,2026-08-07,2500,0,2500,0,0,2526,Expired,
4621,7096,1,590,17,annual membership,2026-05-29,2026-05-29,2027-05-29,12800,0,12800,0,0,2525,Active,
4619,18720,1,LEG-4619,17,annual membership,2026-05-25,2026-06-05,2027-06-05,12800,0,1000,11800,0,2519,Active,
4618,16954,1,LEG-4618,17,annual membership,2026-05-25,2026-06-05,2027-06-05,12800,0,1000,11800,0,2518,Active,
4617,5554,1,LEG-4617,17,annual membership,2026-05-25,2026-06-15,2027-06-15,12800,0,2000,10800,0,2517,Active,
4616,18605,1,LEG-4616,12,3 Months,2026-05-25,2026-05-25,2026-08-23,5000,0,5000,0,0,2516,Expired,
4615,18657,1,1648,17,annual membership,2026-05-25,2026-05-25,2027-05-25,12800,0,12800,0,0,2515,Active,
4614,5219,1,1647,17,annual membership,2026-05-25,2026-09-01,2027-09-01,12800,0,12800,0,0,2514,Active,
4613,18065,1,1646,17,annual membership,2026-05-25,2026-09-01,2027-09-01,12800,0,12800,0,0,2513,Active,
4612,18716,1,1645,18,Annual family membership,2026-05-25,2026-06-02,2027-06-19,11800,0,4200,7600,1000,2510,Active,
4611,18700,1,1644,39,youth program 20 sessions,2026-05-25,2026-05-26,2026-08-04,3000,0,3000,0,0,2508,Expired,
4610,6084,1,LEG-4610,30,12 sessions,2026-05-25,2026-05-25,2026-07-06,1800,0,1800,0,0,2507,Expired,
4609,3901,1,LEG-4609,43,Nutrition 4 sessions,2026-05-24,2026-05-24,2026-07-08,950,0,950,0,0,,Expired,
4608,18610,1,LEG-4608,29,8 sessions,2026-05-24,2026-05-24,2026-06-28,1350,0,1350,0,0,2497,Expired,
4607,9254,1,LEG-4607,12,3 Months,2026-05-24,2026-06-01,2026-09-13,5000,0,5000,0,0,2495,Active,
4606,18237,1,1643,8,1 month,2026-05-24,2026-05-24,2026-06-23,2200,0,2200,0,0,2494,Expired,
4605,18661,1,1642,8,1 month,2026-05-24,2026-05-24,2026-06-23,3000,0,3000,0,0,2489,Expired,
4604,14485,1,1641,12,3 Months,2026-05-24,2026-05-24,2026-09-05,5000,0,5000,0,0,2487,Expired,
4603,14481,1,1640,12,3 Months,2026-05-24,2026-05-24,2026-08-14,5000,0,5000,0,0,2488,Transfered,
4602,4075,1,249,17,annual membership,2026-05-23,2026-05-23,2027-06-15,12800,0,12800,0,0,2486,Freezed,
4601,5372,1,396,12,3 Months,2026-05-23,2026-05-26,2026-08-24,5000,0,5000,0,0,2485,Expired,
4599,5833,1,LEG-4599,32,20 sessions,2026-05-23,2026-05-23,2026-08-01,2500,0,2500,0,0,2481,Expired,
4598,10280,1,1381,29,8 sessions,2026-05-23,2026-05-23,2026-06-27,1350,0,1350,0,0,2483,Expired,
4597,10095,1,LEG-4597,29,8 sessions,2026-05-23,2026-05-23,2026-06-27,1350,0,1350,0,0,2479,Expired,
4596,5384,1,390,18,Annual family membership,2026-05-23,2026-05-23,2027-05-23,11800,0,6000,5800,0,2474,Active,
4595,9773,1,1639,12,3 Months,2026-05-23,2026-05-23,2026-08-21,5000,0,5000,0,0,2473,Expired,
4594,10273,1,1016,17,annual membership,2026-05-23,2026-05-23,2027-05-23,12800,0,12800,0,0,2472,Active,
4593,8273,1,693,32,20 sessions,2026-05-23,2026-05-23,2026-08-01,2500,0,2500,0,0,2442,Expired,
4592,8335,1,LEG-4592,29,8 sessions,2026-05-23,2026-05-23,2026-06-27,1350,0,1350,0,0,2470,Expired,
4591,7528,1,LEG-4591,12,3 Months,2026-05-22,2026-05-23,2026-08-21,5000,0,5000,0,0,2468,Expired,
4590,18611,1,1638,12,3 Months,2026-05-22,2026-06-05,2026-09-03,5000,0,5000,0,0,2453,Cancelled,@Cancelled
4589,18610,1,LEG-4589,15,6 months,2026-05-22,2026-05-24,2026-12-06,8800,0,5000,3800,0,2452,Active,
4588,6140,1,471,17,annual membership,2026-05-22,2026-06-06,2027-06-13,12800,0,12800,0,0,2466,Active,
4587,1271,1,470,17,annual membership,2026-05-22,2026-05-22,2027-05-27,12800,0,12800,0,0,2465,Active,
4586,18598,1,LEG-4586,8,1 month,2026-05-22,2026-05-31,2026-06-30,2200,0,2200,0,0,2464,Expired,
4585,15469,1,1635,8,1 month,2026-05-22,2026-05-22,2026-06-21,2200,0,2200,0,0,2462,Expired,
4584,4506,1,1634,20,Morning membership 6am - 1 pm,2026-05-22,2026-06-20,2027-06-20,8500,0,8500,0,0,2461,Active,
4583,18585,1,1633,8,1 month,2026-05-22,2026-05-22,2026-06-21,2200,0,2200,0,0,2457,Expired,
4582,18577,1,1632,17,annual membership,2026-05-21,2026-05-21,2027-05-21,12800,0,12800,0,0,02452,Active,
4581,2869,1,LEG-4581,30,12 sessions,2026-05-21,2026-05-21,2026-07-02,1800,0,1800,0,0,2451,Expired,
4580,5310,1,1589,30,12 sessions,2026-05-21,2026-05-21,2026-07-02,1800,0,1800,0,0,2448,Expired,
4579,14930,1,1293,32,20 sessions,2026-05-21,2026-05-21,2026-07-30,2500,0,2500,0,0,02446,Expired,
4578,14930,1,LEG-4578,12,3 Months,2026-05-21,2026-05-21,2026-08-19,5000,0,5000,0,0,2446,Expired,
4577,9187,1,1446,32,20 sessions,2026-05-21,2026-05-21,2026-07-30,2500,0,2500,0,0,2445,Expired,
4576,7263,1,582,8,1 month,2026-05-21,2026-05-21,2026-06-20,3000,0,3000,0,0,2444,Expired,
4575,18544,1,1631,8,1 month,2026-05-21,2026-05-21,2026-06-20,2200,0,2200,0,0,2439,Expired,
4574,18445,1,LEG-4574,12,3 Months,2026-05-20,2026-05-20,2026-09-01,5000,0,2500,2500,0,2435500,Expired,
4573,17855,1,LEG-4573,32,20 sessions,2026-05-20,2026-05-21,2026-07-30,2500,0,2500,0,0,2437,Expired,
4572,17670,1,LEG-4572,8,1 month,2026-05-20,2026-05-20,2026-06-19,2200,0,2200,0,0,2434,Expired,
4571,9431,1,LEG-4571,32,20 sessions,2026-05-20,2026-05-20,2026-07-29,2500,0,2500,0,0,2431,Expired,
4570,16961,1,LEG-4570,12,3 Months,2026-05-20,2026-05-20,2026-08-25,5000,0,5000,0,0,1644,Expired,
4569,5297,1,LEG-4569,32,20 sessions,2026-05-20,2026-09-07,2026-11-16,2500,0,700,1800,0,2430,Active,
4568,18526,1,LEG-4568,37,head coach 40 sessions,2026-05-20,2026-05-21,2026-09-24,5400,0,5400,0,0,2419,Active,
4567,18243,1,1587,43,Nutrition 4 sessions,2026-05-20,2026-05-20,2026-07-04,950,0,950,0,0,,Expired,
4566,18527,1,LEG-4566,17,annual membership,2026-05-20,2026-06-07,2027-06-07,12800,0,12800,0,0,2423,Active,
4565,18526,1,LEG-4565,12,3 Months,2026-05-20,2026-05-20,2026-08-18,5000,0,5000,0,0,2418,Expired,
4564,15712,1,1298,33,40 sessions,2026-05-19,2026-06-01,2026-10-05,4000,0,4000,0,0,02415,Active,
4563,15712,1,LEG-4563,15,6 months,2026-05-19,2026-06-01,2026-12-12,8800,0,8800,0,0,2415,Active,
4562,6771,1,LEG-4562,12,3 Months,2026-05-19,2026-06-05,2026-09-03,5000,0,5000,0,0,2413,Expired,
4561,8243,1,LEG-4561,32,20 sessions,2026-05-19,2026-05-20,2026-07-29,2500,0,2500,0,0,2411,Expired,
4560,4031,1,LEG-4560,32,20 sessions,2026-05-19,2026-05-20,2026-07-29,2500,0,2500,0,0,2410,Expired,
4559,18485,1,1625,12,3 Months,2026-05-19,2026-05-20,2026-08-28,5000,0,2200,2800,0,2409,Expired,
4558,10095,1,LEG-4558,12,3 Months,2026-05-19,2026-05-19,2026-08-31,5000,0,5000,0,0,2408,Expired,
4557,5809,1,LEG-4557,12,3 Months,2026-05-19,2026-05-19,2026-08-17,5000,0,5000,0,0,2407,Expired,
4556,1490,1,397,15,6 months,2026-05-19,2026-06-24,2027-01-05,8800,0,8800,0,0,2406,Active,
4555,18503,1,LEG-4555,12,3 Months,2026-05-19,2026-05-19,2026-08-24,5000,0,3000,2000,0,2402,Expired,
4554,17718,1,LEG-4554,29,8 sessions,2026-05-19,2026-05-19,2026-06-23,1350,0,1350,0,0,2399,Expired,
4553,7347,1,614,32,20 sessions,2026-05-19,2026-05-19,2026-07-28,2500,0,2500,0,0,2398,Expired,
4552,14662,1,1621,15,6 months,2026-05-18,2026-05-31,2026-11-27,8800,0,8800,0,0,2396,Active,
4551,18487,1,1620,8,1 month,2026-05-18,2026-05-18,2026-06-17,2200,0,2200,0,0,2389,Expired,
4550,18497,1,1619,17,annual membership,2026-05-18,2026-08-06,2027-08-06,12800,0,3400,9400,0,2394,Active,
4549,12966,1,1618,22,annual monglish offer,2026-05-18,2026-05-18,2027-05-18,10500,0,5250,5250,0,2393,Active,
4548,18212,1,1617,33,40 sessions,2026-05-18,2026-05-19,2026-09-22,4000,0,4000,0,0,02395,Active,
4547,18212,1,LEG-4547,12,3 Months,2026-05-18,2026-05-19,2026-08-17,5000,0,5000,0,0,2395,Expired,
4546,6997,1,LEG-4546,45,Nutrition 12 sessions,2026-05-18,2026-05-18,2026-09-15,1920,0,1920,0,0,,Active,
4545,4615,1,LEG-4545,31,16 sessions,2026-05-18,2026-05-18,2026-07-13,2200,0,2200,0,0,2390,Expired,
4544,18488,1,1616,8,1 month,2026-05-18,2026-05-18,2026-06-17,2200,0,2200,0,0,2388,Expired,
4543,16232,1,LEG-4543,32,20 sessions,2026-05-18,2026-05-18,2026-07-27,2500,0,2500,0,0,2383,Expired,
4542,18493,1,1615,8,1 month,2026-05-18,2026-05-18,2026-06-17,2200,0,2200,0,0,2381,Expired,
4541,1516,1,485,29,8 sessions,2026-05-18,2026-05-18,2026-06-22,1350,0,1350,0,0,2380,Expired,
4540,18412,1,1607,32,20 sessions,2026-05-18,2026-05-18,2026-07-27,2500,0,2500,0,0,2377,Expired,
4539,15727,1,LEG-4539,32,20 sessions,2026-05-18,2026-05-18,2026-07-27,2500,0,2500,0,0,2376,Expired,
4538,18469,1,1614,17,annual membership,2026-05-17,2026-05-17,2027-05-17,12800,0,12800,0,0,2375,Active,
4537,14098,1,1195,39,youth program 20 sessions,2026-05-17,2026-05-17,2026-07-26,3000,0,3000,0,0,2374,Expired,
4536,10981,1,LEG-4536,12,3 Months,2026-05-17,2026-05-17,2026-08-29,5000,0,5000,0,0,2370,Expired,
4535,10595,1,328,12,3 Months,2026-05-17,2026-05-17,2026-08-15,5000,0,5000,0,0,2369,Expired,
4534,10945,1,LEG-4534,32,20 sessions,2026-05-17,2026-05-20,2026-07-29,2500,0,1000,1500,0,2366,Expired,
4533,9622,1,LEG-4533,15,6 months,2026-05-17,2026-05-30,2026-11-26,8800,0,8800,0,0,2365,Active,
4532,17037,1,1613,36,head coach 20 sessions,2026-05-17,2026-05-17,2026-07-26,3000,0,3000,0,0,2364,Expired,
4531,17037,1,LEG-4531,15,6 months,2026-05-17,2026-05-17,2026-11-13,8800,0,8800,0,0,2363,Active,
4530,16412,1,LEG-4530,12,3 Months,2026-05-17,2026-05-17,2026-07-12,5000,0,5000,0,0,2358,Transfered,
4529,5396,1,393,15,6 months,2026-05-17,2026-05-31,2026-12-18,8800,0,8800,0,0,2359,Active,
4528,6183,1,521,32,20 sessions,2026-05-17,2026-05-17,2026-07-26,2500,0,2500,0,0,2349,Expired,
4527,8559,1,LEG-4527,15,6 months,2026-05-16,2026-06-01,2026-11-28,8800,0,8800,0,0,2348,Active,
4526,18367,1,LEG-4526,15,6 months,2026-05-16,2026-05-16,2026-11-12,8800,0,3000,5800,0,2347,Active,
4525,18418,1,LEG-4525,12,3 Months,2026-05-16,2026-05-16,2026-08-14,5000,0,5000,0,0,2346,Expired,
4524,1818,1,LEG-4524,32,20 sessions,2026-05-16,2026-05-16,2026-07-25,2500,0,2500,0,0,02345,Expired,
4523,8470,1,1198,12,3 Months,2026-05-16,2026-05-16,2026-08-14,5000,0,5000,0,0,2344,Expired,
4522,18383,1,LEG-4522,12,3 Months,2026-05-16,2026-06-15,2026-09-27,5000,0,5000,0,0,2341,Active,
4521,3862,1,LEG-4521,12,3 Months,2026-05-16,2026-05-21,2026-08-19,5000,0,5000,0,0,2340,Expired,
4520,2496,1,52,26,Marines,2026-05-16,2026-05-16,2027-05-16,10500,0,10500,0,0,2337,Active,
4519,11283,1,968,33,40 sessions,2026-05-16,2026-05-16,2026-09-19,4400,0,2200,2200,0,2336,Active,
4518,6647,1,1608,18,Annual family membership,2026-05-16,2026-05-01,2027-05-01,11800,0,11800,0,0,02334,Active,
4517,18412,1,LEG-4517,12,3 Months,2026-05-16,2026-06-15,2026-09-13,5000,0,5000,0,0,2335,Active,
4516,5340,1,438,17,annual membership,2026-05-16,2026-05-16,2027-05-16,11800,0,11800,0,0,23334,Active,
4515,18408,1,LEG-4515,32,20 sessions,2026-05-16,2026-05-16,2026-07-25,2500,0,2500,0,0,2334,Expired,
4514,18408,1,LEG-4514,12,3 Months,2026-05-16,2026-05-16,2026-08-14,5000,0,5000,0,0,2333,Expired,
4513,10904,1,1605,12,3 Months,2026-05-15,2026-06-01,2026-09-13,5000,0,1000,4000,0,2332,Active,
4512,17417,1,LEG-4512,39,youth program 20 sessions,2026-05-15,2026-05-15,2026-07-24,3000,0,3000,0,0,2330,Expired,
4511,14390,1,1478,33,40 sessions,2026-05-15,2026-05-15,2026-09-18,4400,0,2500,1900,0,2329,Active,
4510,17647,1,1604,12,3 Months,2026-05-15,2026-05-15,2026-08-27,5000,0,5000,0,0,2327,Expired,
4509,7175,1,LEG-4509,30,12 sessions,2026-05-15,2026-05-15,2026-06-26,1800,0,1800,0,0,2357,Expired,
4508,1788,1,LEG-4508,17,annual membership,2026-05-14,2026-06-05,2027-06-05,10500,0,10500,0,0,2325,Active,
4507,12855,1,LEG-4507,33,40 sessions,2026-05-14,2026-05-14,2026-09-17,4000,0,4000,0,0,2323,Active,
4506,12855,1,LEG-4506,12,3 Months,2026-05-14,2026-05-14,2026-08-19,5000,0,5000,0,0,2322,Expired,
4505,7838,1,LEG-4505,32,20 sessions,2026-05-14,2026-05-14,2026-07-23,2500,0,2500,0,0,2320,Expired,
4504,4798,1,466,12,3 Months,2026-05-14,2026-05-15,2026-08-13,5000,0,5000,0,0,2319,Cancelled,@Cancelled
4503,159,1,1109,15,6 months,2026-05-14,2026-06-07,2026-12-04,8800,0,8800,0,0,2318,Active,
4502,18360,1,1603,33,40 sessions,2026-05-14,2026-05-14,2026-09-17,4000,0,4000,0,0,2317,Active,
4501,18356,1,1602,8,1 month,2026-05-14,2026-05-14,2026-06-13,3000,0,3000,0,0,2355,Expired,
4500,18015,1,1540,31,16 sessions,2026-05-13,2026-05-13,2026-07-08,2200,0,2200,0,0,2315,Expired,
4498,6153,1,LEG-4498,32,20 sessions,2026-05-13,2026-05-13,2026-07-22,2500,0,2500,0,0,2313,Expired,
4497,3898,1,LEG-4497,30,12 sessions,2026-05-13,2026-05-13,2026-06-24,1800,0,1800,0,0,2314,Expired,
4496,8662,1,LEG-4496,12,3 Months,2026-05-13,2026-05-13,2026-08-11,5000,0,5000,0,0,232,Expired,
4495,16937,1,LEG-4495,17,annual membership,2026-05-13,2026-06-01,2027-06-01,12800,0,1000,11800,0,2310,Active,
4494,13215,1,LEG-4494,12,3 Months,2026-05-13,2026-05-13,2026-08-11,5000,0,5000,0,0,2311,Expired,
4493,8067,1,1509,32,20 sessions,2026-05-13,2026-05-13,2026-07-22,2500,0,2000,500,500,2309,Expired,
4492,18234,1,1597,15,6 months,2026-05-13,2026-05-13,2026-11-09,8800,0,8800,0,0,2308,Active,
4491,12753,1,LEG-4491,45,Nutrition 12 sessions,2026-05-13,2026-05-13,2026-09-10,1920,0,1920,0,0,,Active,
4490,5790,1,1030,12,3 Months,2026-05-13,2026-05-13,2026-08-11,5000,0,5000,0,0,2354,Expired,
4489,18074,1,1556,29,8 sessions,2026-05-12,2026-05-13,2026-06-17,1350,0,1350,0,0,2352,Expired,
4488,18305,1,1596,12,3 Months,2026-05-12,2026-05-12,2026-08-10,5000,0,5000,0,0,2351,Cancelled,@Cancelled
4487,18187,1,1588,33,40 sessions,2026-05-12,2026-05-13,2026-09-16,4400,0,2200,2200,0,2305,Active,
4486,13054,1,1125,8,1 month,2026-05-12,2026-05-13,2026-06-12,2200,0,2200,0,0,2303,Expired,
4485,17959,1,1537,30,12 sessions,2026-05-12,2026-05-12,2026-06-23,1800,0,1800,0,0,2301,Expired,
4484,18293,1,1595,12,3 Months,2026-05-12,2026-05-12,2026-08-10,5000,0,5000,0,0,2297,Cancelled,@Cancelled
4482,18297,1,1593,8,1 month,2026-05-12,2026-05-12,2026-06-11,3000,0,3000,0,0,2296,Expired,
4481,18296,1,1592,12,3 Months,2026-05-12,2026-05-12,2026-08-10,5000,0,5000,0,0,2295,Cancelled,@Cancelled
4480,13227,1,LEG-4480,43,Nutrition 4 sessions,2026-05-12,2026-05-12,2026-06-26,950,0,950,0,0,,Expired,
4478,9443,1,LEG-4478,32,20 sessions,2026-05-11,2026-05-12,2026-07-21,0,0,0,0,0,002292,Expired,
4477,9443,1,LEG-4477,17,annual membership,2026-05-11,2026-05-11,2027-05-11,0,0,0,0,0,02292,Active,
4476,4884,1,334,12,3 Months,2026-05-11,2026-05-12,2026-08-10,6500,0,6000,500,500,2292,Expired,
4475,5962,1,453,15,6 months,2026-05-11,2026-05-11,2026-11-07,8800,0,1000,7800,0,2291,Active,
4474,12480,1,LEG-4474,8,1 month,2026-05-11,2026-05-12,2026-06-11,2200,0,2200,0,0,2290,Expired,
4473,4236,1,297,39,youth program 20 sessions,2026-05-11,2026-05-11,2026-07-20,3000,0,3000,0,0,2289,Expired,
4472,6389,1,1590,38,youth program 10 sessions,2026-05-11,2026-05-11,2026-06-22,2000,0,2000,0,0,2288,Expired,
4471,5310,1,LEG-4471,15,6 months,2026-05-11,2026-05-17,2026-11-13,8800,0,5000,3800,0,2281,Active,
4470,18070,1,LEG-4470,32,20 sessions,2026-05-11,2026-05-12,2026-07-21,2500,0,2500,0,0,2280,Expired,
4469,18187,1,LEG-4469,12,3 Months,2026-05-11,2026-05-11,2026-08-09,5000,0,5000,0,0,2279,Expired,
4468,5334,1,408,32,20 sessions,2026-05-11,2026-05-11,2026-07-20,2500,0,2500,0,0,2275,Expired,
4467,3904,1,188,39,youth program 20 sessions,2026-05-11,2026-05-11,2026-07-20,1500,0,1500,0,0,2274,Expired,
4466,18244,1,1586,31,16 sessions,2026-05-11,2026-05-11,2026-07-06,2200,0,2200,0,0,2276,Expired,
4465,18243,1,LEG-4465,8,1 month,2026-05-11,2026-05-11,2026-06-10,2200,0,2200,0,0,2272,Expired,
4464,18244,1,LEG-4464,8,1 month,2026-05-11,2026-05-11,2026-06-10,2200,0,2200,0,0,2273,Expired,
4463,16611,1,LEG-4463,32,20 sessions,2026-05-11,2026-05-11,2026-07-20,2500,0,500,2000,0,2271,Expired,
4462,18281,1,1585,8,1 month,2026-05-11,2026-05-11,2026-06-10,2200,0,2200,0,0,2269,Expired,
4461,16408,1,1427,33,40 sessions,2026-05-11,2026-05-11,2026-09-14,5400,0,4400,1000,0,2267,Active,
4460,16033,1,1319,32,20 sessions,2026-05-11,2026-05-11,2026-07-20,2500,0,2500,0,0,2266,Expired,
4459,12583,1,1086,17,annual membership,2026-05-11,2026-05-11,2027-05-11,12800,0,12800,0,0,2265,Active,
4458,18277,1,1584,12,3 Months,2026-05-11,2026-05-18,2026-08-16,5000,0,5000,0,0,2259,Expired,
4457,13735,1,1575,32,20 sessions,2026-05-10,2026-05-11,2026-07-20,2500,0,500,2000,0,2264,Expired,
4456,2630,1,74,17,annual membership,2026-05-10,2026-05-25,2027-05-25,10500,2300,2000,6200,0,2261,Active,
4455,4162,1,272,17,annual membership,2026-05-10,2026-05-24,2027-06-12,12800,0,6400,6400,0,2260,Active,
4454,8156,1,1036,33,40 sessions,2026-05-10,2026-05-11,2026-09-14,4400,0,2000,2400,0,2252,Active,
4453,6241,1,LEG-4453,32,20 sessions,2026-05-10,2026-05-10,2026-07-19,2500,0,2500,0,0,2250,Expired,
4452,14917,1,1560,32,20 sessions,2026-05-10,2026-05-10,2026-07-19,2500,0,2500,0,0,2248,Expired,
4451,17525,1,1485,33,40 sessions,2026-05-10,2026-05-12,2026-09-15,4400,0,4400,0,0,2247,Active,
4450,17667,1,LEG-4450,32,20 sessions,2026-05-10,2026-05-10,2026-07-19,2500,0,2500,0,0,2246,Expired,
4449,7328,1,LEG-4449,32,20 sessions,2026-05-10,2026-05-10,2026-07-19,2500,0,2500,0,0,2245,Expired,
4448,18258,1,1583,8,1 month,2026-05-10,2026-05-10,2026-06-09,3000,0,3000,0,0,2238,Expired,
4447,12669,1,1084,33,40 sessions,2026-05-10,2026-05-10,2026-09-13,4400,0,4400,0,0,2237,Active,
4445,7328,1,LEG-4445,12,3 Months,2026-05-09,2026-05-09,2026-08-18,5000,0,2200,2800,0,2233,Expired,
4444,16469,1,LEG-4444,30,12 sessions,2026-05-09,2026-05-09,2026-06-20,1800,0,1800,0,0,2232,Expired,
4443,6027,1,LEG-4443,29,8 sessions,2026-05-08,2026-05-08,2026-06-12,1350,0,1350,0,0,02229,Expired,
4442,18184,1,LEG-4442,12,3 Months,2026-05-08,2026-07-17,2026-10-15,5000,0,5000,0,0,2228,Active,
4440,18205,1,1580,12,3 Months,2026-05-08,2026-07-01,2026-09-29,5000,0,5000,0,0,2227,Active,
4439,12016,1,LEG-4439,45,Nutrition 12 sessions,2026-05-08,2026-05-08,2026-09-05,1920,0,1920,0,0,,Expired,
4438,4543,1,LEG-4438,17,annual membership,2026-05-07,2026-05-07,2027-05-07,12800,0,12800,0,0,2218,Active,
4437,18091,1,LEG-4437,12,3 Months,2026-05-07,2026-05-07,2026-08-05,5000,0,5000,0,0,2217,Expired,
4436,17393,1,1515,32,20 sessions,2026-05-07,2026-05-07,2026-07-16,2500,0,2500,0,0,2212,Expired,
4435,17334,1,LEG-4435,33,40 sessions,2026-05-07,2026-05-07,2026-09-10,4400,0,4400,0,0,2213,Expired,
4434,7561,1,LEG-4434,8,1 month,2026-05-07,2026-05-07,2026-06-06,2200,0,2200,0,0,2215,Expired,
4433,18171,1,1578,38,youth program 10 sessions,2026-05-07,2026-05-07,2026-06-18,2000,0,2000,0,0,2211,Expired,
4432,18133,1,1577,8,1 month,2026-05-07,2026-05-07,2026-06-06,2200,0,2200,0,0,2208,Expired,
4431,3901,1,LEG-4431,33,40 sessions,2026-05-06,2026-05-06,2026-09-09,4400,0,4400,0,0,2205,Expired,
4430,18146,1,1576,12,3 Months,2026-05-06,2026-05-06,2026-08-04,5000,0,5000,0,0,2204,Expired,
4429,13735,1,LEG-4429,12,3 Months,2026-05-06,2026-05-06,2026-08-16,5000,0,3000,2000,0,2203,Expired,
4428,18093,1,1574,18,Annual family membership,2026-05-06,2026-05-06,2027-05-06,11800,0,5900,5900,0,2202,Active,
4426,4683,1,1466,47,8 sessions classes,2026-05-06,2026-07-01,2026-07-31,700,0,700,0,0,2201,Expired,
4425,1742,1,LEG-4425,32,20 sessions,2026-05-06,2026-05-06,2026-07-15,2500,0,2500,0,0,2200,Expired,
4424,13837,1,LEG-4424,32,20 sessions,2026-05-06,2026-05-06,2026-07-15,2500,0,2500,0,0,2199,Expired,
4423,18109,1,1573,12,3 Months,2026-05-06,2026-06-13,2026-09-11,5000,0,5000,0,0,2198,Active,
4422,7821,1,LEG-4422,8,1 month,2026-05-06,2026-05-06,2026-06-05,2200,0,2200,0,0,2197,Expired,
4421,18142,1,1572,30,12 sessions,2026-05-06,2026-05-06,2026-06-17,1800,0,1000,800,800,002196,Expired,
4420,18142,1,LEG-4420,8,1 month,2026-05-06,2026-05-06,2026-06-05,2200,0,2200,0,0,2196,Expired,
4419,12797,1,LEG-4419,35,head coach12 sessions,2026-05-06,2026-05-06,2026-06-17,2200,0,2200,0,0,2193,Expired,
4417,11305,1,1079,33,40 sessions,2026-05-06,2026-05-06,2026-09-09,4400,0,4400,0,0,2189,Active,
4416,18110,1,1571,12,3 Months,2026-05-05,2026-05-05,2026-08-17,5000,0,5000,0,0,2188,Expired,
4415,18081,1,1570,12,3 Months,2026-05-05,2026-05-12,2026-08-17,5000,0,5000,0,0,2187,Expired,
4414,16286,1,1569,12,3 Months,2026-05-05,2026-05-05,2026-08-03,5000,0,5000,0,0,02186,Expired,
4413,3831,1,LEG-4413,12,3 Months,2026-05-05,2026-03-22,2026-06-20,5000,0,5000,0,0,1552,Expired,
4412,16824,1,LEG-4412,12,3 Months,2026-05-05,2026-06-01,2026-08-30,5000,0,5000,0,0,2183,Expired,
4411,18070,1,LEG-4411,12,3 Months,2026-05-05,2026-05-05,2026-08-17,5000,0,5000,0,0,2181,Expired,
4409,15727,1,LEG-4409,12,3 Months,2026-05-05,2026-05-05,2026-08-03,5000,0,5000,0,0,2185,Expired,
4408,3649,1,1263,33,40 sessions,2026-05-05,2026-05-10,2026-09-13,4400,0,4400,0,0,02180,Active,
4406,7725,1,621,12,3 Months,2026-05-05,2026-05-05,2026-08-03,5000,0,5000,0,0,2179,Expired,
4405,16899,1,LEG-4405,43,Nutrition 4 sessions,2026-05-05,2026-05-06,2026-06-20,950,0,950,0,0,,Expired,
4404,5422,1,403,30,12 sessions,2026-05-05,2026-05-05,2026-06-16,1800,0,1800,0,0,2176,Expired,
4403,3380,1,LEG-4403,12,3 Months,2026-05-04,2026-05-04,2026-08-02,5000,0,5000,0,0,2170,Expired,
4402,18103,1,LEG-4402,8,1 month,2026-05-04,2026-05-04,2026-06-03,2200,0,2200,0,0,2169,Expired,
4401,18100,1,LEG-4401,8,1 month,2026-05-04,2026-05-04,2026-06-03,2200,0,2200,0,0,2168,Expired,
4400,18102,1,1563,33,40 sessions,2026-05-04,2026-05-04,2026-09-07,4400,0,4400,0,0,02165,Expired,
4399,18102,1,LEG-4399,12,3 Months,2026-05-04,2026-05-04,2026-08-02,5000,0,5000,0,0,2165,Expired,
4398,12229,1,LEG-4398,8,1 month,2026-05-04,2026-05-04,2026-06-03,2200,0,2200,0,0,2156,Expired,
4397,7504,1,LEG-4397,39,youth program 20 sessions,2026-05-04,2026-05-04,2026-07-13,3000,0,3000,0,0,2155,Expired,
4396,13675,1,1562,12,3 Months,2026-05-04,2026-05-04,2026-08-02,5000,0,5000,0,0,2154,Expired,
4395,18031,1,1558,8,1 month,2026-05-04,2026-05-04,2026-06-03,2200,0,2200,0,0,2153,Expired,
4394,5936,1,LEG-4394,45,Nutrition 12 sessions,2026-05-03,2026-05-03,2026-08-31,1920,0,1920,0,0,,Expired,
4393,16137,1,1331,39,youth program 20 sessions,2026-05-03,2026-05-03,2026-07-12,3000,0,3000,0,0,2151,Expired,
4392,16134,1,1330,12,3 Months,2026-05-03,2026-05-10,2026-08-08,5000,0,5000,0,0,2150,Expired,
4391,18089,1,1561,12,3 Months,2026-05-03,2026-05-03,2026-08-01,5000,0,5000,0,0,2149,Expired,
4390,14917,1,LEG-4390,12,3 Months,2026-05-03,2026-05-03,2026-08-01,5000,0,5000,0,0,2148,Expired,
4389,16086,1,1326,30,12 sessions,2026-05-03,2026-05-03,2026-06-14,1800,0,1800,0,0,2146,Expired,
4388,3762,1,LEG-4388,32,20 sessions,2026-05-03,2026-05-03,2026-07-12,2500,0,2500,0,0,2144,Expired,
4387,17855,1,LEG-4387,15,6 months,2026-05-03,2026-05-15,2026-12-02,8800,0,3000,5800,0,2143,Active,
4386,18031,1,LEG-4386,36,head coach 20 sessions,2026-05-03,2026-05-04,2026-07-13,2500,0,2500,0,0,2142,Expired,
4385,13727,1,LEG-4385,32,20 sessions,2026-05-02,2026-05-02,2026-07-11,0,0,0,0,0,02141,Expired,
4384,6474,1,LEG-4384,32,20 sessions,2026-05-02,2026-05-03,2026-07-12,2500,0,2500,0,0,2140,Expired,
4383,18080,1,1557,17,annual membership,2026-05-02,2026-05-03,2027-05-03,12800,0,6400,6400,0,2139,Active,
4382,6453,1,LEG-4382,33,40 sessions,2026-05-02,2026-05-02,2026-09-05,4400,0,4400,0,0,2138,Expired,
4381,10986,1,LEG-4381,32,20 sessions,2026-05-02,2026-05-03,2026-07-12,2500,0,2500,0,0,2137,Expired,
4380,18074,1,LEG-4380,8,1 month,2026-05-02,2026-05-02,2026-06-01,2200,0,2200,0,0,2136,Expired,
4379,14181,1,1208,8,1 month,2026-05-02,2026-05-02,2026-06-01,2200,0,2200,0,0,2135,Expired,
4378,13083,1,1555,32,20 sessions,2026-05-02,2026-05-02,2026-07-11,2500,0,2500,0,0,2134,Expired,
4377,13083,1,LEG-4377,12,3 Months,2026-05-02,2026-05-02,2026-07-31,5000,0,5000,0,0,2133,Expired,
4376,9630,1,LEG-4376,38,youth program 10 sessions,2026-05-02,2026-05-02,2026-06-13,2000,0,2000,0,0,2132,Expired,
4375,13579,1,1553,38,youth program 10 sessions,2026-05-02,2026-05-02,2026-06-13,2000,0,2000,0,0,2129,Expired,
4374,9911,1,1552,12,3 Months,2026-05-02,2026-05-09,2026-07-02,5000,0,5000,0,0,2128,Transfered,
4373,3783,1,1551,32,20 sessions,2026-05-02,2026-05-02,2026-07-11,2500,0,2500,0,0,2127,Expired,
4372,3783,1,LEG-4372,12,3 Months,2026-05-02,2026-05-02,2026-07-31,5000,0,5000,0,0,2126,Expired,
4371,17418,1,1550,12,3 Months,2026-05-01,2026-05-02,2026-07-31,5000,0,5000,0,0,2124,Expired,
4370,18053,1,1549,39,youth program 20 sessions,2026-05-01,2026-05-01,2026-07-10,3000,0,3000,0,0,2123,Expired,
4369,18052,1,1548,39,youth program 20 sessions,2026-05-01,2026-05-01,2026-07-10,3000,0,3000,0,0,2122,Expired,
4368,16256,1,1547,8,1 month,2026-05-01,2026-05-01,2026-05-31,2200,0,2200,0,0,2121,Expired,
4367,8185,1,1546,17,annual membership,2026-05-01,2026-05-01,2027-06-01,12800,0,12800,0,0,2120,Active,
4365,6044,1,540,49,1 month full classes,2026-05-01,2026-04-30,2026-05-30,1000,0,1000,0,0,2095,Expired,
4364,17949,1,1545,12,3 Months,2026-05-01,2026-05-01,2026-07-30,5000,0,5000,0,0,2118,Expired,
4363,17992,1,1544,8,1 month,2026-05-01,2026-05-01,2026-05-31,2200,0,2200,0,0,2116,Expired,
4362,18023,1,1543,38,youth program 10 sessions,2026-04-30,2026-05-01,2026-06-12,2000,0,2000,0,0,2109,Expired,
4361,4543,1,LEG-4361,32,20 sessions,2026-04-30,2026-05-01,2026-07-10,2500,0,2500,0,0,2107,Expired,
4360,13727,1,LEG-4360,17,annual membership,2026-04-30,2026-04-30,2027-04-30,0,0,0,0,0,02106,Active,
4359,16326,1,1353,32,20 sessions,2026-04-30,2026-05-01,2026-07-10,2500,0,2500,0,0,2106,Expired,
4358,4700,1,315,32,20 sessions,2026-04-30,2026-05-01,2026-07-10,2500,0,2500,0,0,2102,Expired,
4357,17905,1,1541,8,1 month,2026-04-30,2026-04-30,2026-05-30,2200,0,2200,0,0,2103,Expired,
4356,18015,1,LEG-4356,12,3 Months,2026-04-30,2026-04-30,2026-07-29,5000,0,5000,0,0,2099,Expired,
4355,6453,1,LEG-4355,45,Nutrition 12 sessions,2026-04-30,2026-04-30,2026-08-28,1920,0,1920,0,0,,Expired,
4354,17964,1,1539,12,3 Months,2026-04-30,2026-04-30,2026-07-29,5000,0,5000,0,0,2097,Expired,
4353,18011,1,1538,17,annual membership,2026-04-30,2026-04-30,2027-04-30,6000,0,6000,0,0,2094,Active,
4352,17959,1,LEG-4352,12,3 Months,2026-04-30,2026-04-30,2026-08-12,5000,0,1000,4000,0,2093,Expired,
4351,17835,1,1536,12,3 Months,2026-04-29,2026-05-11,2026-08-09,5000,0,2500,2500,0,2089,Expired,
4350,17988,1,LEG-4350,8,1 month,2026-04-29,2026-04-29,2026-05-29,3000,0,3000,0,0,2087,Expired,
4349,11462,1,LEG-4349,39,youth program 20 sessions,2026-04-29,2026-04-29,2026-07-08,3000,0,3000,0,0,2086,Expired,
4348,17978,1,LEG-4348,8,1 month,2026-04-29,2026-04-29,2026-05-29,2200,0,2200,0,0,2084,Expired,
4347,17974,1,1533,15,6 months,2026-04-29,2026-04-29,2026-10-26,8800,0,8800,0,0,2083,Active,
4346,7811,1,1514,32,20 sessions,2026-04-29,2026-04-29,2026-07-08,2500,0,1000,1500,0,02080,Expired,
4344,2194,1,LEG-4344,33,40 sessions,2026-04-29,2026-04-29,2026-09-02,4000,0,4000,0,0,2078,Expired,
4343,16360,1,LEG-4343,12,3 Months,2026-04-29,2026-04-29,2026-07-28,5000,0,5000,0,0,2076,Expired,
4342,17782,1,1527,30,12 sessions,2026-04-28,2026-04-28,2026-06-09,1800,0,1800,0,0,02068,Expired,
4341,17511,1,LEG-4341,33,40 sessions,2026-04-28,2026-04-29,2026-09-02,4400,0,1500,2900,0,2074,Expired,
4340,17602,1,LEG-4340,17,annual membership,2026-04-28,2026-06-01,2027-06-01,12800,0,12800,0,0,2073,Active,
4339,17902,1,LEG-4339,12,3 Months,2026-04-28,2026-04-28,2026-07-27,5000,0,5000,0,0,2069,Expired,
4338,17903,1,LEG-4338,12,3 Months,2026-04-28,2026-04-28,2026-07-27,5000,0,5000,0,0,2070,Expired,
4337,17850,1,1528,12,3 Months,2026-04-28,2026-04-28,2026-07-27,5000,0,5000,0,0,2071,Expired,
4336,17782,1,LEG-4336,8,1 month,2026-04-28,2026-04-28,2026-05-28,2200,0,2200,0,0,2068,Expired,
4335,15148,1,LEG-4335,12,3 Months,2026-04-28,2026-04-28,2026-07-27,5000,0,5000,0,0,2066,Expired,
4334,17857,1,1517,32,20 sessions,2026-04-28,2026-04-29,2026-07-08,2500,0,2500,0,0,2064,Expired,
4333,13130,1,1524,30,12 sessions,2026-04-28,2026-05-02,2026-06-13,1800,0,1800,0,0,02059,Expired,
4332,17931,1,1525,30,12 sessions,2026-04-28,2026-05-02,2026-06-13,1800,0,1800,0,0,02058,Expired,
4331,1813,1,310,33,40 sessions,2026-04-28,2026-04-28,2026-09-01,4400,0,4400,0,0,2062,Expired,
4330,17931,1,LEG-4330,8,1 month,2026-04-28,2026-05-02,2026-06-01,2200,0,2200,0,0,2058,Expired,
4329,13130,1,LEG-4329,8,1 month,2026-04-28,2026-05-02,2026-06-01,2200,0,2200,0,0,2059,Expired,
4328,13580,1,1523,12,3 Months,2026-04-28,2026-04-28,2026-08-25,5000,0,2500,2500,0,2060,Expired,
4327,1788,1,LEG-4327,45,Nutrition 12 sessions,2026-04-28,2026-04-28,2026-08-26,1920,0,1920,0,0,,Expired,
4326,4565,1,LEG-4326,32,20 sessions,2026-04-28,2026-04-28,2026-07-07,2500,0,2500,0,0,2051,Expired,
4324,14890,1,1257,32,20 sessions,2026-04-28,2026-04-28,2026-07-07,2500,0,2500,0,0,2046,Expired,
4323,17718,1,LEG-4323,29,8 sessions,2026-04-28,2026-04-28,2026-06-02,1350,0,1350,0,0,2044,Expired,
4322,14358,1,LEG-4322,33,40 sessions,2026-04-28,2026-04-28,2026-09-01,4400,0,3500,900,0,2041,Expired,
4320,9400,1,LEG-4320,32,20 sessions,2026-04-27,2026-04-25,2026-07-04,0,0,0,0,0,002040,Expired,
4318,7254,1,1522,15,6 months,2026-04-27,2026-04-27,2026-10-24,8800,0,8800,0,0,2039,Active,
4317,6150,1,479,32,20 sessions,2026-04-27,2026-04-27,2026-07-06,2500,0,2500,0,0,2040,Expired,
4316,6150,1,LEG-4316,15,6 months,2026-04-27,2026-05-04,2026-11-14,8800,0,8800,0,0,2038,Active,
4315,14362,1,1216,33,40 sessions,2026-04-27,2026-04-27,2026-08-31,4400,0,1000,3400,0,2037,Expired,
4314,13837,1,LEG-4314,12,3 Months,2026-04-27,2026-04-27,2026-07-26,5000,0,5000,0,0,2035,Expired,
4313,12032,1,1520,15,6 months,2026-04-27,2026-04-27,2026-10-24,8800,0,8800,0,0,2034,Active,
4312,4155,1,LEG-4312,30,12 sessions,2026-04-27,2026-04-27,2026-06-08,1800,0,1800,0,0,2030,Expired,
4311,5483,1,LEG-4311,32,20 sessions,2026-04-27,2026-04-27,2026-07-06,2500,0,2500,0,0,2029,Expired,
4308,1490,1,LEG-4308,30,12 sessions,2026-04-26,2026-04-28,2026-06-09,1800,0,1800,0,0,2026,Expired,
4307,9550,1,1063,30,12 sessions,2026-04-26,2026-04-28,2026-06-09,1800,0,1800,0,0,02025,Expired,
4305,15320,1,1287,30,12 sessions,2026-04-26,2026-04-26,2026-06-07,1800,0,1800,0,0,2022,Expired,
4304,3964,1,1186,29,8 sessions,2026-04-26,2026-04-27,2026-06-01,1350,0,1350,0,0,2023,Expired,
4303,15320,1,LEG-4303,12,3 Months,2026-04-26,2026-04-26,2026-07-25,5000,0,5000,0,0,2021,Expired,
4302,17869,1,LEG-4302,43,Nutrition 4 sessions,2026-04-26,2026-04-26,2026-06-10,950,0,950,0,0,,Expired,
4301,17869,1,LEG-4301,12,3 Months,2026-04-26,2026-04-26,2026-08-09,5000,0,5000,0,0,2015,Expired,
4300,17857,1,LEG-4300,12,3 Months,2026-04-26,2026-04-26,2026-07-25,5000,0,5000,0,0,2013,Expired,
4299,3564,1,1017,12,3 Months,2026-04-26,2026-04-26,2026-07-25,5000,0,5000,0,0,2012,Expired,
4298,16479,1,1373,32,20 sessions,2026-04-25,2026-04-25,2026-07-04,2500,0,2500,0,0,2010,Expired,
4297,10336,1,1140,30,12 sessions,2026-04-25,2026-04-26,2026-06-07,1800,0,1800,0,0,2009,Expired,
4296,17792,1,1516,12,3 Months,2026-04-25,2026-04-25,2026-07-24,5000,0,5000,0,0,2008,Expired,
4295,6241,1,LEG-4295,15,6 months,2026-04-25,2026-04-26,2026-10-23,8800,0,8800,0,0,2005,Active,
4294,17393,1,LEG-4294,12,3 Months,2026-04-25,2026-04-25,2026-08-07,5000,0,5000,0,0,2006,Expired,
4293,7469,1,LEG-4293,39,youth program 20 sessions,2026-04-25,2026-04-25,2026-07-04,3000,0,3000,0,0,2003,Expired,
4292,7811,1,LEG-4292,12,3 Months,2026-04-25,2026-04-25,2026-07-24,5000,0,5000,0,0,2002,Expired,
4291,15059,1,1513,12,3 Months,2026-04-25,2026-04-25,2026-08-03,5000,0,5000,0,0,2001,Expired,
4290,16899,1,LEG-4290,33,40 sessions,2026-04-25,2026-04-25,2026-08-29,4400,0,4400,0,0,2000,Expired,
4289,5962,1,LEG-4289,33,40 sessions,2026-04-24,2026-04-24,2026-08-28,4400,0,4400,0,0,1987,Expired,
4288,5039,1,LEG-4288,12,3 Months,2026-04-24,2026-04-24,2026-07-23,5000,0,2500,2500,0,1996,Expired,
4287,13877,1,LEG-4287,32,20 sessions,2026-04-24,2026-04-24,2026-07-03,2500,0,2500,0,0,1995,Expired,
4286,17830,1,1511,32,20 sessions,2026-04-23,2026-04-25,2026-07-04,2500,0,2500,0,0,01986,Expired,
4285,17830,1,LEG-4285,12,3 Months,2026-04-23,2026-04-25,2026-07-24,5000,0,5000,0,0,1986,Expired,
4284,17667,1,LEG-4284,12,3 Months,2026-04-23,2026-04-23,2026-07-22,5000,0,5000,0,0,1982,Expired,
4283,6657,1,556,33,40 sessions,2026-04-23,2026-04-23,2026-08-27,4400,0,4400,0,0,1983,Expired,
4282,3761,1,141,32,20 sessions,2026-04-23,2026-04-23,2026-07-02,2500,0,1250,1250,1250,01981,Expired,
4281,8067,1,LEG-4281,12,3 Months,2026-04-23,2026-05-01,2026-08-28,5000,0,5000,0,0,1979,Expired,
4280,7800,1,LEG-4280,32,20 sessions,2026-04-23,2026-04-23,2026-07-02,2500,0,2500,0,0,1978,Expired,
4279,9400,1,LEG-4279,17,annual membership,2026-04-22,2026-04-22,2027-05-22,0,0,0,0,0,01977,Active,
4278,16254,1,LEG-4278,30,12 sessions,2026-04-22,2026-04-22,2026-06-03,1800,0,1800,0,0,1977,Expired,
4277,14424,1,1234,43,Nutrition 4 sessions,2026-04-22,2026-04-23,2026-06-07,950,0,500,450,450,,Expired,
4276,14424,1,LEG-4276,33,40 sessions,2026-04-22,2026-04-22,2026-08-26,4400,0,2000,2400,0,1975,Expired,
4275,9772,1,LEG-4275,12,3 Months,2026-04-22,2026-04-22,2026-07-21,5000,0,5000,0,0,1974,Expired,
4274,6267,1,1507,12,3 Months,2026-04-22,2026-06-09,2026-09-07,5000,0,2500,2500,2500,1971,Expired,
4273,16923,1,1479,32,20 sessions,2026-04-22,2026-04-22,2026-07-01,2500,0,1250,1250,1250,1973,Expired,
4272,17071,1,1439,32,20 sessions,2026-04-22,2026-04-22,2026-07-01,2500,0,2500,0,0,1970,Expired,
4271,12229,1,LEG-4271,32,20 sessions,2026-04-22,2026-04-22,2026-07-01,2500,0,1800,700,0,1969,Expired,
4270,15359,1,1317,39,youth program 20 sessions,2026-04-22,2026-04-22,2026-07-01,3000,0,1500,1500,0,1968,Expired,
4269,17300,1,1462,31,16 sessions,2026-04-22,2026-04-22,2026-06-17,2200,0,2200,0,0,1966,Expired,
4268,17634,1,LEG-4268,12,3 Months,2026-04-21,2026-05-30,2026-08-28,5000,0,2500,2500,0,1965,Expired,
4267,15202,1,1458,35,head coach12 sessions,2026-04-21,2026-04-21,2026-06-02,2200,0,1000,1200,0,1962,Expired,
4266,11466,1,LEG-4266,12,3 Months,2026-04-21,2026-04-21,2026-07-20,5000,0,5000,0,0,1961,Expired,
4265,17362,1,1504,17,annual membership,2026-04-21,2026-04-25,2027-05-25,12800,0,6400,6400,0,1960,Freezed,
4264,12903,1,1118,32,20 sessions,2026-04-21,2026-04-21,2026-06-30,2500,0,2500,0,0,1958,Expired,
4263,17718,1,LEG-4263,8,1 month,2026-04-21,2026-04-21,2026-05-21,2200,0,2200,0,0,1957,Expired,
4262,15357,1,1318,39,youth program 20 sessions,2026-04-20,2026-04-20,2026-06-29,3000,0,1500,1500,0,1952,Expired,
4261,17765,1,1502,15,6 months,2026-04-20,2026-04-21,2026-10-18,8800,0,1000,7800,0,1955,Active,
4260,13601,1,1205,12,3 Months,2026-04-20,2026-04-20,2026-07-19,6500,0,400,6100,6100,1953,Expired,
4259,16297,1,1501,12,3 Months,2026-04-20,2026-04-20,2026-08-02,5000,0,5000,0,0,1948,Expired,
4258,5334,1,LEG-4258,12,3 Months,2026-04-20,2026-04-20,2026-07-19,5000,0,5000,0,0,1951,Expired,
4257,17464,1,1500,12,3 Months,2026-04-20,2026-04-20,2026-08-02,5000,0,5000,0,0,1949,Expired,
4256,2620,1,LEG-4256,32,20 sessions,2026-04-20,2026-04-20,2026-06-29,2500,0,1300,1200,0,1950,Expired,
4255,17755,1,LEG-4255,39,youth program 20 sessions,2026-04-20,2026-04-20,2026-06-29,3000,0,3000,0,0,1947,Expired,
4254,17754,1,LEG-4254,32,20 sessions,2026-04-20,2026-04-20,2026-06-29,2500,0,2500,0,0,1946,Expired,
4253,17754,1,LEG-4253,8,1 month,2026-04-20,2026-04-20,2026-05-20,2200,0,2200,0,0,1945,Expired,
4252,17503,1,1487,30,12 sessions,2026-04-20,2026-04-18,2026-05-30,1800,0,1800,0,0,F1884,Expired,
4250,11308,1,LEG-4250,30,12 sessions,2026-04-20,2026-04-20,2026-06-01,1800,0,1800,0,0,1941,Expired,
4249,3901,1,LEG-4249,43,Nutrition 4 sessions,2026-04-19,2026-04-19,2026-06-03,950,0,950,0,0,,Expired,
4247,5688,1,LEG-4247,32,20 sessions,2026-04-19,2026-04-19,2026-06-28,2500,0,1450,1050,0,1934,Expired,
4246,5688,1,LEG-4246,43,Nutrition 4 sessions,2026-04-19,2026-04-19,2026-06-03,950,0,950,0,0,,Expired,
4244,5650,1,467,12,3 Months,2026-04-19,2026-04-19,2026-07-30,5000,0,5000,0,0,1929,Expired,
4243,8597,1,695,46,4 sessions classes,2026-04-19,2026-04-19,2026-05-19,450,0,450,0,0,1928,Expired,
4242,2087,1,LEG-4242,17,annual membership,2026-04-19,2026-05-23,2027-05-23,12800,0,12800,0,0,1927,Active,
4241,5254,1,LEG-4241,32,20 sessions,2026-04-19,2026-04-19,2026-06-28,2500,0,2500,0,0,1926,Expired,
4240,6657,1,LEG-4240,17,annual membership,2026-04-19,2026-04-19,2027-04-19,12800,0,12800,0,0,1925,Active,
4238,10550,1,900,33,40 sessions,2026-04-19,2026-04-19,2026-08-23,4400,0,4400,0,0,1921,Expired,
4237,13227,1,LEG-4237,32,20 sessions,2026-04-19,2026-04-19,2026-06-28,2500,0,2500,0,0,1920,Expired,
4236,16420,1,1380,32,20 sessions,2026-04-18,2026-04-19,2026-06-28,2500,0,2500,0,0,1919,Expired,
4235,17619,1,1496,17,annual membership,2026-04-18,2026-04-18,2027-05-02,12800,0,12800,0,0,1918,Freezed,
4234,17511,1,LEG-4234,12,3 Months,2026-04-18,2026-04-19,2026-07-25,5000,0,5000,0,0,1917,Expired,
4233,17670,1,LEG-4233,8,1 month,2026-04-18,2026-04-18,2026-05-18,2200,0,2200,0,0,1915,Expired,
4232,5833,1,LEG-4232,32,20 sessions,2026-04-18,2026-04-18,2026-06-27,2500,0,2500,0,0,1914,Expired,
4231,3881,1,181,17,annual membership,2026-04-18,2026-04-18,2027-04-18,12800,0,12800,0,0,1911,Active,
4230,17534,1,1493,28,4 sessions,2026-04-18,2026-04-16,2026-05-14,800,0,800,0,0,,Expired,
4229,17534,1,LEG-4229,8,1 month,2026-04-18,2026-04-18,2026-05-18,2200,0,2200,0,0,1864,Expired,
4228,4692,1,325,17,annual membership,2026-04-18,2026-04-18,2027-04-18,12800,0,12800,0,0,1909,Active,
4227,17641,1,1492,47,8 sessions classes,2026-04-18,2026-04-18,2026-05-18,700,0,700,0,0,1908,Expired,
4226,7604,1,LEG-4226,49,1 month full classes,2026-04-17,2026-05-22,2026-06-21,1000,0,1000,0,0,1905,Expired,
4225,7353,1,599,17,annual membership,2026-04-17,2026-10-01,2027-10-01,12800,0,5000,7800,7800,1902,Postponed,
4224,17609,1,1491,8,1 month,2026-04-17,2026-04-18,2026-05-18,2200,0,500,1700,1700,1897,Expired,
4223,17606,1,1490,12,3 Months,2026-04-17,2026-04-18,2026-07-17,5000,0,2200,2800,0,M1898,Expired,
4221,16116,1,1489,8,1 month,2026-04-16,2026-04-16,2026-05-16,2200,0,2200,0,0,1886,Expired,
4220,12110,1,1046,32,20 sessions,2026-04-16,2026-04-20,2026-06-29,2500,0,2500,0,0,1892,Expired,
4219,4066,1,LEG-4219,17,annual membership,2026-04-16,2026-05-04,2027-05-04,12800,0,5000,7800,800,1891,Active,
4218,17428,1,1488,39,youth program 20 sessions,2026-04-16,2026-04-17,2026-06-26,3000,0,3000,0,0,1889,Expired,
4217,2987,1,104,30,12 sessions,2026-04-16,2026-04-16,2026-05-28,1800,0,1800,0,0,1881,Expired,
4215,17581,1,LEG-4215,17,annual membership,2026-04-16,2026-04-16,2027-04-30,12800,0,12800,0,0,1885,Active,
4214,9277,1,1449,32,20 sessions,2026-04-16,2026-04-16,2026-06-25,2500,0,2500,0,0,1883,Expired,
4213,17397,1,1469,28,4 sessions,2026-04-16,2026-04-16,2026-05-14,800,0,800,0,0,,Expired,
4212,5067,1,389,28,4 sessions,2026-04-16,2026-04-16,2026-05-14,800,0,800,0,0,,Expired,
4211,17525,1,LEG-4211,12,3 Months,2026-04-16,2026-05-12,2026-08-24,5000,0,5000,0,0,1878,Expired,
4210,16469,1,LEG-4210,30,12 sessions,2026-04-16,2026-04-16,2026-05-28,1800,0,1350,450,0,1877,Expired,
4209,13569,1,1464,32,20 sessions,2026-04-15,2026-04-15,2026-06-24,2500,0,800,1700,1700,1876,Expired,
4208,17555,1,1484,39,youth program 20 sessions,2026-04-15,2026-04-15,2026-06-24,3000,0,3000,0,0,1870,Expired,
4207,17553,1,1483,39,youth program 20 sessions,2026-04-15,2026-04-15,2026-06-24,3000,0,3000,0,0,1875,Expired,
4206,10393,1,888,12,3 Months,2026-04-15,2026-04-15,2026-07-14,6500,0,3000,3500,0,1872,Expired,
4205,14362,1,LEG-4205,12,3 Months,2026-04-15,2026-04-17,2026-07-16,5000,0,5000,0,0,1868,Expired,
4204,11294,1,LEG-4204,39,youth program 20 sessions,2026-04-15,2026-04-15,2026-06-24,3000,0,3000,0,0,1867,Expired,
4203,13184,1,1475,12,3 Months,2026-04-15,2026-04-13,2026-07-12,5000,0,5000,0,0,1860,Expired,
4202,10610,1,1482,8,1 month,2026-04-15,2026-04-15,2026-05-15,2200,0,2200,0,0,1862,Expired,
4201,4901,1,LEG-4201,33,40 sessions,2026-04-15,2026-04-15,2026-08-19,4400,0,2000,2400,0,1858,Expired,
4200,11532,1,LEG-4200,12,3 Months,2026-04-14,2026-04-14,2026-07-27,5000,0,2200,2800,0,01856,Expired,
4199,17084,1,1481,12,3 Months,2026-04-14,2026-04-14,2026-07-13,5000,0,2200,2800,0,1857,Expired,
4195,14390,1,LEG-4195,12,3 Months,2026-04-14,2026-05-15,2026-08-13,5000,0,1000,4000,0,1853,Expired,
4194,14150,1,LEG-4194,32,20 sessions,2026-04-14,2026-04-14,2026-06-23,2500,0,2500,0,0,1852,Expired,
4193,12778,1,1363,29,8 sessions,2026-04-14,2026-04-14,2026-05-19,1350,0,1350,0,0,1849,Expired,
4192,11570,1,985,32,20 sessions,2026-04-14,2026-04-14,2026-06-23,2500,0,2500,0,0,1848,Expired,
4191,17440,1,1477,12,3 Months,2026-04-14,2026-04-14,2026-07-20,5000,0,5000,0,0,1846,Expired,
4190,10426,1,LEG-4190,32,20 sessions,2026-04-13,2026-04-14,2026-06-23,2500,0,2500,0,0,1842,Expired,
4189,14784,1,1476,20,Morning membership 6am - 1 pm,2026-04-13,2026-04-14,2027-05-14,8500,0,1500,7000,500,1845,Active,
4188,1788,1,LEG-4188,33,40 sessions,2026-04-13,2026-04-14,2026-08-18,4400,0,4400,0,0,1844,Expired,
4187,17334,1,LEG-4187,32,20 sessions,2026-04-13,2026-04-14,2026-06-23,2500,0,2500,0,0,1843,Expired,
4186,17383,1,LEG-4186,12,3 Months,2026-04-13,2026-04-13,2026-07-23,5000,0,5000,0,0,1839,Expired,
4185,5297,1,LEG-4185,32,20 sessions,2026-04-13,2026-04-13,2026-06-22,2500,0,2500,0,0,1836,Expired,
4183,10945,1,LEG-4183,30,12 sessions,2026-04-13,2026-04-13,2026-05-25,1800,0,1000,800,0,1837,Expired,
4181,16425,1,LEG-4181,32,20 sessions,2026-04-12,2026-04-13,2026-06-22,2500,0,2500,0,0,1829,Expired,
4180,17421,1,1473,12,3 Months,2026-04-12,2026-04-12,2026-07-11,5000,0,5000,0,0,1828,Expired,
4179,12016,1,LEG-4179,43,Nutrition 4 sessions,2026-04-12,2026-04-12,2026-05-27,950,0,950,0,0,,Expired,
4178,17417,1,LEG-4178,39,youth program 20 sessions,2026-04-12,2026-04-12,2026-06-21,3000,0,2000,1000,0,1472,Expired,
4177,9631,1,LEG-4177,39,youth program 20 sessions,2026-04-12,2026-04-15,2026-06-24,3000,0,3000,0,0,1825,Expired,
4176,17072,1,1440,32,20 sessions,2026-04-12,2026-04-12,2026-06-21,2500,0,2500,0,0,1819,Expired,
4175,16611,1,LEG-4175,32,20 sessions,2026-04-12,2026-04-12,2026-06-21,2500,0,2500,0,0,1824,Expired,
4174,17408,1,1471,12,3 Months,2026-04-12,2026-04-13,2026-07-12,5000,0,5000,0,0,1821,Expired,
4173,17280,1,1470,12,3 Months,2026-04-12,2026-05-20,2026-08-18,5000,0,2000,3000,0,1822,Expired,
4172,16326,1,LEG-4172,43,Nutrition 4 sessions,2026-04-12,2026-04-12,2026-05-27,950,0,950,0,0,,Expired,
4171,5067,1,LEG-4171,8,1 month,2026-04-12,2026-04-13,2026-05-13,2200,0,2200,0,0,1817,Expired,
4170,17397,1,LEG-4170,8,1 month,2026-04-12,2026-04-13,2026-05-13,2200,0,2200,0,0,1818,Expired,
4169,13227,1,LEG-4169,43,Nutrition 4 sessions,2026-04-12,2026-04-12,2026-05-27,950,0,950,0,0,,Expired,
4168,16408,1,LEG-4168,35,head coach12 sessions,2026-04-12,2026-04-12,2026-05-24,2200,0,2200,0,0,1815,Expired,
4167,11093,1,939,8,1 month,2026-04-11,2026-04-12,2026-05-12,3000,0,1000,2000,2000,1814,Expired,
4166,6083,1,LEG-4166,32,20 sessions,2026-04-11,2026-04-12,2026-06-21,2500,0,2500,0,0,1813,Expired,
4165,7561,1,LEG-4165,30,12 sessions,2026-04-11,2026-04-11,2026-05-23,1800,0,1800,0,0,1811,Expired,
4164,4700,1,LEG-4164,12,3 Months,2026-04-11,2026-03-25,2026-07-03,5000,0,5000,0,0,1810,Expired,
4163,17375,1,1468,12,3 Months,2026-04-11,2026-04-11,2026-07-10,5000,0,5000,0,0,1806,Cancelled,@Cancelled
4162,17080,1,1467,12,3 Months,2026-04-11,2026-04-11,2026-07-10,5000,0,5000,0,0,1805,Cancelled,@Cancelled
4161,2538,1,63,22,annual monglish offer,2026-04-11,2026-04-10,2027-04-17,10500,0,4500,6000,0,1804,Active,
4160,2621,1,69,22,annual monglish offer,2026-04-11,2026-04-10,2027-04-10,10500,0,4500,6000,0,1803,Active,
4159,17279,1,1461,20,Morning membership 6am - 1 pm,2026-04-11,2026-04-11,2027-04-11,8500,0,8500,0,0,1799,Cancelled,@Cancelled
4158,17257,1,1460,20,Morning membership 6am - 1 pm,2026-04-11,2026-04-11,2027-04-11,8500,0,8500,0,0,1798,Cancelled,@Cancelled
4157,2508,1,62,22,annual monglish offer,2026-04-11,2026-05-01,2027-05-01,10500,0,10500,0,0,1800,Active,
4156,7047,1,577,39,youth program 20 sessions,2026-04-11,2026-04-12,2026-06-21,3000,0,3000,0,0,1797,Expired,
4155,7994,1,LEG-4155,39,youth program 20 sessions,2026-04-11,2026-04-12,2026-06-21,3000,0,3000,0,0,1796,Expired,
4154,4683,1,LEG-4154,46,4 sessions classes,2026-04-11,2026-04-11,2026-05-11,450,0,450,0,0,1794,Expired,
4153,17334,1,LEG-4153,17,annual membership,2026-04-11,2026-04-11,2027-04-11,12800,0,1000,11800,0,1793,Active,
4152,13569,1,LEG-4152,8,1 month,2026-04-10,2026-04-10,2026-05-10,2200,0,2200,0,0,1789,Expired,
4151,4638,1,LEG-4151,17,annual membership,2026-04-10,2026-04-10,2027-04-25,12800,0,12800,0,0,1788,Active,
4150,4410,1,304,12,3 Months,2026-04-10,2026-04-10,2026-07-09,5000,0,5000,0,0,1787,Expired,
4149,15471,1,LEG-4149,38,youth program 10 sessions,2026-04-10,2026-04-10,2026-05-22,2000,0,2000,0,0,1779,Expired,
4148,16469,1,LEG-4148,12,3 Months,2026-04-10,2026-04-10,2026-07-17,5000,0,5000,0,0,1777,Expired,
4147,6027,1,LEG-4147,43,Nutrition 4 sessions,2026-04-10,2026-04-10,2026-05-25,950,0,950,0,0,,Expired,
4146,5139,1,1002,32,20 sessions,2026-04-10,2026-04-10,2026-06-19,2500,0,1000,1500,0,1775,Expired,
4145,12901,1,LEG-4145,33,40 sessions,2026-04-10,2026-04-10,2026-08-14,4400,0,4400,0,0,1774,Expired,
4144,17300,1,LEG-4144,20,Morning membership 6am - 1 pm,2026-04-09,2026-04-10,2027-04-10,8500,0,8500,0,0,1772,Active,
4141,17270,1,1459,8,1 month,2026-04-09,2026-04-09,2026-05-09,2200,0,2200,0,0,1767,Expired,
4140,15202,1,LEG-4140,12,3 Months,2026-04-09,2026-04-10,2026-07-16,5000,0,3000,2000,0,1765,Expired,
4139,17128,1,1457,12,3 Months,2026-04-09,2026-04-10,2026-07-09,5000,0,5000,0,0,1766,Expired,
4138,17262,1,1456,8,1 month,2026-04-09,2026-04-09,2026-05-09,2200,0,2200,0,0,1733,Expired,
4137,12016,1,LEG-4137,39,youth program 20 sessions,2026-04-09,2026-04-09,2026-06-18,3000,0,3000,0,0,1764,Expired,
4136,4809,1,377,30,12 sessions,2026-04-08,2026-04-08,2026-05-20,1800,0,1800,0,0,01762,Expired,
4135,6661,1,LEG-4135,33,40 sessions,2026-04-08,2026-04-09,2026-08-13,4400,0,2000,2400,0,1752,Expired,
4134,17214,1,1455,15,6 months,2026-04-08,2026-04-08,2026-11-04,8800,0,8800,0,0,1758,Active,
4133,12480,1,LEG-4133,30,12 sessions,2026-04-08,2026-04-09,2026-05-21,1800,0,1800,0,0,01760,Expired,
4132,17220,1,1454,12,3 Months,2026-04-08,2026-04-10,2026-07-09,5000,0,5000,0,0,1759,Expired,
4131,12480,1,LEG-4131,8,1 month,2026-04-08,2026-04-09,2026-05-09,3000,0,2200,800,800,1760,Expired,
4130,16365,1,1453,15,6 months,2026-04-08,2026-04-08,2026-11-04,8800,0,7000,1800,0,01525,Active,
4129,10547,1,913,32,20 sessions,2026-04-08,2026-04-08,2026-06-17,2500,0,2500,0,0,1755,Expired,
4128,15763,1,1452,12,3 Months,2026-04-08,2026-04-09,2026-07-08,5000,0,5000,0,0,1754,Expired,
4127,16483,1,1375,30,12 sessions,2026-04-07,2026-04-07,2026-05-19,1800,0,1800,0,0,1748,Expired,
4126,7001,1,LEG-4126,32,20 sessions,2026-04-07,2026-04-07,2026-06-16,2500,0,2500,0,0,1747,Expired,
4125,9082,1,LEG-4125,32,20 sessions,2026-04-07,2026-04-08,2026-06-17,2500,0,2500,0,0,1753,Expired,
4124,5833,1,LEG-4124,15,6 months,2026-04-07,2026-04-23,2026-11-19,8800,0,500,8300,0,1750,Active,
4123,15219,1,1451,8,1 month,2026-04-07,2026-04-07,2026-05-07,2200,0,2200,0,0,175,Expired,
4122,10223,1,872,32,20 sessions,2026-04-07,2026-04-07,2026-06-16,2500,0,2500,0,0,01743,Expired,
4121,10223,1,LEG-4121,12,3 Months,2026-04-07,2026-04-07,2026-07-06,6500,0,6500,0,0,1743,Expired,
4120,16368,1,1432,28,4 sessions,2026-04-07,2026-04-07,2026-05-05,800,0,800,0,0,,Expired,
4119,16990,1,1433,28,4 sessions,2026-04-07,2026-04-07,2026-05-05,800,0,800,0,0,,Expired,
4118,13968,1,1416,32,20 sessions,2026-04-07,2026-04-07,2026-06-16,2500,0,250,2250,0,1738,Expired,
4117,10995,1,940,15,6 months,2026-04-07,2026-04-13,2026-10-27,8800,0,4000,4800,0,1736,Active,
4116,2502,1,57,17,annual membership,2026-04-06,2026-04-06,2027-05-16,10500,0,5250,5250,0,1735,Active,
4115,12800,1,LEG-4115,32,20 sessions,2026-04-06,2026-04-06,2026-06-15,2500,0,2500,0,0,1734,Expired,
4114,14142,1,LEG-4114,12,3 Months,2026-04-06,2026-04-06,2026-07-19,5000,0,5000,0,0,1732,Expired,
4113,3756,1,LEG-4113,30,12 sessions,2026-04-06,2026-04-06,2026-05-18,1800,0,1800,0,0,1729,Expired,
4112,15132,1,LEG-4112,39,youth program 20 sessions,2026-04-06,2026-04-06,2026-06-15,3000,0,3000,0,0,1731,Expired,
4111,17105,1,1450,12,3 Months,2026-04-05,2026-04-05,2026-08-17,5000,0,5000,0,0,01728,Expired,
4110,9277,1,LEG-4110,12,3 Months,2026-04-05,2026-04-05,2026-08-17,5000,0,5000,0,0,1728,Expired,
4109,5427,1,1448,33,40 sessions,2026-04-05,2026-04-05,2026-08-09,4000,0,4000,0,0,01721,Expired,
4108,7821,1,LEG-4108,8,1 month,2026-04-05,2026-04-05,2026-05-05,2200,0,2200,0,0,1725,Expired,
4107,5427,1,LEG-4107,12,3 Months,2026-04-05,2026-04-06,2026-07-13,5000,0,5000,0,0,1721,Expired,
4106,8186,1,1447,12,3 Months,2026-04-05,2026-04-05,2026-07-11,5000,0,5000,0,0,1723,Expired,
4105,9187,1,LEG-4105,12,3 Months,2026-04-05,2026-04-05,2026-07-11,5000,0,5000,0,0,1722,Expired,
4104,5228,1,LEG-4104,49,1 month full classes,2026-04-05,2026-04-05,2026-05-05,1000,0,1000,0,0,1707,Expired,
4103,9877,1,1247,27,1 session,2026-04-05,2026-04-05,2026-04-06,250,0,250,0,0,1720,Expired,
4102,13135,1,1132,12,3 Months,2026-04-05,2026-04-05,2026-07-04,5000,0,5000,0,0,1719,Expired,
4101,17104,1,1445,12,3 Months,2026-04-05,2026-04-05,2026-07-04,5000,0,5000,0,0,1718,Expired,
4100,17102,1,1444,33,40 sessions,2026-04-05,2026-04-05,2026-08-09,2200,0,2200,0,0,1717,Expired,
4099,11307,1,961,32,20 sessions,2026-04-05,2026-04-05,2026-06-14,2500,0,2500,0,0,1709,Expired,
4098,17074,1,1443,8,1 month,2026-04-05,2026-04-05,2026-05-05,2200,0,2200,0,0,1708,Expired,
4097,7338,1,1442,12,3 Months,2026-04-04,2026-04-05,2026-07-04,5000,0,5000,0,0,1703,Expired,
4096,14996,1,1441,12,3 Months,2026-04-04,2026-04-05,2026-07-04,5000,0,5000,0,0,1704,Expired,
4095,3898,1,LEG-4095,18,Annual family membership,2026-04-04,2026-04-20,2027-06-03,11800,0,6000,5800,0,1705,Active,
4094,3762,1,LEG-4094,32,20 sessions,2026-04-04,2026-04-04,2026-06-13,2500,0,2500,0,0,1702,Expired,
4093,4031,1,LEG-4093,30,12 sessions,2026-04-04,2026-04-04,2026-05-16,1800,0,1800,0,0,1700,Expired,
4092,2869,1,LEG-4092,30,12 sessions,2026-04-04,2026-04-04,2026-05-16,1800,0,1800,0,0,1699,Expired,
4091,10215,1,LEG-4091,33,40 sessions,2026-04-04,2026-04-07,2026-08-11,4000,0,4000,0,0,01574,Expired,
4090,14150,1,LEG-4090,12,3 Months,2026-04-04,2026-04-07,2026-07-14,5000,0,1000,4000,0,1697,Expired,
4089,4615,1,LEG-4089,29,8 sessions,2026-04-04,2026-04-04,2026-05-09,1350,0,1350,0,0,1694,Expired,
4088,1813,1,LEG-4088,17,annual membership,2026-04-04,2026-04-04,2027-04-04,10500,2300,5500,2700,0,1693,Active,
4087,17072,1,LEG-4087,12,3 Months,2026-04-04,2026-04-04,2026-07-03,5000,0,5000,0,0,1692,Expired,
4086,17071,1,LEG-4086,12,3 Months,2026-04-04,2026-04-04,2026-07-03,5000,0,5000,0,0,1691,Expired,
4085,9801,1,LEG-4085,30,12 sessions,2026-04-04,2026-04-04,2026-05-16,2800,0,2800,0,0,1683,Expired,
4084,16117,1,1438,33,40 sessions,2026-04-03,2026-04-03,2026-08-07,4000,0,4000,0,0,01687,Expired,
4083,16117,1,LEG-4083,12,3 Months,2026-04-03,2026-04-03,2026-07-16,5000,0,5000,0,0,1687,Expired,
4082,14358,1,LEG-4082,12,3 Months,2026-04-03,2026-04-03,2026-07-02,5000,0,5000,0,0,1689,Expired,
4081,16326,1,LEG-4081,29,8 sessions,2026-04-03,2026-04-03,2026-05-08,1350,0,1350,0,0,1685,Expired,
4080,10986,1,LEG-4080,15,6 months,2026-04-03,2026-05-05,2026-11-01,8800,0,8800,0,0,1684,Active,
4079,16999,1,1436,31,16 sessions,2026-04-03,2026-04-04,2026-05-30,2200,0,2200,0,0,01682,Expired,
4078,16999,1,LEG-4078,8,1 month,2026-04-03,2026-04-04,2026-05-04,2200,0,2200,0,0,1682,Expired,
4077,6153,1,LEG-4077,32,20 sessions,2026-04-02,2026-04-02,2026-06-11,2500,0,2500,0,0,1677,Expired,
4076,6997,1,LEG-4076,33,40 sessions,2026-04-02,2026-04-02,2026-08-06,4400,0,4400,0,0,1676,Expired,
4075,17030,1,1435,33,40 sessions,2026-04-02,2026-04-02,2026-08-06,2200,0,2200,0,0,1675,Expired,
4074,2940,1,631,15,6 months,2026-04-02,2026-04-20,2026-10-17,8800,0,8800,0,0,1674,Active,
4073,14459,1,LEG-4073,32,20 sessions,2026-04-02,2026-04-02,2026-06-11,2500,0,2500,0,0,1671,Expired,
4072,16949,1,LEG-4072,12,3 Months,2026-04-02,2026-04-02,2026-07-01,5000,0,5000,0,0,1669,Expired,
4070,3744,1,130,17,annual membership,2026-04-02,2026-04-02,2027-04-02,12800,0,12800,0,0,1668,Active,
4069,16990,1,LEG-4069,8,1 month,2026-04-01,2026-04-01,2026-05-01,2200,0,2200,0,0,1665,Expired,
4068,16368,1,LEG-4068,8,1 month,2026-04-01,2026-04-01,2026-05-01,2200,0,2200,0,0,1664,Expired,
4067,11258,1,953,15,6 months,2026-04-01,2026-04-02,2026-10-27,8800,0,8800,0,0,1663,Active,
4066,16127,1,1338,12,3 Months,2026-04-01,2026-04-01,2026-07-14,5000,0,5000,0,0,1662,Expired,
4065,7774,1,LEG-4065,39,youth program 20 sessions,2026-04-01,2026-04-01,2026-06-10,3000,0,3000,0,0,1661,Expired,
4064,16985,1,LEG-4064,39,youth program 20 sessions,2026-04-01,2026-04-01,2026-06-10,3000,0,3000,0,0,1660,Expired,
4063,16927,1,1421,43,Nutrition 4 sessions,2026-04-01,2026-04-01,2026-05-16,950,0,950,0,0,,Expired,
4062,12778,1,LEG-4062,8,1 month,2026-04-01,2026-04-02,2026-05-02,2200,0,2200,0,0,1654,Expired,
4061,7561,1,LEG-4061,8,1 month,2026-04-01,2026-04-01,2026-05-01,2200,0,1200,1000,0,1652,Expired,
4060,10948,1,948,33,40 sessions,2026-04-01,2026-04-01,2026-08-05,4000,0,4000,0,0,M1651,Expired,
4059,10948,1,LEG-4059,12,3 Months,2026-04-01,2026-04-08,2026-07-11,5000,0,5000,0,0,1651,Expired,
4058,10647,1,LEG-4058,33,40 sessions,2026-04-01,2026-04-01,2026-08-05,4400,0,4400,0,0,1650,Expired,
4057,4048,1,LEG-4057,12,3 Months,2026-04-01,2026-04-01,2026-06-30,5000,0,5000,0,0,1649,Expired,
4056,16960,1,LEG-4056,12,3 Months,2026-03-31,2026-04-29,2026-08-11,5000,0,5000,0,0,1643,Expired,
4055,16959,1,1429,12,3 Months,2026-03-31,2026-03-31,2026-07-13,5000,0,2200,2800,0,1647,Expired,
4054,5345,1,1428,12,3 Months,2026-03-31,2026-03-31,2026-07-13,5000,0,5000,0,0,1645,Expired,
4053,16408,1,LEG-4053,12,3 Months,2026-03-31,2026-03-31,2026-06-29,5000,0,5000,0,0,1646,Expired,
4052,16922,1,LEG-4052,12,3 Months,2026-03-31,2026-05-01,2026-08-13,5000,0,5000,0,0,1642,Expired,
4051,4066,1,LEG-4051,32,20 sessions,2026-03-30,2026-03-30,2026-06-08,2500,0,2500,0,0,1636,Expired,
4050,14987,1,LEG-4050,45,Nutrition 12 sessions,2026-03-30,2026-03-30,2026-07-28,1920,0,1920,0,0,,Expired,
4049,16736,1,1425,12,3 Months,2026-03-30,2026-03-30,2026-06-28,5000,0,800,4200,4200,1640,Expired,
4047,13425,1,1171,32,20 sessions,2026-03-30,2026-03-30,2026-06-08,2500,0,2500,0,0,1631,Expired,
4046,12753,1,LEG-4046,33,40 sessions,2026-03-30,2026-03-31,2026-08-04,4400,0,4400,0,0,1632,Expired,
4044,9431,1,LEG-4044,32,20 sessions,2026-03-29,2026-03-29,2026-06-07,2500,0,2500,0,0,1630,Expired,
4043,4809,1,LEG-4043,12,3 Months,2026-03-29,2026-03-29,2026-07-11,5000,0,5000,0,0,1629,Expired,
4042,15632,1,LEG-4042,32,20 sessions,2026-03-29,2026-03-29,2026-06-07,2500,0,2500,0,0,1624,Expired,
4041,15632,1,LEG-4041,12,3 Months,2026-03-29,2026-03-29,2026-07-11,5000,0,5000,0,0,1623,Expired,
4040,2884,1,90,17,annual membership,2026-03-29,2026-04-11,2027-06-17,10500,0,10500,0,0,1627,Freezed,
4039,16928,1,1423,32,20 sessions,2026-03-29,2026-03-31,2026-06-09,2000,0,2000,0,0,1626,Expired,
4038,16928,1,LEG-4038,12,3 Months,2026-03-29,2026-03-31,2026-06-29,3500,0,3500,0,0,1625,Expired,
4037,16904,1,1422,12,3 Months,2026-03-29,2026-03-29,2026-07-11,5000,0,5000,0,0,1622,Expired,
4036,16927,1,LEG-4036,32,20 sessions,2026-03-29,2026-03-29,2026-06-07,2500,0,2500,0,0,1621,Expired,
4035,16927,1,LEG-4035,8,1 month,2026-03-29,2026-03-29,2026-04-28,2200,0,2200,0,0,1620,Expired,
4034,16921,1,1420,12,3 Months,2026-03-29,2026-04-01,2026-06-30,5000,0,5000,0,0,1619,Expired,
4033,14930,1,LEG-4033,8,1 month,2026-03-28,2026-03-28,2026-04-27,3000,0,3000,0,0,M1607,Expired,
4032,9344,1,1419,12,3 Months,2026-03-28,2026-03-28,2026-07-10,5000,0,5000,0,0,1617,Expired,
4031,12797,1,LEG-4031,12,3 Months,2026-03-28,2026-03-28,2026-06-26,5000,0,5000,0,0,1615,Expired,
4030,16888,1,1418,17,annual membership,2026-03-28,2026-08-08,2027-08-08,12800,0,3000,9800,0,1613,Active,
4029,16911,1,1417,12,3 Months,2026-03-28,2026-03-28,2026-07-10,5000,0,5000,0,0,1611,Expired,
4028,13968,1,LEG-4028,12,3 Months,2026-03-28,2026-03-28,2026-06-26,5000,0,5000,0,0,1612,Expired,
4027,12807,1,1112,32,20 sessions,2026-03-28,2026-03-28,2026-06-06,2500,0,2500,0,0,1614,Expired,
4026,16899,1,LEG-4026,30,12 sessions,2026-03-28,2026-03-29,2026-05-10,1800,0,1800,0,0,1609,Expired,
4025,12510,1,LEG-4025,29,8 sessions,2026-03-28,2026-03-28,2026-05-02,1350,0,1350,0,0,1610,Expired,
4024,16899,1,LEG-4024,12,3 Months,2026-03-28,2026-03-29,2026-06-27,5000,0,5000,0,0,1608,Expired,
4023,16884,1,1414,12,3 Months,2026-03-27,2026-03-27,2026-07-02,5000,0,5000,0,0,1606,Expired,
4022,16441,1,1413,15,6 months,2026-03-27,2026-03-27,2026-09-23,8800,0,8800,0,0,1605,Active,
4021,9456,1,883,15,6 months,2026-03-27,2026-04-26,2026-11-06,8800,0,5000,3800,0,1603,Active,
4020,15364,1,LEG-4020,12,3 Months,2026-03-27,2026-03-27,2026-06-25,5000,0,5000,0,0,1601,Expired,
4019,16895,1,1411,39,youth program 20 sessions,2026-03-27,2026-03-27,2026-06-05,3000,0,2000,1000,0,1600,Expired,
4018,5483,1,LEG-4018,32,20 sessions,2026-03-27,2026-03-27,2026-06-05,2500,0,2500,0,0,1594,Expired,
4017,7856,1,LEG-4017,12,3 Months,2026-03-26,2026-03-26,2026-06-24,5000,0,5000,0,0,1591,Expired,
4016,7838,1,LEG-4016,30,12 sessions,2026-03-26,2026-03-26,2026-05-07,1800,0,1800,0,0,1590,Expired,
4015,6424,1,1410,12,3 Months,2026-03-26,2026-03-28,2026-06-26,5000,0,5000,0,0,1588,Expired,
4014,16724,1,1409,12,3 Months,2026-03-26,2026-03-26,2026-06-24,5000,0,5000,0,0,1587,Expired,
4013,15193,1,1275,12,3 Months,2026-03-26,2026-03-26,2026-06-24,5000,0,3000,2000,0,1586,Expired,
4012,13154,1,1130,32,20 sessions,2026-03-26,2026-03-26,2026-06-04,2500,0,2500,0,0,01585,Expired,
4011,13154,1,LEG-4011,15,6 months,2026-03-26,2026-03-26,2027-01-07,8800,0,8800,0,0,1585,Active,
4010,10203,1,LEG-4010,12,3 Months,2026-03-26,2026-04-07,2026-07-17,5000,0,5000,0,0,1583,Expired,
4009,16707,1,LEG-4009,15,6 months,2026-03-26,2026-03-26,2026-09-22,8800,0,8800,0,0,1582,Active,
4008,16463,1,1407,37,head coach 40 sessions,2026-03-25,2026-03-26,2026-07-30,5000,0,5000,0,0,01579,Expired,
4007,16463,1,LEG-4007,12,3 Months,2026-03-25,2026-03-26,2026-06-24,5000,0,5000,0,0,1579,Expired,
4006,2732,1,LEG-4006,32,20 sessions,2026-03-25,2026-04-15,2026-06-24,2500,0,2500,0,0,1580,Expired,
4005,16465,1,1406,37,head coach 40 sessions,2026-03-25,2026-03-26,2026-07-30,5000,0,5000,0,0,01578,Expired,
4004,16465,1,LEG-4004,12,3 Months,2026-03-25,2026-03-25,2026-06-23,5000,0,5000,0,0,1578,Expired,
4003,16811,1,1405,39,youth program 20 sessions,2026-03-25,2026-03-25,2026-06-03,3000,0,3000,0,0,00mst,Expired,
4002,16560,1,1401,29,8 sessions,2026-03-25,2026-03-25,2026-04-29,1350,0,1350,0,0,1577,Expired,
4001,3571,1,1120,18,Annual family membership,2026-03-25,2026-03-25,2027-03-25,11800,0,5000,6800,3800,1576,Active,
4000,16809,1,1404,17,annual membership,2026-03-25,2026-04-01,2027-05-01,12800,0,6400,6400,0,1575,Freezed,
3998,8257,1,700,45,Nutrition 12 sessions,2026-03-24,2026-03-24,2026-07-22,1920,0,1920,0,0,,Expired,
3997,11656,1,LEG-3997,44,Nutrition 8 sessions,2026-03-24,2026-03-24,2026-06-22,1650,0,1650,0,0,,Expired,
3996,10215,1,LEG-3996,12,3 Months,2026-03-24,2026-04-07,2026-07-16,5000,0,5000,0,0,1574,Expired,
3995,3729,1,LEG-3995,32,20 sessions,2026-03-24,2026-03-24,2026-06-02,2500,0,2500,0,0,1571,Expired,
3994,16791,1,1403,8,1 month,2026-03-24,2026-03-24,2026-04-23,2200,0,2200,0,0,1569,Expired,
3993,2578,1,1402,17,annual membership,2026-03-24,2026-03-24,2027-03-24,12800,0,12800,0,0,1570,Active,
3992,10113,1,874,12,3 Months,2026-03-24,2026-03-24,2026-06-29,5000,0,1000,4000,0,1568,Expired,
3991,16560,1,LEG-3991,8,1 month,2026-03-24,2026-03-24,2026-04-23,2200,0,2200,0,0,1562,Expired,
3990,6183,1,LEG-3990,30,12 sessions,2026-03-24,2026-03-25,2026-05-06,1800,0,1800,0,0,1567,Expired,
3989,3884,1,182,17,annual membership,2026-03-23,2026-04-11,2027-04-11,10500,0,5000,5500,0,1560,Active,
3988,16784,1,1400,12,3 Months,2026-03-23,2026-03-23,2026-06-21,5000,0,5000,0,0,1559,Cancelled,@Cancelled
3987,16761,1,1399,12,3 Months,2026-03-23,2026-03-23,2026-06-21,5000,0,5000,0,0,1558,Expired,
3986,16676,1,1398,12,3 Months,2026-03-23,2026-03-23,2026-06-21,5000,0,5000,0,0,1557,Expired,
3985,9801,1,LEG-3985,30,12 sessions,2026-03-23,2026-03-30,2026-05-11,2800,0,2800,0,0,1553,Expired,
3984,16478,1,1397,17,annual membership,2026-03-22,2026-03-22,2027-04-29,12800,0,12800,0,0,1551,Active,
3983,16717,1,1396,8,1 month,2026-03-22,2026-03-22,2026-04-21,2200,0,2200,0,0,1550,Expired,
3982,7504,1,LEG-3982,39,youth program 20 sessions,2026-03-22,2026-03-22,2026-05-31,3000,0,2500,500,0,1547,Expired,
3981,7175,1,LEG-3981,30,12 sessions,2026-03-22,2026-03-22,2026-05-03,1800,0,1800,0,0,1248,Expired,
3980,6027,1,LEG-3980,29,8 sessions,2026-03-22,2026-03-22,2026-04-26,1350,0,1350,0,0,1546,Expired,
3979,8009,1,666,29,8 sessions,2026-03-22,2026-03-22,2026-04-26,1350,0,1350,0,0,1545,Expired,
3978,7477,1,902,15,6 months,2026-03-21,2026-03-28,2026-10-08,8800,0,8800,0,0,1541,Active,
3977,2954,1,97,17,annual membership,2026-03-21,2026-03-21,2027-03-21,10500,2300,3000,5200,0,1538,Active,
3975,6071,1,456,15,6 months,2026-03-19,2026-03-25,2026-09-21,8800,0,1000,7800,0,1532,Active,
3974,5495,1,1213,15,6 months,2026-03-19,2026-03-25,2026-09-21,8800,0,5000,3800,0,1531,Active,
3973,16611,1,LEG-3973,12,3 Months,2026-03-19,2026-04-01,2026-06-30,5000,0,1000,4000,0,1529,Expired,
3972,16232,1,LEG-3972,32,20 sessions,2026-03-18,2026-03-18,2026-05-27,2500,0,2500,0,0,1528,Expired,
3971,12480,1,LEG-3971,29,8 sessions,2026-03-18,2026-03-18,2026-04-22,1350,0,1350,0,0,1527,Expired,
3970,11129,1,1394,12,3 Months,2026-03-18,2026-04-13,2026-07-22,5000,0,1100,3900,0,1526,Expired,
3969,16662,1,1393,15,6 months,2026-03-18,2026-03-25,2026-09-21,8800,0,7000,1800,1800,1525,Active,
3968,16660,1,1392,15,6 months,2026-03-18,2026-04-01,2026-09-28,8800,0,1000,7800,7800,1524,Active,
3967,11655,1,1391,17,annual membership,2026-03-18,2026-04-10,2027-04-10,12800,0,12800,0,0,1516,Active,
3966,2618,1,LEG-3966,17,annual membership,2026-03-18,2026-03-17,2027-03-17,10500,0,5500,5000,0,1521,Active,
3965,16492,1,1378,32,20 sessions,2026-03-17,2026-03-17,2026-05-26,2500,0,2500,0,0,1515,Expired,
3964,16624,1,1390,18,Annual family membership,2026-03-17,2026-03-23,2027-05-22,11800,0,5000,6800,6800,1513,Freezed,
3963,9306,1,1389,18,Annual family membership,2026-03-17,2026-03-23,2027-05-22,11800,0,5000,6800,6800,1512,Freezed,
3962,5297,1,LEG-3962,30,12 sessions,2026-03-16,2026-03-16,2026-04-27,1800,0,1800,0,0,01509,Expired,
3961,5297,1,LEG-3961,12,3 Months,2026-03-16,2026-03-16,2026-06-14,5000,0,5000,0,0,1509,Expired,
3960,4289,1,385,17,annual membership,2026-03-16,2027-01-01,2028-01-01,12800,0,12800,0,0,1506,Postponed,
3959,9082,1,LEG-3959,15,6 months,2026-03-15,2026-03-15,2026-09-22,8800,0,2000,6800,0,1505,Active,
3958,16597,1,LEG-3958,15,6 months,2026-03-15,2026-03-26,2026-11-21,8800,0,2200,6600,0,1504,Active,
3957,9657,1,819,15,6 months,2026-03-15,2026-03-15,2026-12-04,8800,0,2000,6800,0,1502,Active,
3956,3964,1,LEG-3956,12,3 Months,2026-03-15,2026-03-30,2026-07-12,5000,0,5000,0,0,1500,Expired,
3955,6661,1,LEG-3955,12,3 Months,2026-03-14,2026-03-10,2026-06-15,5000,0,2500,2500,0,1496,Expired,
3954,16549,1,1386,8,1 month,2026-03-14,2026-03-15,2026-04-14,2200,0,2200,0,0,1495,Expired,
3953,16254,1,LEG-3953,30,12 sessions,2026-03-13,2026-03-12,2026-04-23,1800,0,1800,0,0,1494,Expired,
3952,6044,1,LEG-3952,49,1 month full classes,2026-03-13,2026-04-01,2026-05-01,1000,0,1000,0,0,1482,Expired,
3951,15467,1,LEG-3951,39,youth program 20 sessions,2026-03-12,2026-03-13,2026-05-22,3000,0,3000,0,0,1488,Expired,
3950,16283,1,1344,33,40 sessions,2026-03-12,2026-03-12,2026-07-16,4400,0,4400,0,0,1485,Expired,
3949,14358,1,LEG-3949,32,20 sessions,2026-03-12,2026-03-12,2026-05-21,2500,0,2500,0,0,1484,Expired,
3948,16420,1,LEG-3948,30,12 sessions,2026-03-12,2026-03-13,2026-04-24,1800,0,1800,0,0,1486,Expired,
3947,15514,1,1290,48,12 sessions classes,2026-03-12,2026-03-13,2026-04-12,850,0,850,0,0,1489,Expired,
3946,2497,1,LEG-3946,30,12 sessions,2026-03-12,2026-03-12,2026-04-23,1800,0,1800,0,0,1483,Expired,
3945,16491,1,1377,37,head coach 40 sessions,2026-03-12,2026-03-13,2026-07-17,5400,0,5400,0,0,1481,Expired,
3944,6078,1,LEG-3944,32,20 sessions,2026-03-11,2026-03-11,2026-05-20,2500,0,2500,0,0,1479,Expired,
3943,6024,1,LEG-3943,32,20 sessions,2026-03-11,2026-03-11,2026-05-20,2500,0,2500,0,0,1478,Expired,
3942,10981,1,LEG-3942,31,16 sessions,2026-03-11,2026-03-11,2026-05-06,2200,0,2200,0,0,1474,Expired,
3941,3754,1,134,32,20 sessions,2026-03-11,2026-03-11,2026-05-20,2500,0,2500,0,0,1477,Expired,
3940,3754,1,LEG-3940,18,Annual family membership,2026-03-11,2026-03-11,2027-03-11,11800,0,11800,0,0,1476,Active,
3939,3755,1,135,18,Annual family membership,2026-03-11,2026-03-11,2027-03-11,11800,0,10800,1000,0,1475,Active,
3938,7355,1,1177,32,20 sessions,2026-03-11,2026-03-11,2026-05-20,2500,0,1500,1000,0,1473,Expired,
3937,16525,1,1385,15,6 months,2026-03-11,2026-03-11,2026-09-07,8800,0,8800,0,0,1470,Expired,
3936,10198,1,1384,20,Morning membership 6am - 1 pm,2026-03-11,2026-03-20,2027-03-20,8500,0,8500,0,0,1468,Cancelled,@Cancelled
3935,3873,1,177,17,annual membership,2026-03-10,2026-06-02,2027-06-09,10500,0,10500,0,0,1466,Active,
3934,7788,1,632,39,youth program 20 sessions,2026-03-10,2026-03-10,2026-05-19,3000,0,3000,0,0,1464,Expired,
3932,16506,1,1382,8,1 month,2026-03-09,2026-03-09,2026-04-08,2200,0,2200,0,0,1460,Expired,
3931,10280,1,LEG-3931,17,annual membership,2026-03-09,2026-04-05,2027-04-05,12800,0,12800,0,0,1459,Active,
3930,13878,1,1188,46,4 sessions classes,2026-03-09,2026-03-09,2026-04-08,450,0,450,0,0,1448,Expired,
3929,16364,1,LEG-3929,37,head coach 40 sessions,2026-03-08,2026-03-08,2026-07-12,5400,0,3000,2400,0,01434,Expired,
3928,15727,1,LEG-3928,32,20 sessions,2026-03-08,2026-03-08,2026-05-17,2500,0,2500,0,0,1456,Expired,
3927,16420,1,LEG-3927,12,3 Months,2026-03-08,2026-03-08,2026-06-06,5000,0,5000,0,0,1455,Expired,
3925,16492,1,LEG-3925,12,3 Months,2026-03-08,2026-03-08,2026-06-06,5000,0,5000,0,0,1447,Expired,
3924,16491,1,LEG-3924,12,3 Months,2026-03-08,2026-03-08,2026-06-06,5000,0,5000,0,0,1445,Expired,
3923,3862,1,LEG-3923,32,20 sessions,2026-03-08,2026-03-08,2026-05-17,2500,0,2500,0,0,1443,Expired,
3922,14150,1,LEG-3922,32,20 sessions,2026-03-08,2026-03-08,2026-05-17,2500,0,2500,0,0,1442,Expired,
3921,5334,1,LEG-3921,32,20 sessions,2026-03-08,2026-03-09,2026-05-18,2500,0,2500,0,0,1441,Expired,
3919,16483,1,LEG-3919,12,3 Months,2026-03-07,2026-03-07,2026-06-12,5000,0,5000,0,0,1439,Expired,
3918,16482,1,LEG-3918,39,youth program 20 sessions,2026-03-07,2026-03-07,2026-05-16,2750,0,2750,0,0,1438,Expired,
3917,16479,1,LEG-3917,15,6 months,2026-03-07,2026-03-07,2026-11-16,8800,0,8800,0,0,1437,Active,
3916,4062,1,256,15,6 months,2026-03-07,2026-04-10,2026-10-07,8800,0,8800,0,0,1436,Active,
3914,7474,1,LEG-3914,8,1 month,2026-03-06,2026-03-06,2026-04-05,3000,0,3000,0,0,1428,Expired,
3913,16417,1,1364,29,8 sessions,2026-03-06,2026-03-06,2026-04-10,1350,0,1350,0,0,1433,Expired,
3912,15470,1,LEG-3912,38,youth program 10 sessions,2026-03-06,2026-03-06,2026-04-17,2000,0,2000,0,0,1429,Expired,
3911,12972,1,LEG-3911,8,1 month,2026-03-05,2026-03-05,2026-04-04,1000,0,1000,0,0,1426,Expired,
3910,7832,1,LEG-3910,12,3 Months,2026-03-05,2026-03-05,2026-06-03,5000,0,5000,0,0,1425,Expired,
3909,16460,1,1372,46,4 sessions classes,2026-03-05,2026-03-05,2026-04-04,450,0,450,0,0,1424,Expired,
3908,16425,1,LEG-3908,30,12 sessions,2026-03-05,2026-03-05,2026-04-16,1800,0,1800,0,0,01423,Expired,
3907,16425,1,LEG-3907,12,3 Months,2026-03-05,2026-03-05,2026-06-17,5000,0,2200,2800,0,1423,Expired,
3906,13729,1,1345,32,20 sessions,2026-03-04,2026-03-04,2026-05-13,2500,0,2500,0,0,1420,Expired,
3904,10980,1,1343,27,1 session,2026-03-04,2026-03-04,2026-03-05,250,0,250,0,0,1418,Expired,
3903,9631,1,LEG-3903,38,youth program 10 sessions,2026-03-04,2026-03-04,2026-04-15,2000,0,2000,0,0,1416,Expired,
3902,16399,1,1370,12,3 Months,2026-03-03,2026-03-03,2026-06-01,5000,0,5000,0,0,1415,Expired,
3901,11283,1,LEG-3901,33,40 sessions,2026-03-03,2026-03-03,2026-07-07,4400,0,2200,2200,0,1413,Expired,
3900,12480,1,LEG-3900,28,4 sessions,2026-03-03,2026-03-03,2026-03-31,800,0,400,400,0,,Expired,
3899,12480,1,LEG-3899,8,1 month,2026-03-03,2026-03-03,2026-04-02,2200,800,600,800,0,1414,Expired,
3898,13425,1,LEG-3898,30,12 sessions,2026-03-03,2026-03-03,2026-04-14,1800,0,1800,0,0,1412,Expired,
3897,13075,1,LEG-3897,12,3 Months,2026-03-03,2026-03-22,2026-06-20,5000,0,5000,0,0,1410,Expired,
3896,16421,1,1368,8,1 month,2026-03-03,2026-03-03,2026-04-02,3000,0,3000,0,0,1406,Expired,
3895,16418,1,1367,8,1 month,2026-03-02,2026-03-02,2026-04-01,2200,0,2200,0,0,1405,Expired,
3894,16282,1,LEG-3894,12,3 Months,2026-03-02,2026-03-16,2026-06-21,5000,0,2200,2800,0,1404,Expired,
3893,16254,1,LEG-3893,12,3 Months,2026-03-02,2026-03-02,2026-06-09,5000,0,2200,2800,0,1403,Expired,
3892,16417,1,LEG-3892,8,1 month,2026-03-02,2026-03-02,2026-04-01,2200,0,2200,0,0,1402,Expired,
3891,11305,1,LEG-3891,20,Morning membership 6am - 1 pm,2026-03-02,2026-11-15,2027-11-15,8500,0,2000,6500,4500,1401,Postponed,
3890,8251,1,764,20,Morning membership 6am - 1 pm,2026-03-02,2026-03-27,2027-04-22,8500,0,2000,6500,0,1400,Active,
3889,12778,1,LEG-3889,31,16 sessions,2026-03-02,2026-03-02,2026-04-27,2200,0,2200,0,0,01398,Expired,
3888,12778,1,LEG-3888,8,1 month,2026-03-02,2026-03-02,2026-04-01,2200,0,2200,0,0,1398,Expired,
3887,14847,1,1362,8,1 month,2026-03-02,2026-03-02,2026-04-01,2200,0,2200,0,0,1397,Expired,
3886,3789,1,157,17,annual membership,2026-03-02,2026-04-30,2027-05-16,10500,0,3000,7500,0,1279,Active,
3885,14142,1,LEG-3885,33,40 sessions,2026-03-02,2026-03-02,2026-07-06,4400,0,4400,0,0,1396,Expired,
3884,16400,1,1361,8,1 month,2026-03-01,2026-03-01,2026-03-31,2200,0,2200,0,0,1394,Expired,
3883,3452,1,1267,33,40 sessions,2026-03-01,2026-03-01,2026-07-05,4400,0,4400,0,0,1391,Expired,
3882,3543,1,LEG-3882,32,20 sessions,2026-03-01,2026-03-01,2026-05-10,2500,0,2500,0,0,1392,Expired,
3881,16364,1,LEG-3881,12,3 Months,2026-03-01,2026-03-01,2026-05-30,5000,0,5000,0,0,1390,Expired,
3880,8273,1,LEG-3880,32,20 sessions,2026-03-01,2026-03-01,2026-05-10,2500,0,2500,0,0,1388,Expired,
3879,4230,1,339,32,20 sessions,2026-03-01,2026-03-01,2026-05-10,2500,0,2500,0,0,1389,Expired,
3878,8009,1,LEG-3878,12,3 Months,2026-03-01,2026-03-01,2026-06-13,5000,0,5000,0,0,1387,Expired,
3877,2620,1,LEG-3877,17,annual membership,2026-03-01,2026-03-01,2027-03-01,10500,0,10500,0,0,1386,Active,
3876,13877,1,LEG-3876,32,20 sessions,2026-02-28,2026-03-01,2026-05-10,2500,0,2500,0,0,1384,Expired,
3875,3762,1,LEG-3875,17,annual membership,2026-02-28,2026-03-01,2027-03-01,12800,0,12800,0,0,1383,Active,
3874,16389,1,1359,18,Annual family membership,2026-02-28,2026-02-28,2027-02-28,11800,0,5900,5900,5900,1380,Active,
3873,5295,1,1358,18,Annual family membership,2026-02-28,2026-02-28,2027-02-28,11800,0,5900,5900,5900,1381,Active,
3872,15286,1,1357,33,40 sessions,2026-02-28,2026-02-28,2026-07-04,4000,0,4000,0,0,M1379,Expired,
3871,15286,1,LEG-3871,12,3 Months,2026-02-28,2026-02-28,2026-05-29,5000,0,5000,0,0,1379,Expired,
3870,11659,1,1356,15,6 months,2026-02-27,2026-02-27,2026-08-26,8800,0,8800,0,0,1378,Expired,
3869,6688,1,1355,12,3 Months,2026-02-26,2026-02-26,2026-05-27,5000,0,5000,0,0,1376,Expired,
3868,12542,1,1104,8,1 month,2026-02-26,2026-03-01,2026-03-31,2200,0,2200,0,0,1377,Expired,
3866,13155,1,1136,15,6 months,2026-02-25,2026-02-25,2026-08-24,8800,0,8800,0,0,1374,Expired,
3865,14793,1,1354,39,youth program 20 sessions,2026-02-25,2026-02-25,2026-05-06,3000,0,3000,0,0,1370,Expired,
3864,2731,1,80,17,annual membership,2026-02-25,2026-03-04,2027-03-04,10500,0,10500,0,0,1369,Active,
3863,15712,1,LEG-3863,12,3 Months,2026-02-25,2026-02-27,2026-05-28,5000,0,5000,0,0,1365,Expired,
3862,16133,1,1328,32,20 sessions,2026-02-24,2026-02-24,2026-05-05,2500,0,2500,0,0,1363,Expired,
3861,16113,1,1329,32,20 sessions,2026-02-24,2026-02-24,2026-05-05,2500,0,2500,0,0,1362,Expired,
3860,14280,1,1207,17,annual membership,2026-02-24,2026-02-24,2027-04-25,10500,0,10500,0,0,01361,Active,
3859,16326,1,LEG-3859,12,3 Months,2026-02-24,2026-03-24,2026-06-22,5000,0,5000,0,0,1360,Expired,
3858,1985,1,LEG-3858,33,40 sessions,2026-02-24,2026-02-24,2026-06-30,4400,0,2200,2200,0,1359,Expired,
3857,5833,1,LEG-3857,43,Nutrition 4 sessions,2026-02-23,2026-02-23,2026-04-09,950,0,950,0,0,,Expired,
3856,5710,1,429,33,40 sessions,2026-02-23,2026-02-23,2026-06-29,4400,0,4400,0,0,1357,Expired,
3855,2010,1,336,32,20 sessions,2026-02-23,2026-02-23,2026-05-04,2500,0,2500,0,0,1353,Expired,
3854,13695,1,LEG-3854,37,head coach 40 sessions,2026-02-23,2026-02-23,2026-06-29,5400,0,5400,0,0,1352,Expired,
3852,1642,1,211,12,3 Months,2026-02-23,2026-02-28,2026-06-12,5000,0,5000,0,0,1348,Expired,
3851,15193,1,LEG-3851,8,1 month,2026-02-23,2026-02-20,2026-03-22,3000,0,3000,0,0,1350,Expired,
3849,1284,1,LEG-3849,30,12 sessions,2026-02-22,2026-02-22,2026-04-05,1800,0,1800,0,0,1346,Expired,
3848,3791,1,158,22,annual monglish offer,2026-02-22,2026-03-28,2027-04-11,10500,0,3000,7500,0,1345,Active,
3847,14930,1,LEG-3847,32,20 sessions,2026-02-22,2026-02-22,2026-05-03,2500,0,1000,1500,0,F1072,Expired,
3846,10980,1,LEG-3846,28,4 sessions,2026-02-22,2026-02-22,2026-03-22,800,0,800,0,0,,Expired,
3845,14930,1,LEG-3845,8,1 month,2026-02-21,2026-02-21,2026-03-23,0,0,0,0,0,01072,Expired,
3844,5833,1,LEG-3844,32,20 sessions,2026-02-21,2026-02-21,2026-05-02,2500,0,2500,0,0,1342,Expired,
3843,7800,1,LEG-3843,32,20 sessions,2026-02-21,2026-02-21,2026-05-02,2500,0,2500,0,0,1340,Expired,
3842,8989,1,884,33,40 sessions,2026-02-21,2026-02-21,2026-06-27,4400,0,4400,0,0,1307,Expired,
3841,430,1,1178,32,20 sessions,2026-02-21,2026-02-21,2026-05-02,4400,0,4400,0,0,1338,Expired,
3840,3776,1,153,17,annual membership,2026-02-21,2026-02-24,2027-04-14,12800,0,8500,4300,0,1337,Active,
3839,8011,1,1351,8,1 month,2026-02-21,2026-02-21,2026-03-23,2200,0,2200,0,0,1336,Expired,
3838,16294,1,1350,8,1 month,2026-02-20,2026-02-20,2026-03-22,2200,0,2200,0,0,1334,Expired,
3837,14246,1,LEG-3837,12,3 Months,2026-02-20,2026-02-20,2026-05-21,5000,0,1500,3500,3500,1335,Expired,
3836,8083,1,LEG-3836,12,3 Months,2026-02-20,2026-02-20,2026-05-21,5000,0,5000,0,0,1333,Expired,
3835,11948,1,1347,32,20 sessions,2026-02-20,2026-02-20,2026-05-01,2500,0,2500,0,0,1331,Expired,
3834,11948,1,LEG-3834,12,3 Months,2026-02-20,2026-02-20,2026-05-21,5000,0,5000,0,0,1330,Expired,
3833,4901,1,LEG-3833,32,20 sessions,2026-02-18,2026-02-20,2026-05-01,2500,0,2500,0,0,1329,Expired,
3832,16232,1,LEG-3832,15,6 months,2026-02-18,2026-02-20,2026-09-18,8800,0,8800,0,0,1327,Active,
3831,13729,1,LEG-3831,12,3 Months,2026-02-18,2026-02-18,2026-05-19,5000,0,5000,0,0,1326,Expired,
3830,16283,1,LEG-3830,17,annual membership,2026-02-18,2026-02-20,2027-02-20,12800,0,12800,0,0,1323,Active,
3829,15486,1,LEG-3829,33,40 sessions,2026-02-18,2026-02-22,2026-06-28,4000,0,4000,0,0,1321,Expired,
3828,15486,1,LEG-3828,15,6 months,2026-02-18,2026-02-22,2026-08-21,8800,0,8800,0,0,1320,Expired,
3827,10980,1,LEG-3827,12,3 Months,2026-02-18,2026-02-18,2026-05-29,5000,0,5000,0,0,1319,Expired,
3826,4218,1,LEG-3826,32,20 sessions,2026-02-17,2026-02-17,2026-04-28,2500,0,2500,0,0,1318,Expired,
3825,4218,1,LEG-3825,17,annual membership,2026-02-17,2026-03-17,2027-03-17,12800,0,12800,0,0,1317,Active,
3824,2616,1,64,32,20 sessions,2026-02-17,2026-02-17,2026-04-28,2500,0,2500,0,0,1316,Expired,
3823,9374,1,825,17,annual membership,2026-02-17,2026-03-23,2027-03-23,12800,0,12800,0,0,1312,Active,
3822,9653,1,824,17,annual membership,2026-02-17,2026-03-23,2027-03-23,12800,0,12800,0,0,1311,Active,
3821,16260,1,1342,30,12 sessions,2026-02-17,2026-02-17,2026-03-31,1600,200,600,800,1000,1310,Expired,
3820,16260,1,LEG-3820,8,1 month,2026-02-17,2026-03-01,2026-03-31,2200,800,1000,400,1200,1309,Expired,
3819,15320,1,LEG-3819,32,20 sessions,2026-02-16,2026-02-17,2026-04-28,2500,0,2500,0,0,1308,Expired,
3818,8989,1,LEG-3818,17,annual membership,2026-02-16,2026-03-14,2027-05-13,12800,0,12800,0,0,1306,Active,
3817,16185,1,LEG-3817,15,6 months,2026-02-16,2026-02-17,2026-08-16,8800,0,8800,0,0,1304,Expired,
3816,16262,1,1340,8,1 month,2026-02-16,2026-03-08,2026-04-07,2200,0,2200,0,0,1301,Expired,
3815,12229,1,LEG-3815,32,20 sessions,2026-02-16,2026-02-16,2026-04-27,2500,0,2500,0,0,1303,Expired,
3814,13971,1,LEG-3814,12,3 Months,2026-02-16,2026-02-16,2026-05-31,5000,0,5000,0,0,1302,Expired,
3813,16127,1,LEG-3813,8,1 month,2026-02-16,2026-03-01,2026-03-31,2200,0,2200,0,0,1300,Expired,
3812,9431,1,LEG-3812,32,20 sessions,2026-02-15,2026-02-14,2026-04-25,2500,0,2500,0,0,1284,Expired,
3811,2616,1,LEG-3811,17,annual membership,2026-02-15,2026-02-15,2027-03-17,10500,0,500,10000,0,1299,Active,
3810,16247,1,1337,8,1 month,2026-02-15,2026-02-15,2026-03-17,2000,0,2000,0,0,1298,Expired,
3809,1819,1,273,17,annual membership,2026-02-15,2026-02-15,2027-02-23,10500,0,5500,5000,0,1296,Active,
3808,15861,1,LEG-3808,15,6 months,2026-02-15,2026-06-02,2026-12-13,8800,0,1000,7800,0,1297,Active,
3807,15675,1,LEG-3807,12,3 Months,2026-02-15,2026-06-17,2026-09-15,5000,0,1500,3500,0,1295,Active,
3806,2627,1,LEG-3806,17,annual membership,2026-02-15,2026-02-15,2027-02-15,10500,0,10500,0,0,1293,Active,
3805,1742,1,LEG-3805,12,3 Months,2026-02-15,2026-02-15,2026-05-26,5000,0,5000,0,0,1291,Expired,
3804,3829,1,168,17,annual membership,2026-02-15,2026-02-15,2027-02-15,8000,0,8000,0,0,1292,Active,
3803,7934,1,1087,30,12 sessions,2026-02-14,2026-02-14,2026-03-28,1800,0,1800,0,0,1287,Expired,
3802,3725,1,301,17,annual membership,2026-02-14,2026-04-02,2027-04-02,12800,0,1000,11800,0,1288,Active,
3801,7934,1,LEG-3801,12,3 Months,2026-02-14,2026-02-14,2026-05-29,5000,0,5000,0,0,1286,Expired,
3800,4990,1,400,17,annual membership,2026-02-14,2026-04-25,2027-04-25,12800,0,11500,1300,0,1283,Active,
3799,8240,1,LEG-3799,12,3 Months,2026-02-14,2026-02-14,2026-05-15,5000,0,5000,0,0,1281,Expired,
3798,12016,1,LEG-3798,39,youth program 20 sessions,2026-02-14,2026-02-14,2026-04-25,3000,0,3000,0,0,1282,Expired,
3797,6083,1,LEG-3797,29,8 sessions,2026-02-14,2026-02-14,2026-03-21,1350,0,1350,0,0,1280,Expired,
3796,10411,1,LEG-3796,32,20 sessions,2026-02-14,2026-02-15,2026-04-26,2500,0,2500,0,0,1278,Expired,
3795,2732,1,LEG-3795,17,annual membership,2026-02-14,2026-03-31,2027-03-31,12800,0,10500,2300,2300,1275,Active,
3794,11442,1,1307,33,40 sessions,2026-02-14,2026-02-14,2026-06-20,4400,0,4400,0,0,1274,Expired,
3793,3409,1,263,15,6 months,2026-02-13,2026-02-13,2026-09-11,7300,0,7300,0,0,1271,Active,
3792,3662,1,262,15,6 months,2026-02-13,2026-02-13,2026-08-31,7300,0,7300,0,0,1270,Expired,
3791,13158,1,1155,30,12 sessions,2026-02-12,2026-02-12,2026-03-26,1800,0,1800,0,0,1250,Expired,
3790,3735,1,122,17,annual membership,2026-02-13,2026-02-28,2027-03-24,12800,0,12800,0,0,1267,Active,
3788,2992,1,109,17,annual membership,2026-02-13,2026-05-04,2027-05-26,10500,0,10500,0,0,1264,Active,
3787,1724,1,1334,17,annual membership,2026-02-13,2026-01-15,2027-01-15,12800,0,6400,6400,6400,1005,Active,
3786,11290,1,966,33,40 sessions,2026-02-13,2026-02-08,2026-07-14,4400,0,4400,0,0,1220,Expired,
3785,7491,1,LEG-3785,32,20 sessions,2026-02-13,2026-02-13,2026-04-24,2500,0,2500,0,0,1263,Expired,
3784,6044,1,LEG-3784,49,1 month full classes,2026-02-12,2026-02-12,2026-03-14,1000,0,1000,0,0,1262,Expired,
3783,10426,1,LEG-3783,32,20 sessions,2026-02-12,2026-02-12,2026-04-23,2500,0,2500,0,0,1260,Expired,
3782,11462,1,LEG-3782,39,youth program 20 sessions,2026-02-12,2026-02-12,2026-04-23,3000,0,3000,0,0,1261,Expired,
3781,16101,1,1333,12,3 Months,2026-02-12,2026-02-12,2026-05-20,5000,0,5000,0,0,1257,Expired,
3779,3666,1,160,17,annual membership,2026-02-12,2026-04-01,2027-04-09,12800,0,6400,6400,0,1253,Active,
3778,3793,1,161,17,annual membership,2026-02-12,2026-03-17,2027-03-24,12800,0,6400,6400,0,1252,Active,
3777,9541,1,804,15,6 months,2026-02-12,2026-02-14,2026-08-13,8800,0,8800,0,0,1254,Expired,
3776,16080,1,1324,33,40 sessions,2026-02-12,2026-02-10,2026-06-16,4000,0,2000,2000,0,1237,Expired,
3775,4700,1,LEG-3775,33,40 sessions,2026-02-12,2026-02-12,2026-06-18,4400,0,4400,0,0,1256,Expired,
3774,3901,1,LEG-3774,17,annual membership,2026-02-10,2026-04-18,2027-04-18,12800,0,12800,0,0,1246,Active,
3773,6869,1,603,12,3 Months,2026-02-10,2026-02-10,2026-05-25,5000,0,1000,4000,0,1245,Expired,
3772,6916,1,LEG-3772,32,20 sessions,2026-02-10,2026-02-10,2026-04-21,2500,0,2500,0,0,1244,Expired,
3771,6916,1,LEG-3771,15,6 months,2026-02-10,2026-02-10,2026-08-31,8800,0,8800,0,0,1243,Expired,
3770,3943,1,206,12,3 Months,2026-02-10,2026-02-28,2026-05-29,5000,0,5000,0,0,1241,Expired,
3769,2800,1,83,17,annual membership,2026-02-10,2026-03-30,2027-03-30,10500,0,10500,0,0,1240,Active,
3767,8257,1,LEG-3767,33,40 sessions,2026-02-10,2026-02-10,2026-06-16,4400,0,4400,0,0,1239,Expired,
3766,16152,1,1332,8,1 month,2026-02-10,2026-02-10,2026-03-12,2200,0,2200,0,0,1236,Expired,
3765,10336,1,LEG-3765,32,20 sessions,2026-02-09,2026-02-09,2026-04-20,2500,0,2500,0,0,1235,Expired,
3764,12901,1,LEG-3764,15,6 months,2026-02-09,2026-04-14,2026-12-01,8800,0,8800,0,0,1233,Active,
3763,16137,1,LEG-3763,39,youth program 20 sessions,2026-02-08,2026-02-09,2026-04-20,3000,0,3000,0,0,1222,Expired,
3761,10817,1,922,43,Nutrition 4 sessions,2026-02-08,2026-02-08,2026-03-25,950,0,950,0,0,,Expired,
3760,16134,1,LEG-3760,30,12 sessions,2026-02-08,2026-02-09,2026-03-23,1800,0,1800,0,0,M1226,Expired,
3759,16134,1,LEG-3759,12,3 Months,2026-02-08,2026-02-09,2026-05-10,5000,0,5000,0,0,1226,Expired,
3758,16113,1,LEG-3758,12,3 Months,2026-02-08,2026-02-09,2026-05-10,5000,0,5000,0,0,1224,Expired,
3757,16133,1,LEG-3757,12,3 Months,2026-02-08,2026-02-09,2026-05-10,5000,0,5000,0,0,1225,Expired,
3756,12500,1,1068,15,6 months,2026-02-08,2026-02-08,2026-08-24,8800,0,8800,0,0,1227,Expired,
3755,1742,1,LEG-3755,32,20 sessions,2026-02-08,2026-02-08,2026-04-19,2500,0,2500,0,0,1223,Expired,
3754,2495,1,51,17,annual membership,2026-02-08,2026-02-08,2027-03-14,10500,2300,1000,7200,0,1219,Freezed,
3753,8651,1,709,30,12 sessions,2026-02-08,2026-02-08,2026-03-22,1800,0,1800,0,0,1218,Expired,
3752,15473,1,LEG-3752,45,Nutrition 12 sessions,2026-02-07,2026-02-10,2026-06-10,1920,0,1920,0,0,,Expired,
3751,15473,1,LEG-3751,33,40 sessions,2026-02-07,2026-02-07,2026-06-13,4400,0,4400,0,0,1217,Expired,
3750,2956,1,99,17,annual membership,2026-02-07,2026-02-22,2027-02-22,10500,2300,6000,2200,4500,1215,Active,
3749,2950,1,93,17,annual membership,2026-02-07,2026-03-03,2027-03-03,10500,0,10500,0,0,m1214,Active,
3748,7161,1,579,32,20 sessions,2026-02-07,2026-02-07,2026-04-18,2500,0,2500,0,0,1212,Expired,
3747,15768,1,LEG-3747,35,head coach12 sessions,2026-02-07,2026-02-07,2026-03-21,2200,0,2200,0,0,1210,Expired,
3746,4478,1,324,17,annual membership,2026-02-07,2026-02-18,2027-03-27,12800,0,6400,6400,0,1207,Active,
3745,16111,1,1327,17,annual membership,2026-02-07,2026-02-08,2027-03-12,12800,0,12800,0,0,1206,Active,
3744,8809,1,LEG-3744,15,6 months,2026-02-06,2026-02-07,2026-08-13,8800,0,8800,0,0,1203,Expired,
3743,16086,1,LEG-3743,32,20 sessions,2026-02-06,2026-02-06,2026-04-17,2500,0,2500,0,0,01197,Expired,
3742,16086,1,LEG-3742,12,3 Months,2026-02-06,2026-02-06,2026-05-21,5000,0,5000,0,0,1198,Expired,
3741,9500,1,1325,20,Morning membership 6am - 1 pm,2026-02-06,2026-02-06,2027-02-15,8500,0,8500,0,0,1197,Active,
3740,16080,1,LEG-3740,17,annual membership,2026-02-05,2026-02-05,2027-02-05,10500,0,10500,0,0,1196,Active,
3739,8081,1,708,43,Nutrition 4 sessions,2026-02-05,2026-02-05,2026-03-22,950,0,950,0,0,,Expired,
3738,4031,1,LEG-3738,30,12 sessions,2026-02-05,2026-02-05,2026-03-19,1800,0,1800,0,0,1191,Expired,
3737,4441,1,LEG-3737,12,3 Months,2026-02-05,2026-02-05,2026-05-14,5000,0,5000,0,0,1193,Expired,
3735,8243,1,LEG-3735,29,8 sessions,2026-02-05,2026-02-05,2026-03-12,1350,0,1350,0,0,1190,Expired,
3734,14424,1,LEG-3734,32,20 sessions,2026-02-05,2026-02-05,2026-04-16,2500,0,1500,1000,0,1189,Expired,
3733,10981,1,LEG-3733,29,8 sessions,2026-02-05,2026-02-05,2026-03-12,1350,0,1350,0,0,01187,Expired,
3732,10981,1,LEG-3732,12,3 Months,2026-02-05,2026-02-06,2026-05-07,5000,0,5000,0,0,1187,Expired,
3731,16071,1,1322,33,40 sessions,2026-02-05,2026-02-05,2026-06-11,2200,0,2200,0,0,1181,Expired,
3730,12600,1,1077,30,12 sessions,2026-02-05,2026-02-05,2026-03-19,1800,0,1800,0,0,1185,Expired,
3729,10945,1,LEG-3729,15,6 months,2026-02-04,2026-02-08,2026-08-21,8800,0,2000,6800,0,1182,Expired,
3728,14459,1,LEG-3728,30,12 sessions,2026-02-04,2026-02-04,2026-03-18,1800,0,1800,0,0,1179,Expired,
3727,8334,1,LEG-3727,29,8 sessions,2026-02-04,2026-02-04,2026-03-11,1350,0,1350,0,0,1178,Expired,
3726,11254,1,1321,12,3 Months,2026-02-04,2026-02-16,2026-05-31,5000,0,1000,4000,0,1176,Expired,
3725,15648,1,1294,35,head coach12 sessions,2026-02-04,2026-02-04,2026-03-18,2200,0,2200,0,0,1175,Expired,
3724,12126,1,1058,48,12 sessions classes,2026-02-04,2026-02-04,2026-03-06,850,0,850,0,0,1174,Expired,
3723,10482,1,LEG-3723,32,20 sessions,2026-02-04,2026-02-04,2026-04-15,2500,0,2500,0,0,1173,Expired,
3722,6174,1,LEG-3722,12,3 Months,2026-02-04,2026-02-04,2026-05-12,5000,0,5000,0,0,1172,Expired,
3721,14639,1,1238,32,20 sessions,2026-02-03,2026-02-03,2026-04-14,2500,0,2500,0,0,1171,Expired,
3719,10951,1,1320,12,3 Months,2026-02-03,2026-02-05,2026-05-06,5000,0,5000,0,0,1170,Expired,
3718,16033,1,LEG-3718,17,annual membership,2026-02-03,2026-02-03,2027-02-03,12800,0,12800,0,0,1169,Active,
3717,7495,1,LEG-3717,41,20 sessions youth program head coach,2026-02-03,2026-02-04,2026-04-15,2500,0,2500,0,0,1168,Expired,
3716,14715,1,1248,32,20 sessions,2026-02-03,2026-02-03,2026-04-14,2500,0,2500,0,0,1167,Expired,
3715,15357,1,LEG-3715,39,youth program 20 sessions,2026-02-03,2026-02-04,2026-04-15,3000,0,3000,0,0,1166,Expired,
3714,15359,1,LEG-3714,39,youth program 20 sessions,2026-02-03,2026-02-04,2026-04-15,3000,0,3000,0,0,1165,Expired,
3713,16029,1,1316,38,youth program 10 sessions,2026-02-03,2026-02-03,2026-03-17,2000,0,2000,0,0,1164,Expired,
3712,12972,1,LEG-3712,8,1 month,2026-02-02,2026-02-02,2026-03-04,1000,0,1000,0,0,1160,Expired,
3711,2627,1,LEG-3711,33,40 sessions,2026-02-02,2026-02-02,2026-06-08,4000,0,4000,0,0,1159,Expired,
3710,14953,1,LEG-3710,30,12 sessions,2026-02-02,2026-02-02,2026-03-16,1800,0,900,900,0,1156.,Expired,
3709,15682,1,1297,29,8 sessions,2026-02-02,2026-02-02,2026-03-09,1350,0,1350,0,0,1158,Expired,
3707,5936,1,LEG-3707,45,Nutrition 12 sessions,2026-02-02,2026-02-02,2026-06-02,1920,0,1920,0,0,,Expired,
3706,15907,1,1315,12,3 Months,2026-02-02,2026-04-05,2026-07-04,5000,0,5000,0,0,1153,Expired,
3705,15999,1,1314,17,annual membership,2026-02-02,2026-02-02,2027-03-18,12800,0,12800,0,0,1154,Active,
3704,4564,1,1313,17,annual membership,2026-02-01,2026-02-01,2027-02-07,12800,0,1500,11300,0,1151,Active,
3703,7001,1,LEG-3703,15,6 months,2026-02-01,2026-01-31,2026-09-27,8800,0,8800,0,0,1150,Active,
3702,12667,1,1080,17,annual membership,2026-02-01,2026-02-05,2027-03-05,12800,0,8800,4000,0,1149,Active,
3701,15861,1,LEG-3701,46,4 sessions classes,2026-02-01,2026-02-01,2026-03-03,450,0,450,0,0,1140,Expired,
3700,12229,1,LEG-3700,12,3 Months,2026-02-01,2026-01-29,2026-04-29,5000,0,5000,0,0,1148,Expired,
3699,10595,1,LEG-3699,33,40 sessions,2026-02-01,2026-02-01,2026-06-07,4400,0,2000,2400,0,1146,Expired,
3698,13666,1,1192,32,20 sessions,2026-02-01,2026-02-01,2026-04-12,2500,0,2500,0,0,1192,Expired,
3697,8661,1,LEG-3697,33,40 sessions,2026-02-01,2026-02-01,2026-06-07,4000,0,1000,3000,0,m1144,Expired,
3696,8661,1,LEG-3696,12,3 Months,2026-02-01,2026-02-01,2026-05-10,5000,0,2000,3000,0,1144,Expired,
3695,5253,1,1311,15,6 months,2026-02-01,2026-02-01,2026-07-31,8800,0,8800,0,0,1142,Expired,
3694,7882,1,651,32,20 sessions,2026-02-01,2026-02-01,2026-04-12,2500,0,2500,0,0,1143,Expired,
3693,12110,1,LEG-3693,15,6 months,2026-01-31,2026-02-17,2026-10-15,8800,0,8800,0,0,1137,Active,
3692,4380,1,327,17,annual membership,2026-01-31,2027-01-01,2028-01-01,12800,0,2800,10000,7000,1109,Postponed,
3690,6474,1,LEG-3690,32,20 sessions,2026-01-31,2026-02-01,2026-04-12,2500,0,2500,0,0,1136,Expired,
3689,15919,1,LEG-3689,39,youth program 20 sessions,2026-01-31,2026-01-31,2026-04-11,3000,0,3000,0,0,1134,Expired,
3688,15768,1,LEG-3688,15,6 months,2026-01-31,2026-01-31,2026-07-30,8800,0,500,8300,0,1135,Expired,
3687,3010,1,LEG-3687,15,6 months,2026-01-31,2026-01-31,2026-08-20,8800,0,500,8300,0,1133,Expired,
3686,9890,1,1308,12,3 Months,2026-01-31,2026-01-31,2026-05-01,5000,0,500,4500,0,1132,Expired,
3685,11442,1,LEG-3685,17,annual membership,2026-01-31,2026-01-31,2027-03-07,12800,0,500,12300,0,1128,Active,
3684,7347,1,LEG-3684,32,20 sessions,2026-01-31,2026-01-31,2026-04-11,2500,0,2500,0,0,1129,Expired,
3683,12076,1,1306,46,4 sessions classes,2026-01-30,2026-01-30,2026-03-01,450,0,450,0,0,1126,Expired,
3682,15875,1,1305,46,4 sessions classes,2026-01-30,2026-01-30,2026-03-01,450,0,450,0,0,1124,Expired,
3681,15874,1,1304,46,4 sessions classes,2026-01-30,2026-01-30,2026-03-01,450,0,450,0,0,1125,Expired,
3680,9378,1,771,46,4 sessions classes,2026-01-30,2026-01-30,2026-03-01,450,0,450,0,0,1123,Expired,
3679,9343,1,770,46,4 sessions classes,2026-01-30,2026-01-30,2026-03-01,450,0,450,0,0,1122,Expired,
3677,7355,1,LEG-3677,31,16 sessions,2026-01-30,2026-01-30,2026-03-27,2200,0,500,1700,0,1121,Expired,
3676,14260,1,1303,20,Morning membership 6am - 1 pm,2026-01-30,2026-01-30,2027-01-30,8500,0,500,8000,0,1117,Active,
3675,13877,1,LEG-3675,32,20 sessions,2026-01-30,2026-01-30,2026-04-10,2500,0,2500,0,0,1116,Expired,
3674,11423,1,1302,17,annual membership,2026-01-29,2026-01-29,2027-01-29,12800,0,12800,0,0,1114,Active,
3673,15018,1,1270,29,8 sessions,2026-01-29,2026-01-29,2026-03-05,1350,0,1350,0,0,1112,Expired,
3672,15775,1,1301,12,3 Months,2026-01-29,2026-01-29,2026-04-29,5000,0,500,4500,0,1111,Expired,
3671,5064,1,347,32,20 sessions,2026-01-28,2026-01-28,2026-04-08,2500,0,2500,0,0,1107,Expired,
3670,15803,1,1300,12,3 Months,2026-01-28,2026-01-28,2026-05-12,5000,0,500,4500,0,01108,Expired,
3668,15727,1,LEG-3668,12,3 Months,2026-01-27,2026-01-27,2026-04-27,5000,0,500,4500,0,1104,Expired,
3667,15320,1,LEG-3667,30,12 sessions,2026-01-27,2026-01-26,2026-03-09,1800,0,1800,0,0,1103,Expired,
3665,15712,1,LEG-3665,8,1 month,2026-01-27,2026-01-28,2026-02-27,3000,0,3000,0,0,1101,Expired,
3664,15682,1,LEG-3664,12,3 Months,2026-01-27,2026-01-28,2026-05-12,5000,0,500,4500,0,1099,Expired,
3663,15369,1,1296,12,3 Months,2026-01-27,2026-01-27,2026-04-27,5000,0,5000,0,0,1094,Expired,
3662,10948,1,LEG-3662,42,Nutrition 1 session,2026-01-27,2026-01-27,2026-02-03,300,0,300,0,0,,Expired,
3661,11305,1,LEG-3661,33,40 sessions,2026-01-27,2026-01-27,2026-06-02,4400,0,4400,0,0,1092,Expired,
3660,12437,1,1066,33,40 sessions,2026-01-26,2026-01-25,2026-05-31,4000,0,4000,0,0,1091,Expired,
3659,12437,1,LEG-3659,15,6 months,2026-01-26,2026-02-01,2026-07-31,8800,0,8800,0,0,1090,Expired,
3658,1788,1,LEG-3658,33,40 sessions,2026-01-26,2026-01-27,2026-06-02,4400,0,4400,0,0,1089,Expired,
3657,1788,1,LEG-3657,45,Nutrition 12 sessions,2026-01-26,2026-01-30,2026-05-30,1920,0,1920,0,0,,Expired,
3656,14863,1,1295,12,3 Months,2026-01-26,2026-01-26,2026-04-26,5000,0,5000,0,0,1087,Expired,
3655,6621,1,562,47,8 sessions classes,2026-01-26,2026-01-26,2026-02-25,700,0,700,0,0,1086,Expired,
3654,7882,1,LEG-3654,12,3 Months,2026-01-26,2026-01-26,2026-03-29,5000,0,5000,0,0,1083,Transfered,
3653,9238,1,767,44,Nutrition 8 sessions,2026-01-26,2026-01-26,2026-04-26,1650,0,1650,0,0,,Expired,
3652,15648,1,LEG-3652,12,3 Months,2026-01-26,2026-01-26,2026-05-10,5000,0,5000,0,0,1082,Expired,
3651,4565,1,LEG-3651,32,20 sessions,2026-01-26,2026-01-26,2026-04-06,2500,0,2500,0,0,1081,Expired,
3650,7175,1,LEG-3650,30,12 sessions,2026-01-25,2026-01-25,2026-03-08,1800,0,1800,0,0,1080,Expired,
3649,13878,1,LEG-3649,46,4 sessions classes,2026-01-25,2026-01-25,2026-02-24,450,0,450,0,0,1079,Expired,
3648,14930,1,LEG-3648,49,1 month full classes,2026-01-25,2026-01-25,2026-02-24,0,0,0,0,0,1072,Expired,
3647,8251,1,LEG-3647,43,Nutrition 4 sessions,2026-01-25,2026-01-25,2026-03-11,950,0,950,0,0,,Expired,
3646,15634,1,LEG-3646,12,3 Months,2026-01-25,2026-01-25,2026-05-02,5000,0,5000,0,0,1075,Expired,
3645,6474,1,LEG-3645,17,annual membership,2026-01-25,2026-06-23,2027-06-30,12800,0,12800,0,0,1076,Active,
3644,11087,1,937,49,1 month full classes,2026-01-25,2026-01-23,2026-02-22,0,0,0,0,0,Assf,Expired,
3643,6153,1,LEG-3643,32,20 sessions,2026-01-25,2026-01-25,2026-04-05,2500,0,2500,0,0,1054,Expired,
3642,13473,1,1291,12,3 Months,2026-01-25,2026-01-25,2026-05-09,5000,0,5000,0,0,1074,Expired,
3641,3904,1,LEG-3641,39,youth program 20 sessions,2026-01-24,2026-01-24,2026-04-04,1500,0,1500,0,0,1073,Expired,
3640,15514,1,LEG-3640,48,12 sessions classes,2026-01-24,2026-01-24,2026-02-23,850,0,850,0,0,1070,Expired,
3639,8009,1,LEG-3639,49,1 month full classes,2026-01-24,2026-01-24,2026-02-23,1000,0,1000,0,0,1069,Expired,
3638,14981,1,1289,49,1 month full classes,2026-01-24,2026-01-24,2026-02-23,1000,0,1000,0,0,1068,Expired,200 LE+800LE
3637,6027,1,LEG-3637,29,8 sessions,2026-01-24,2026-01-24,2026-02-28,1350,0,1350,0,0,1066,Expired,
3636,6498,1,LEG-3636,44,Nutrition 8 sessions,2026-01-23,2026-01-23,2026-04-23,1650,0,1650,0,0,,Expired,
3635,8941,1,LEG-3635,17,annual membership,2026-01-23,2026-01-23,2027-02-22,12800,0,5000,7800,0,1062,Active,
3634,4027,1,231,32,20 sessions,2026-01-23,2026-01-28,2026-04-08,2500,0,2500,0,0,1061,Expired,
3633,4027,1,LEG-3633,12,3 Months,2026-01-23,2026-01-28,2026-04-28,5000,0,5000,0,0,1060,Expired,
3632,9622,1,LEG-3632,33,40 sessions,2026-01-23,2026-01-23,2026-05-29,4400,0,4400,0,0,1059,Expired,
3630,15486,1,LEG-3630,8,1 month,2026-01-23,2026-01-23,2026-02-22,3000,0,3000,0,0,1058,Expired,
3629,15320,1,LEG-3629,12,3 Months,2026-01-22,2026-01-22,2026-04-22,5000,0,5000,0,0,1057,Expired,
3628,3756,1,LEG-3628,30,12 sessions,2026-01-22,2026-01-22,2026-03-05,1800,0,1800,0,0,1056,Expired,
3627,15467,1,LEG-3627,39,youth program 20 sessions,2026-01-22,2026-01-22,2026-04-02,3000,0,3000,0,0,1055,Expired,
3626,15473,1,LEG-3626,15,6 months,2026-01-21,2026-01-21,2026-07-20,8800,0,8800,0,0,1052,Expired,
3625,7469,1,LEG-3625,39,youth program 20 sessions,2026-01-21,2026-01-21,2026-04-01,3000,0,3000,0,0,1050,Expired,
3624,15471,1,LEG-3624,38,youth program 10 sessions,2026-01-21,2026-01-21,2026-03-04,2000,0,2000,0,0,1049,Expired,
3623,15470,1,LEG-3623,38,youth program 10 sessions,2026-01-21,2026-01-21,2026-03-04,2000,0,2000,0,0,1048,Expired,
3622,9772,1,LEG-3622,12,3 Months,2026-01-21,2026-01-21,2026-04-21,5000,0,5000,0,0,1051,Expired,
3621,12262,1,LEG-3621,33,40 sessions,2026-01-21,2026-01-21,2026-05-27,4400,0,4400,0,0,1047,Expired,
3620,12262,1,LEG-3620,20,Morning membership 6am - 1 pm,2026-01-21,2026-01-25,2027-02-24,8500,0,8500,0,0,n1046,Active,
3619,8335,1,LEG-3619,32,20 sessions,2026-01-20,2026-01-20,2026-03-31,2500,0,2500,0,0,1046,Expired,
3617,14358,1,LEG-3617,32,20 sessions,2026-01-19,2026-01-19,2026-03-30,2500,0,2500,0,0,1039,Expired,
3616,6150,1,LEG-3616,32,20 sessions,2026-01-19,2026-01-19,2026-03-30,2500,0,2500,0,0,1038,Expired,
3615,12901,1,LEG-3615,32,20 sessions,2026-01-19,2026-02-18,2026-04-29,2500,0,2500,0,0,1037,Expired,
3614,3729,1,LEG-3614,32,20 sessions,2026-01-18,2026-01-19,2026-03-30,2500,0,2500,0,0,1035,Expired,
3613,4289,1,LEG-3613,47,8 sessions classes,2026-01-18,2026-01-18,2026-02-17,700,0,700,0,0,1034,Expired,
3612,6869,1,LEG-3612,30,12 sessions,2026-01-18,2026-01-18,2026-03-01,1800,0,800,1000,0,1033,Expired,
3611,6997,1,LEG-3611,45,Nutrition 12 sessions,2026-01-18,2026-01-18,2026-05-18,1920,0,1920,0,0,,Expired,
3610,14362,1,LEG-3610,33,40 sessions,2026-01-18,2026-01-19,2026-05-25,4000,0,4000,0,0,1027,Expired,
3608,7001,1,LEG-3608,32,20 sessions,2026-01-17,2026-01-17,2026-03-28,2500,0,2500,0,0,1024,Expired,
3607,11735,1,1282,46,4 sessions classes,2026-01-17,2026-01-18,2026-02-17,450,0,450,0,0,1023,Expired,
3606,3681,1,1281,12,3 Months,2026-01-17,2026-01-18,2026-05-02,5000,0,5000,0,0,1022,Expired,
3605,15134,1,1280,33,40 sessions,2026-01-17,2026-01-17,2026-05-23,4000,400,1000,2600,3000,.1021,Expired,
3604,15134,1,LEG-3604,12,3 Months,2026-01-17,2026-01-17,2026-04-17,5000,1500,1650,1850,3350,1021,Expired,
3602,8148,1,LEG-3602,30,12 sessions,2026-01-17,2026-01-20,2026-03-03,1820,0,1820,0,0,1018,Expired,
3601,11294,1,LEG-3601,39,youth program 20 sessions,2026-01-17,2026-01-17,2026-03-28,3000,0,3000,0,0,1016,Expired,
3600,4543,1,LEG-3600,32,20 sessions,2026-01-16,2026-01-17,2026-03-28,2500,0,2500,0,0,1012,Expired,
3599,15291,1,1278,39,youth program 20 sessions,2026-01-16,2026-07-02,2026-09-10,3000,0,3000,0,0,1002,Active,
3598,15291,1,LEG-3598,39,youth program 20 sessions,2026-01-16,2026-01-16,2026-03-27,3000,0,3000,0,0,m1009,Expired,
3597,15297,1,1279,12,3 Months,2026-01-16,2026-02-09,2026-05-24,5000,0,5000,0,0,1011,Expired,
3595,5833,1,LEG-3595,32,20 sessions,2026-01-15,2026-01-15,2026-03-26,2500,0,2500,0,0,1008,Expired,
3594,14953,1,LEG-3594,12,3 Months,2026-01-15,2026-01-16,2026-04-30,5000,0,5000,0,0,1000,Expired,
3593,15142,1,LEG-3593,17,annual membership,2026-01-15,2026-03-24,2027-05-07,12800,0,12800,0,0,999,Active,
3592,12500,1,LEG-3592,33,40 sessions,2026-01-14,2026-01-14,2026-05-20,4400,0,4400,0,0,997,Expired,
3591,2987,1,LEG-3591,32,20 sessions,2026-01-14,2026-01-20,2026-03-31,2500,0,2500,0,0,1006,Expired,
3590,15193,1,LEG-3590,8,1 month,2026-01-14,2026-01-14,2026-02-13,3000,0,3000,0,0,1003,Expired,
3589,6044,1,LEG-3589,49,1 month full classes,2026-01-13,2026-01-13,2026-02-13,1000,0,1000,0,0,996,Expired,
3588,15141,1,1274,12,3 Months,2026-01-13,2026-01-13,2026-04-23,5000,0,3500,1500,0,995,Expired,
3587,14890,1,LEG-3587,32,20 sessions,2026-01-13,2026-01-13,2026-03-24,2500,0,2500,0,0,993,Expired,
3586,15147,1,1273,12,3 Months,2026-01-12,2026-01-12,2026-04-20,5000,0,5000,0,0,994,Expired,
3585,15019,1,1272,15,6 months,2026-01-11,2026-05-05,2026-11-01,8800,0,8800,0,0,988,Active,
3584,15020,1,1271,15,6 months,2026-01-11,2026-01-12,2026-07-11,8800,0,8800,0,0,986,Expired,
3583,15018,1,LEG-3583,15,6 months,2026-01-11,2026-01-12,2026-07-11,8800,0,8800,0,0,989,Expired,
3582,7355,1,LEG-3582,31,16 sessions,2026-01-11,2026-01-11,2026-03-08,2200,0,2200,0,0,987,Expired,
3581,15026,1,1269,17,annual membership,2026-01-11,2026-01-11,2027-01-11,12800,0,12800,0,0,984,Active,
3580,15132,1,LEG-3580,39,youth program 20 sessions,2026-01-11,2026-01-11,2026-03-22,3000,0,3000,0,0,983,Expired,
3579,8597,1,LEG-3579,46,4 sessions classes,2026-01-11,2026-01-11,2026-02-10,450,0,450,0,0,982,Expired,
3578,5254,1,LEG-3578,32,20 sessions,2026-01-11,2026-01-11,2026-03-22,2500,0,2500,0,0,981,Expired,
3577,8273,1,LEG-3577,32,20 sessions,2026-01-11,2026-01-11,2026-03-22,2500,0,2500,0,0,979,Expired,
3576,14821,1,1253,37,head coach 40 sessions,2026-01-11,2026-01-11,2026-05-17,5400,0,2000,3400,1000,978,Expired,
3575,3452,1,LEG-3575,17,annual membership,2026-01-10,2026-01-20,2027-01-20,12800,0,3000,9800,0,977,Active,
3574,3543,1,LEG-3574,17,annual membership,2026-01-10,2026-01-20,2027-01-20,12800,0,3000,9800,0,976,Active,
3573,7604,1,LEG-3573,49,1 month full classes,2026-01-10,2026-01-11,2026-02-13,1000,0,1000,0,0,975,Expired,
3572,14921,1,1265,12,3 Months,2026-01-10,2026-01-10,2026-04-10,5000,0,2200,2800,2800,971,Expired,
3571,13475,1,1168,38,youth program 10 sessions,2026-01-10,2026-01-10,2026-02-21,2000,0,2000,0,0,970,Expired,
3570,10426,1,LEG-3570,32,20 sessions,2026-01-10,2026-01-09,2026-03-20,2500,0,2500,0,0,967,Expired,
3569,9394,1,LEG-3569,17,annual membership,2026-01-09,2026-01-15,2027-02-24,12800,0,12800,0,0,969,Freezed,
3568,3649,1,LEG-3568,17,annual membership,2026-01-09,2026-01-09,2027-01-09,12800,0,12800,0,0,968,Active,
3567,12583,1,LEG-3567,33,40 sessions,2026-01-09,2026-01-10,2026-05-16,4400,0,4400,0,0,965,Expired,
3565,11198,1,1001,15,6 months,2026-01-08,2026-02-04,2026-08-18,8800,0,8800,0,0,964,Expired,
3564,9431,1,LEG-3564,15,6 months,2026-01-08,2026-02-15,2026-08-28,8800,0,8800,0,0,963,Expired,
3563,15006,1,1262,12,3 Months,2026-01-08,2026-01-08,2026-04-08,5000,0,5000,0,0,962,Cancelled,@Cancelled
3562,4901,1,LEG-3562,15,6 months,2026-01-08,2026-01-05,2026-07-11,8800,0,5000,3800,0,936,Expired,
3561,4864,1,1114,33,40 sessions,2026-01-08,2026-01-08,2026-06-13,4000,0,4000,0,0,961,Expired,
3559,14987,1,LEG-3559,45,Nutrition 12 sessions,2026-01-07,2026-01-07,2026-05-07,1920,0,1920,0,0,,Expired,
3558,11593,1,1006,33,40 sessions,2026-01-07,2026-01-07,2026-05-13,4400,0,4400,0,0,959,Expired,
3557,4009,1,1260,12,3 Months,2026-01-07,2026-01-07,2026-04-07,5000,0,2500,2500,2500,958,Expired,
3556,3883,1,518,12,3 Months,2026-01-07,2026-01-07,2026-04-21,5000,0,5000,0,0,956,Expired,
3555,6453,1,LEG-3555,17,annual membership,2026-01-07,2026-04-30,2027-04-30,12800,0,4000,8800,0,955,Active,
3554,14894,1,1258,12,3 Months,2026-01-07,2026-01-07,2026-04-21,5000,0,5000,0,0,951,Expired,
3553,8146,1,661,17,annual membership,2026-01-07,2026-01-07,2027-01-07,12800,0,12800,0,0,952,Active,
3551,13652,1,1173,32,20 sessions,2026-01-06,2026-01-06,2026-03-17,2500,0,2500,0,0,948,Expired,
3550,14890,1,LEG-3550,15,6 months,2026-01-06,2026-01-07,2026-07-06,8800,0,8800,0,0,946,Expired,
3548,10948,1,LEG-3548,8,1 month,2026-01-06,2026-01-06,2026-02-05,2200,0,2200,0,0,942,Expired,
3547,1516,1,LEG-3547,12,3 Months,2026-01-05,2026-01-03,2026-04-17,5000,0,5000,0,0,899,Expired,
3546,4055,1,547,17,annual membership,2026-01-05,2026-01-10,2027-02-09,12800,0,12800,0,0,941,Active,
3545,4216,1,277,17,annual membership,2026-01-05,2026-03-14,2027-03-14,12800,0,3000,9800,0,940,Active,
3544,11154,1,LEG-3544,42,Nutrition 1 session,2026-01-05,2026-01-05,2026-01-12,300,0,300,0,0,,Expired,
3543,11305,1,LEG-3543,30,12 sessions,2026-01-05,2026-01-05,2026-02-16,1800,0,1800,0,0,932,Expired,
3542,14142,1,LEG-3542,32,20 sessions,2026-01-05,2026-01-05,2026-03-16,2500,0,2500,0,0,938,Expired,
3541,12126,1,LEG-3541,49,1 month full classes,2026-01-05,2026-01-05,2026-02-04,1000,0,1000,0,0,934,Expired,
3540,9877,1,LEG-3540,32,20 sessions,2026-01-04,2026-01-04,2026-03-15,2500,0,2500,0,0,930,Expired,
3539,14867,1,1256,46,4 sessions classes,2026-01-04,2026-01-04,2026-02-03,450,0,450,0,0,929,Expired,
3538,14868,1,1255,46,4 sessions classes,2026-01-04,2026-01-04,2026-02-03,450,0,450,0,0,928,Expired,
3537,14866,1,1254,46,4 sessions classes,2026-01-04,2026-01-04,2026-02-03,450,0,450,0,0,927,Expired,
3536,14821,1,LEG-3536,12,3 Months,2026-01-04,2026-01-05,2026-04-19,5000,0,5000,0,0,926,Expired,
3535,13425,1,LEG-3535,30,12 sessions,2026-01-04,2026-01-05,2026-02-16,1800,0,1800,0,0,925,Expired,
3534,9141,1,LEG-3534,32,20 sessions,2026-01-04,2026-01-05,2026-04-15,2500,0,2500,0,0,924,Expired,
3533,8079,1,LEG-3533,17,annual membership,2026-01-03,2026-01-03,2027-02-02,10500,0,10500,0,0,919,Active,
3532,13003,1,1139,32,20 sessions,2026-01-03,2026-01-03,2026-03-14,2500,0,2500,0,0,918,Expired,
3531,13972,1,1252,12,3 Months,2026-01-03,2026-01-03,2026-04-17,5000,0,5000,0,0,915,Expired,
3530,5325,1,1251,17,annual membership,2026-01-03,2026-01-06,2027-01-06,12800,0,12800,0,0,914,Active,
3529,4349,1,1250,8,1 month,2026-01-03,2026-01-03,2026-02-02,2200,0,2200,0,0,913,Expired,
3528,14403,1,1214,29,8 sessions,2026-01-03,2026-01-08,2026-02-12,1350,0,1350,0,0,1214,Expired,
3527,4380,1,LEG-3527,32,20 sessions,2026-01-03,2026-01-03,2026-03-14,2500,0,2500,0,0,907,Expired,
3526,4901,1,LEG-3526,32,20 sessions,2026-01-03,2026-01-03,2026-03-14,2500,0,2500,0,0,908,Expired,
3525,13474,1,1182,32,20 sessions,2026-01-02,2026-01-02,2026-03-13,2500,0,2500,0,0,910,Expired,
3524,14434,1,1249,17,annual membership,2026-01-02,2026-01-02,2027-01-02,12800,0,9000,3800,3800,903,Active,
3523,14150,1,LEG-3523,30,12 sessions,2026-01-02,2026-01-02,2026-02-13,1800,0,1800,0,0,902,Expired,
3522,14715,1,LEG-3522,12,3 Months,2026-01-02,2026-01-10,2026-04-10,5000,0,5000,0,0,901,Expired,
3521,9877,1,LEG-3521,12,3 Months,2026-01-01,2026-01-04,2026-04-11,5000,0,5000,0,0,895,Expired,
3520,10941,1,1172,17,annual membership,2026-01-01,2026-01-06,2027-03-04,12800,0,1000,11800,0,898,Active,
3519,14520,1,1230,32,20 sessions,2026-01-01,2026-01-01,2026-03-12,2500,0,2500,0,0,897,Expired,
3518,14720,1,1246,32,20 sessions,2026-01-01,2026-01-01,2026-03-12,2500,0,2500,0,0,893,Expired,
3517,14720,1,LEG-3517,15,6 months,2026-01-01,2026-01-01,2026-06-30,7000,0,7000,0,0,894,Expired,
3516,4155,1,LEG-3516,17,annual membership,2026-01-01,2026-01-05,2027-01-05,12000,0,12000,0,0,892,Active,
3515,13249,1,1244,17,annual membership,2026-01-01,2026-01-05,2027-01-27,12000,0,12000,0,0,891,Active,
3514,7262,1,1243,17,annual membership,2026-01-01,2026-01-04,2027-03-05,12800,0,12800,0,0,889,Active,
3513,5422,1,LEG-3513,17,annual membership,2026-01-01,2026-02-17,2027-05-11,12800,0,12800,0,0,887,Active,
3512,2407,1,535,32,20 sessions,2025-12-31,2025-12-31,2026-03-11,2500,0,2500,0,0,885,Expired,
3511,14686,1,1242,12,3 Months,2025-12-31,2026-01-04,2026-04-04,5000,0,5000,0,0,884,Expired,
3510,11468,1,984,8,1 month,2025-12-31,2026-01-06,2026-02-05,2200,0,2200,0,0,883,Expired,
3509,4638,1,LEG-3509,32,20 sessions,2025-12-31,2025-12-31,2026-03-11,2500,0,2500,0,0,882,Expired,
3508,7504,1,LEG-3508,39,youth program 20 sessions,2025-12-31,2025-12-31,2026-03-11,3000,0,3000,0,0,881,Expired,
3507,5082,1,353,33,40 sessions,2025-12-31,2026-01-23,2026-05-29,4400,0,2200,2200,0,880,Expired,
3506,7800,1,LEG-3506,32,20 sessions,2025-12-31,2026-01-15,2026-03-26,2500,0,2500,0,0,877,Expired,
3505,7800,1,LEG-3505,20,Morning membership 6am - 1 pm,2025-12-31,2026-01-15,2027-01-22,8500,0,8500,0,0,876,Active,
3504,8626,1,733,33,40 sessions,2025-12-31,2025-12-31,2026-05-06,4400,0,4400,0,0,875,Expired,
3503,12972,1,LEG-3503,8,1 month,2025-12-31,2025-12-31,2026-01-30,1000,0,1000,0,0,879,Expired,
3502,14358,1,LEG-3502,12,3 Months,2025-12-31,2026-01-01,2026-04-01,5000,0,5000,0,0,878,Expired,
3501,13247,1,1239,17,annual membership,2025-12-31,2026-01-01,2027-01-01,12800,0,6000,6800,0,874,Active,الكلاينت لم تحدد وقت التمرين
3500,14639,1,LEG-3500,15,6 months,2025-12-31,2026-01-15,2026-07-14,8800,0,8800,0,0,868,Expired,
3499,14670,1,1237,17,annual membership,2025-12-31,2026-06-07,2027-06-07,12800,0,5000,7800,300,860,Active,
3498,14669,1,1236,17,annual membership,2025-12-31,2026-05-01,2027-05-01,12800,0,5000,7800,300,859,Active,
3497,9657,1,LEG-3497,32,20 sessions,2025-12-31,2026-01-01,2026-03-12,2500,0,1100,1400,0,872,Expired,
3496,14432,1,1224,8,1 month,2025-12-31,2025-12-31,2026-01-30,2200,0,2200,0,0,.869,Expired,
3495,14637,1,1235,15,6 months,2025-12-31,2026-01-15,2026-07-14,8800,0,8800,0,0,867,Expired,
3494,14424,1,LEG-3494,17,annual membership,2025-12-31,2026-01-08,2027-01-30,12800,0,4000,8800,0,865,Active,
3493,5983,1,LEG-3493,33,40 sessions,2025-12-31,2026-01-01,2026-05-07,4400,0,4400,0,0,864,Expired,
3492,6707,1,865,33,40 sessions,2025-12-31,2026-01-01,2026-05-07,4400,0,4000,400,400,861,Expired,
3491,9405,1,776,12,3 Months,2025-12-31,2025-12-31,2026-04-05,6500,0,6500,0,0,862,Expired,
3490,3901,1,LEG-3490,33,40 sessions,2025-12-30,2026-01-03,2026-05-09,4400,0,4400,0,0,857,Expired,
3489,7957,1,672,17,annual membership,2025-12-30,2026-01-13,2027-01-13,12800,0,4000,8800,0,856,Active,
3488,384,1,1233,12,3 Months,2025-12-30,2025-12-30,2026-04-13,5000,0,5000,0,0,855,Expired,
3487,2449,1,1091,12,3 Months,2025-12-30,2025-12-30,2026-03-30,5000,0,5000,0,0,853,Expired,
3486,12016,1,LEG-3486,39,youth program 20 sessions,2025-12-30,2025-12-30,2026-03-10,3000,0,3000,0,0,851,Expired,
3485,5983,1,LEG-3485,15,6 months,2025-12-30,2025-12-30,2026-07-05,8800,0,3800,5000,0,849,Expired,
3484,4154,1,268,17,annual membership,2025-12-30,2026-03-10,2027-03-10,12800,0,3000,9800,9800,846,Active,
3483,4153,1,269,17,annual membership,2025-12-30,2026-03-10,2027-03-10,12800,0,3000,9800,0,845,Active,
3482,8989,1,LEG-3482,33,40 sessions,2025-12-30,2025-12-31,2026-05-06,4400,0,4400,0,0,850,Cancelled,@Cancelled
3481,11308,1,LEG-3481,29,8 sessions,2025-12-30,2025-12-30,2026-02-03,1350,0,1350,0,0,848,Expired,
3480,10595,1,LEG-3480,12,3 Months,2025-12-29,2026-01-01,2026-04-15,5000,0,5000,0,0,844,Expired,
3479,14459,1,LEG-3479,15,6 months,2025-12-29,2026-01-31,2026-07-30,8800,0,8800,0,0,843,Expired,
3478,5254,1,LEG-3478,15,6 months,2025-12-29,2025-12-29,2026-07-20,8800,0,8800,0,0,842,Expired,
3477,14520,1,LEG-3477,12,3 Months,2025-12-29,2025-12-29,2026-03-29,5000,0,5000,0,0,840,Expired,
3476,13666,1,LEG-3476,43,Nutrition 4 sessions,2025-12-29,2025-12-30,2026-02-13,950,0,950,0,0,,Expired,
3475,13497,1,1229,12,3 Months,2025-12-29,2025-12-31,2026-04-14,5000,0,5000,0,0,838,Expired,
3474,5334,1,LEG-3474,32,20 sessions,2025-12-29,2025-12-29,2026-03-09,2500,0,2500,0,0,836,Expired,
3473,5334,1,LEG-3473,12,3 Months,2025-12-29,2025-12-30,2026-04-06,5000,0,5000,0,0,835,Expired,
3472,2366,1,1228,20,Morning membership 6am - 1 pm,2025-12-29,2025-12-29,2026-12-29,8500,0,8500,0,0,834,Active,
3471,14430,1,1227,8,1 month,2025-12-28,2025-12-28,2026-01-27,2200,0,2200,0,0,833,Expired,
3470,14463,1,LEG-3470,15,6 months,2025-12-28,2025-12-28,2026-06-26,8800,0,8800,0,0,831,Expired,
3469,14490,1,LEG-3469,15,6 months,2025-12-28,2025-12-28,2026-06-26,8800,0,8800,0,0,832,Expired,
3468,14432,1,LEG-3468,32,20 sessions,2025-12-28,2025-12-29,2026-03-09,2500,0,1000,1500,0,830,Expired,
3466,6997,1,LEG-3466,32,20 sessions,2025-12-28,2025-12-28,2026-03-08,2500,0,1200,1300,0,0829,Expired,
3465,9752,1,848,33,40 sessions,2025-12-28,2025-12-29,2026-05-04,4400,0,4400,0,0,828,Expired,
3464,13836,1,1223,32,20 sessions,2025-12-28,2025-12-28,2026-03-08,2500,0,1250,1250,1250,826,Expired,
3463,13836,1,LEG-3463,12,3 Months,2025-12-28,2025-12-28,2026-03-28,5000,0,5000,0,0,825,Expired,
3462,11308,1,LEG-3462,20,Morning membership 6am - 1 pm,2025-12-28,2026-01-14,2027-01-14,8500,0,8500,0,0,823,Active,
3461,6986,1,1222,15,6 months,2025-12-28,2025-12-28,2026-07-21,8800,0,8800,0,0,822,Expired,
3460,7347,1,LEG-3460,32,20 sessions,2025-12-28,2025-12-28,2026-03-08,2500,0,2500,0,0,821,Expired,
3459,7477,1,LEG-3459,12,3 Months,2025-12-27,2025-12-28,2026-03-28,5000,0,5000,0,0,820,Expired,
3458,8797,1,LEG-3458,12,3 Months,2025-12-27,2026-05-12,2026-08-24,5000,0,5000,0,0,818,Expired,
3457,14150,1,LEG-3457,12,3 Months,2025-12-27,2025-12-31,2026-04-07,5000,0,5000,0,0,817,Expired,
3456,14418,1,LEG-3456,32,20 sessions,2025-12-27,2025-12-27,2026-03-07,2500,0,2500,0,0,815,Expired,
3455,14418,1,LEG-3455,8,1 month,2025-12-27,2025-12-27,2026-01-26,2200,0,2200,0,0,813,Expired,
3454,11154,1,LEG-3454,15,6 months,2025-12-27,2025-12-27,2026-07-02,8800,0,8800,0,0,814,Expired,
3453,11310,1,969,12,3 Months,2025-12-27,2025-12-27,2026-03-31,5000,0,5000,0,0,812,Expired,
3452,1603,1,637,17,annual membership,2025-12-27,2025-12-27,2026-12-27,12800,0,3000,9800,9800,811,Active,
3451,14372,1,1218,12,3 Months,2025-12-26,2025-12-26,2026-04-09,5000,0,5000,0,0,793,Expired,
3450,12669,1,LEG-3450,32,20 sessions,2025-12-26,2025-12-26,2026-06-04,4400,0,4400,0,0,805,Expired,
3447,14362,1,LEG-3447,12,3 Months,2025-12-26,2026-01-16,2026-04-16,5000,0,5000,0,0,806,Expired,
3446,13877,1,LEG-3446,32,20 sessions,2025-12-26,2025-12-26,2026-03-06,2500,0,2500,0,0,807,Expired,
3445,1818,1,LEG-3445,33,40 sessions,2025-12-25,2025-12-27,2026-05-02,4400,0,4400,0,0,804,Expired,
3444,4031,1,LEG-3444,30,12 sessions,2025-12-25,2025-12-26,2026-02-06,1800,0,1800,0,0,803,Expired,
3443,6071,1,LEG-3443,12,3 Months,2025-12-25,2025-12-25,2026-03-25,5000,0,5000,0,0,802,Expired,
3442,4315,1,1057,32,20 sessions,2025-12-25,2025-12-25,2026-03-05,2500,0,2500,0,0,801,Expired,
3441,12229,1,LEG-3441,32,20 sessions,2025-12-25,2025-12-26,2026-03-06,2500,0,2500,0,0,800,Expired,
3440,2194,1,LEG-3440,33,40 sessions,2025-12-25,2025-12-25,2026-04-30,4000,0,4000,0,0,794,Expired,
3439,14414,1,LEG-3439,15,6 months,2025-12-25,2025-12-25,2026-07-23,8800,0,8800,0,0,799,Expired,
3438,14403,1,LEG-3438,8,1 month,2025-12-25,2025-12-25,2026-01-24,3000,0,3000,0,0,795,Expired,
3437,7856,1,LEG-3437,12,3 Months,2025-12-24,2025-12-24,2026-03-24,5000,0,5000,0,0,792,Expired,
3436,5495,1,LEG-3436,12,3 Months,2025-12-24,2025-12-25,2026-03-25,5000,0,5000,0,0,787,Expired,
3435,10215,1,LEG-3435,33,40 sessions,2025-12-24,2025-12-24,2026-04-29,4000,0,4000,0,0,f788,Expired,
3434,13004,1,1212,32,20 sessions,2025-12-24,2025-12-25,2026-03-05,2500,0,2500,0,0,786,Expired,
3433,13004,1,LEG-3433,15,6 months,2025-12-24,2025-12-25,2026-07-10,8800,0,8800,0,0,785,Expired,
3432,10215,1,LEG-3432,12,3 Months,2025-12-24,2025-12-24,2026-04-07,5000,0,5000,0,0,788,Expired,
3431,9875,1,1211,20,Morning membership 6am - 1 pm,2025-12-24,2026-01-08,2027-01-08,8500,0,3000,5500,0,784,Active,
3430,3809,1,LEG-3430,32,20 sessions,2025-12-24,2025-12-24,2026-03-04,2500,0,2500,0,0,783,Expired,
3429,11198,1,LEG-3429,30,12 sessions,2025-12-23,2025-12-24,2026-02-04,1800,0,1800,0,0,782,Expired,
3428,13666,1,LEG-3428,32,20 sessions,2025-12-23,2025-12-23,2026-03-03,2500,0,2500,0,0,778,Expired,
3427,13880,1,1210,20,Morning membership 6am - 1 pm,2025-12-23,2025-12-23,2027-01-12,8500,0,3800,4700,0,777,Active,
3426,8941,1,LEG-3426,32,20 sessions,2025-12-22,2025-12-22,2026-03-02,2500,0,2500,0,0,775,Expired,
3425,5231,1,421,32,20 sessions,2025-12-22,2025-12-22,2026-03-02,2500,0,2500,0,0,773,Expired,
3424,14303,1,1209,12,3 Months,2025-12-22,2025-12-23,2026-04-06,5000,0,5000,0,0,772,Expired,
3423,14181,1,LEG-3423,12,3 Months,2025-12-22,2025-12-23,2026-03-30,5000,0,5000,0,0,771,Expired,
3422,7788,1,LEG-3422,39,youth program 20 sessions,2025-12-22,2025-12-22,2026-03-02,3000,0,3000,0,0,770,Expired,
3421,10273,1,LEG-3421,32,20 sessions,2025-12-22,2025-12-22,2026-03-02,2500,0,2500,0,0,674,Expired,
3420,11307,1,LEG-3420,32,20 sessions,2025-12-22,2025-12-22,2026-03-02,2500,0,2500,0,0,766f,Expired,
3419,14280,1,LEG-3419,8,1 month,2025-12-22,2025-12-23,2026-01-22,2200,0,2200,0,0,768,Expired,
3418,11307,1,LEG-3418,17,annual membership,2025-12-22,2025-12-31,2026-12-31,12800,0,12800,0,0,765,Active,
3417,7175,1,LEG-3417,30,12 sessions,2025-12-21,2025-12-21,2026-02-01,1800,0,1800,0,0,762,Expired,
3416,7821,1,LEG-3416,12,3 Months,2025-12-21,2025-12-21,2026-04-04,5000,0,5000,0,0,761,Expired,
3415,8559,1,LEG-3415,33,40 sessions,2025-12-21,2025-12-22,2026-04-27,4400,0,4400,0,0,760,Expired,
3414,12600,1,LEG-3414,30,12 sessions,2025-12-21,2025-12-21,2026-02-01,1800,0,900,900,0,759,Expired,
3413,12600,1,LEG-3413,12,3 Months,2025-12-21,2025-12-21,2026-03-21,5000,0,2500,2500,2500,758,Expired,
3412,14142,1,LEG-3412,12,3 Months,2025-12-21,2026-01-02,2026-04-02,5000,0,2500,2500,0,757,Expired,
3411,6027,1,LEG-3411,29,8 sessions,2025-12-21,2025-12-21,2026-01-25,1350,0,1350,0,0,756,Expired,
3410,8009,1,LEG-3410,49,1 month full classes,2025-12-21,2025-12-21,2026-01-20,1000,0,1000,0,0,753,Expired,
3409,13601,1,LEG-3409,12,3 Months,2025-12-21,2025-12-21,2026-03-21,6500,0,6500,0,0,752,Expired,
3408,13877,1,LEG-3408,15,6 months,2025-12-21,2025-12-22,2026-07-20,8800,0,6500,2300,0,751,Expired,
3407,6183,1,LEG-3407,20,Morning membership 6am - 1 pm,2025-12-21,2025-12-24,2026-12-24,8500,0,8500,0,0,750,Active,
3406,3862,1,LEG-3406,32,20 sessions,2025-12-20,2025-12-20,2026-02-28,2500,0,2500,0,0,745,Expired,
3405,10046,1,858,38,youth program 10 sessions,2025-12-20,2025-12-20,2026-01-31,2000,0,2000,0,0,740,Expired,
3404,6124,1,473,8,1 month,2025-12-20,2025-12-20,2026-01-19,2200,0,2200,0,0,743,Expired,
3403,14131,1,1203,8,1 month,2025-12-20,2025-12-20,2026-01-19,2200,0,2200,0,0,742,Expired,
3402,6017,1,1202,8,1 month,2025-12-20,2025-12-20,2026-01-19,2200,0,2200,0,0,741,Expired,
3401,7550,1,1023,32,20 sessions,2025-12-19,2025-12-22,2026-03-02,2500,0,2500,0,0,738,Expired,
3400,13474,1,LEG-3400,43,Nutrition 4 sessions,2025-12-19,2025-12-19,2026-02-02,950,0,950,0,0,,Expired,
3399,12629,1,1201,12,3 Months,2025-12-19,2025-12-19,2026-03-19,6500,0,300,6200,6200,736,Cancelled,@Cancelled
3398,14124,1,1200,8,1 month,2025-12-19,2025-12-19,2026-01-18,3000,0,3000,0,0,735,Expired,
3397,13990,1,1199,8,1 month,2025-12-18,2025-12-19,2026-01-18,3000,0,3000,0,0,734,Expired,
3396,13158,1,LEG-3396,42,Nutrition 1 session,2025-12-18,2025-12-18,2025-12-25,300,0,300,0,0,,Expired,
3395,8470,1,LEG-3395,8,1 month,2025-12-18,2025-12-20,2026-01-19,2200,0,2200,0,0,732,Expired,
3394,430,1,LEG-3394,32,20 sessions,2025-12-18,2025-12-18,2026-02-26,2500,0,2500,0,0,731,Expired,
3393,13695,1,LEG-3393,15,6 months,2025-12-18,2026-02-23,2026-08-22,8800,0,5000,3800,0,730,Expired,
3392,8896,1,1196,8,1 month,2025-12-18,2025-12-18,2026-01-17,2200,0,2200,0,0,729,Expired,
3391,11283,1,LEG-3391,33,40 sessions,2025-12-18,2025-12-20,2026-04-25,4400,0,2200,2200,0,728,Expired,
3390,14098,1,LEG-3390,39,youth program 20 sessions,2025-12-18,2025-12-19,2026-02-27,3000,0,3000,0,0,725,Expired,
3389,13385,1,LEG-3389,29,8 sessions,2025-12-18,2025-12-18,2026-01-22,1215,0,1215,0,0,727,Expired,
3388,13384,1,LEG-3388,29,8 sessions,2025-12-18,2025-12-18,2026-01-22,1215,0,1215,0,0,726,Expired,
3387,13957,1,1194,12,3 Months,2025-12-18,2025-12-18,2026-03-18,5000,0,5000,0,0,724,Expired,
3386,14086,1,1193,20,Morning membership 6am - 1 pm,2025-12-18,2025-12-18,2026-12-18,8500,0,4250,4250,4250,723,Cancelled,@Cancelled
3385,13666,1,LEG-3385,12,3 Months,2025-12-18,2025-12-18,2026-04-01,5000,0,5000,0,0,719,Expired,
3384,4692,1,LEG-3384,32,20 sessions,2025-12-17,2025-12-13,2026-02-21,2500,0,2500,0,0,690,Expired,
3383,4230,1,LEG-3383,32,20 sessions,2025-12-17,2025-12-17,2026-02-25,2500,0,2500,0,0,717,Expired,
3382,3810,1,164,8,1 month,2025-12-17,2025-12-18,2026-01-17,2200,0,2200,0,0,716,Expired,
3381,13235,1,LEG-3381,45,Nutrition 12 sessions,2025-12-16,2025-12-16,2026-04-15,1920,0,1920,0,0,,Expired,
3380,11570,1,LEG-3380,32,20 sessions,2025-12-15,2025-12-25,2026-03-05,2500,0,2500,0,0,710,Expired,
3379,13848,1,1191,33,40 sessions,2025-12-15,2025-12-17,2026-04-22,4000,0,2000,2000,0,m708,Expired,
3378,13848,1,LEG-3378,12,3 Months,2025-12-15,2025-12-17,2026-03-17,5000,0,3000,2000,0,708,Expired,
3377,13508,1,1190,15,6 months,2025-12-15,2025-12-16,2026-07-14,8800,0,8800,0,0,706,Expired,
3376,10817,1,LEG-3376,43,Nutrition 4 sessions,2025-12-14,2025-12-14,2026-01-28,950,0,950,0,0,,Expired,
3375,13747,1,1189,33,40 sessions,2025-12-14,2025-12-18,2026-04-23,5000,0,5000,0,0,m704,Expired,
3374,13747,1,LEG-3374,12,3 Months,2025-12-14,2025-12-18,2026-03-18,4000,0,4000,0,0,704,Expired,
3373,6044,1,LEG-3373,49,1 month full classes,2025-12-14,2025-12-15,2026-01-14,1000,0,1000,0,0,703,Expired,
3372,13878,1,LEG-3372,46,4 sessions classes,2025-12-14,2025-12-14,2026-01-13,450,0,450,0,0,701,Expired,
3371,13426,1,1187,20,Morning membership 6am - 1 pm,2025-12-14,2026-01-18,2027-03-04,8500,0,3000,5500,0,700,Freezed,
3370,5659,1,LEG-3370,31,16 sessions,2025-12-14,2025-12-13,2026-02-07,2200,0,2200,0,0,698,Expired,
3369,5660,1,LEG-3369,31,16 sessions,2025-12-14,2025-12-13,2026-02-07,2200,0,2200,0,0,697,Expired,
3368,3964,1,LEG-3368,12,3 Months,2025-12-14,2025-12-14,2026-03-14,5000,0,5000,0,0,696,Expired,
3367,9631,1,LEG-3367,38,youth program 10 sessions,2025-12-13,2025-12-13,2026-01-24,2000,0,2000,0,0,693,Expired,
3366,9082,1,LEG-3366,30,12 sessions,2025-12-13,2025-12-13,2026-01-24,1800,0,1800,0,0,692,Expired,
3365,11771,1,1004,48,12 sessions classes,2025-12-13,2025-12-14,2026-01-13,850,0,850,0,0,691,Expired,
3364,13763,1,1185,32,20 sessions,2025-12-13,2025-12-13,2026-02-21,2500,0,2500,0,0,0689,Expired,
3362,13632,1,1184,12,3 Months,2025-12-13,2025-12-15,2026-03-15,5000,0,5000,0,0,688,Expired,
3361,5396,1,LEG-3361,32,20 sessions,2025-12-13,2025-12-13,2026-02-21,2500,0,2500,0,0,677,Expired,
3360,5408,1,734,30,12 sessions,2025-12-12,2025-12-13,2026-01-24,1800,0,1800,0,0,683,Expired,
3359,6420,1,549,15,6 months,2025-12-12,2025-12-19,2026-07-17,8800,0,4400,4400,0,681,Expired,
3358,9599,1,806,39,youth program 20 sessions,2025-12-12,2025-12-14,2026-02-22,3000,0,3000,0,0,682,Expired,
3357,13807,1,1183,38,youth program 10 sessions,2025-12-12,2025-12-12,2026-01-23,2000,0,2000,0,0,675,Expired,
3356,12510,1,LEG-3356,28,4 sessions,2025-12-12,2025-12-12,2026-01-09,800,0,800,0,0,,Expired,
3355,13474,1,LEG-3355,17,annual membership,2025-12-11,2025-12-12,2026-12-12,12800,0,12800,0,0,672.,Active,
3354,5231,1,LEG-3354,28,4 sessions,2025-12-11,2025-12-11,2026-01-08,800,0,800,0,0,,Expired,
3353,10155,1,LEG-3353,8,1 month,2025-12-11,2025-12-12,2026-01-11,3000,0,3000,0,0,669,Expired,
3352,13389,1,1181,12,3 Months,2025-12-10,2026-01-15,2026-04-15,5000,0,5000,0,0,667,Cancelled,@Cancelled
3351,7211,1,1180,12,3 Months,2025-12-10,2025-12-13,2026-03-20,5000,0,5000,0,0,666,Cancelled,الكلاينت هتتمرن الصبح و بليل@Cancelled
3350,13680,1,1179,17,annual membership,2025-12-10,2025-12-11,2026-12-11,12800,0,12800,0,0,668,Active,
3349,6498,1,LEG-3349,43,Nutrition 4 sessions,2025-12-10,2025-12-17,2026-01-31,950,0,950,0,0,,Expired,
3348,430,1,LEG-3348,17,annual membership,2025-12-10,2025-12-11,2026-12-25,12800,0,5000,7800,0,661,Active,
3347,8081,1,LEG-3347,30,12 sessions,2025-12-10,2025-12-10,2026-01-21,1800,0,1800,0,0,660,Expired,
3346,7355,1,LEG-3346,20,Morning membership 6am - 1 pm,2025-12-10,2025-12-11,2026-12-11,8500,0,5000,3500,0,658,Active,
3345,13159,1,1133,32,20 sessions,2025-12-09,2025-12-10,2026-02-18,2500,0,2500,0,0,655,Expired,
3344,12901,1,LEG-3344,32,20 sessions,2025-12-09,2025-12-09,2026-02-17,2500,0,2500,0,0,653,Expired,
3343,12372,1,1176,15,6 months,2025-12-09,2025-12-09,2026-06-07,8800,0,8800,0,0,652,Expired,
3341,12150,1,1093,42,Nutrition 1 session,2025-12-09,2025-12-09,2025-12-16,300,0,300,0,0,,Expired,
3340,13158,1,LEG-3340,32,20 sessions,2025-12-08,2025-12-08,2026-02-16,2500,0,2500,0,0,646,Expired,
3339,6661,1,LEG-3339,33,40 sessions,2025-12-08,2025-12-10,2026-04-15,4000,0,2500,1500,0,m645,Expired,
3338,6661,1,LEG-3338,12,3 Months,2025-12-08,2025-12-10,2026-03-10,5000,0,5000,0,0,645,Expired,
3337,9431,1,LEG-3337,32,20 sessions,2025-12-08,2025-12-08,2026-02-16,2500,0,2500,0,0,644,Expired,
3335,2616,1,LEG-3335,32,20 sessions,2025-12-08,2025-12-08,2026-02-16,2500,0,2500,0,0,641,Expired,
3334,13665,1,1174,8,1 month,2025-12-08,2025-12-08,2026-01-07,3000,0,3000,0,0,636,Expired,
3332,13652,1,LEG-3332,15,6 months,2025-12-08,2025-12-08,2026-06-06,8800,0,8800,0,0,634,Expired,
3331,11468,1,LEG-3331,8,1 month,2025-12-07,2025-12-07,2026-01-06,2200,0,2200,0,0,631,Expired,
3330,10223,1,LEG-3330,32,20 sessions,2025-12-07,2025-12-08,2026-02-16,2500,0,2500,0,0,630,Expired,
3329,10223,1,LEG-3329,12,3 Months,2025-12-07,2025-12-07,2026-03-21,6500,0,6500,0,0,629,Expired,
3328,3756,1,LEG-3328,30,12 sessions,2025-12-07,2025-12-07,2026-01-18,1800,0,1800,0,0,626,Expired,
3327,8597,1,LEG-3327,46,4 sessions classes,2025-12-07,2025-12-07,2026-01-06,450,0,450,0,0,624,Expired,
3326,8251,1,LEG-3326,33,40 sessions,2025-12-07,2026-01-06,2026-05-12,4000,0,4000,0,0,m623,Expired,
3325,8251,1,LEG-3325,12,3 Months,2025-12-07,2025-12-13,2026-03-27,5000,0,5000,0,0,623,Expired,
3324,8251,1,LEG-3324,43,Nutrition 4 sessions,2025-12-07,2025-12-07,2026-01-21,950,0,950,0,0,,Expired,
3323,11290,1,LEG-3323,32,20 sessions,2025-12-07,2025-12-08,2026-02-16,2500,0,2500,0,0,621,Expired,
3322,10941,1,LEG-3322,49,1 month full classes,2025-12-07,2025-12-07,2026-01-06,1000,0,1000,0,0,619,Expired,
3321,13425,1,LEG-3321,20,Morning membership 6am - 1 pm,2025-12-07,2025-12-07,2026-12-07,8500,0,5000,3500,0,620,Active,
3320,13367,1,1170,17,annual membership,2025-12-06,2026-01-01,2027-01-01,10500,0,10500,0,0,618,Cancelled,@Cancelled
3319,3770,1,150,17,annual membership,2025-12-06,2025-12-09,2026-12-24,12800,0,12800,0,0,617,Active,
3318,8079,1,LEG-3318,33,40 sessions,2025-12-06,2025-12-06,2026-04-11,4400,0,1000,3400,0,616,Expired,
3317,13487,1,1169,12,3 Months,2025-12-06,2025-12-08,2026-03-08,5000,0,2500,2500,2500,612,Expired,
3316,13475,1,LEG-3316,38,youth program 10 sessions,2025-12-06,2025-12-06,2026-01-17,2000,0,2000,0,0,610,Expired,
3315,6153,1,LEG-3315,32,20 sessions,2025-12-05,2025-12-05,2026-02-13,2500,0,2500,0,0,4704,Expired,
3314,13359,1,1167,49,1 month full classes,2025-12-05,2025-12-06,2026-01-05,1000,0,1000,0,0,609,Expired,
3313,13254,1,1166,49,1 month full classes,2025-12-05,2025-12-06,2026-01-05,1000,0,1000,0,0,608,Expired,
3312,7551,1,650,33,40 sessions,2025-12-05,2025-12-05,2026-04-10,4400,0,4400,0,0,607,Expired,
3311,11462,1,LEG-3311,39,youth program 20 sessions,2025-12-05,2025-12-05,2026-02-13,3000,0,3000,0,0,605,Expired,
3310,13280,1,1165,17,annual membership,2025-12-05,2025-12-05,2027-03-05,12800,0,12800,0,0,1001,Active,
3309,3831,1,LEG-3309,12,3 Months,2025-12-05,2025-12-05,2026-03-05,5000,0,5000,0,0,606,Expired,
3308,12669,1,LEG-3308,32,20 sessions,2025-12-05,2025-12-06,2026-02-14,2500,0,2500,0,0,604,Expired,
3307,12060,1,1164,17,annual membership,2025-12-05,2025-12-05,2026-12-05,12800,0,2000,10800,10800,602,Cancelled,@Cancelled
3306,13385,1,LEG-3306,12,3 Months,2025-12-05,2025-12-05,2026-03-10,5000,0,5000,0,0,601,Expired,
3305,13384,1,LEG-3305,12,3 Months,2025-12-05,2025-12-05,2026-03-10,5000,0,5000,0,0,4701,Expired,
3304,4433,1,476,32,20 sessions,2025-12-05,2026-04-07,2026-06-16,2500,0,2500,0,0,.4705,Expired,
3303,11305,1,LEG-3303,32,20 sessions,2025-12-05,2025-12-05,2026-02-13,2500,0,2500,0,0,.4703,Expired,
3302,7604,1,LEG-3302,49,1 month full classes,2025-12-04,2025-12-05,2026-01-04,1000,0,850,150,10,600,Expired,
3301,12753,1,LEG-3301,45,Nutrition 12 sessions,2025-12-04,2025-12-04,2026-04-03,2250,0,1920,330,330,0599,Expired,
3300,12677,1,1161,12,3 Months,2025-12-04,2025-12-04,2026-03-18,5000,0,2500,2500,0,597,Expired,
3299,13235,1,LEG-3299,15,6 months,2025-12-04,2025-12-04,2026-06-02,8800,0,8800,0,0,596,Expired,
3298,13340,1,1159,15,6 months,2025-12-04,2025-12-04,2026-06-02,8800,0,5000,3800,0,595,Expired,
3297,13279,1,1158,15,6 months,2025-12-04,2025-12-04,2026-06-02,8800,0,5000,3800,0,594,Expired,
3296,12478,1,1157,15,6 months,2025-12-04,2025-12-07,2026-06-05,8800,0,7800,1000,0,593,Expired,
3295,7946,1,986,27,1 session,2025-12-04,2025-12-04,2025-12-05,250,0,250,0,0,592,Expired,
3294,5833,1,LEG-3294,32,20 sessions,2025-12-03,2025-12-03,2026-02-11,2500,0,2500,0,0,591,Expired,
3293,13284,1,1156,33,40 sessions,2025-12-03,2025-12-02,2026-04-07,2200,0,2200,0,0,f 580,Expired,
3292,10550,1,LEG-3292,33,40 sessions,2025-12-03,2025-12-10,2026-04-15,4400,0,4400,0,0,587,Expired,
3291,8651,1,LEG-3291,29,8 sessions,2025-12-03,2025-12-03,2026-01-07,1350,0,1350,0,0,588,Expired,
3290,10550,1,LEG-3290,20,Morning membership 6am - 1 pm,2025-12-03,2025-12-13,2027-01-05,8500,0,8500,0,0,586,Active,
3289,13158,1,LEG-3289,12,3 Months,2025-12-02,2025-12-04,2026-03-04,5000,0,5000,0,0,585,Expired,
3288,289,1,1154,17,annual membership,2025-12-02,2025-12-02,2026-12-02,10500,0,10500,0,0,584,Active,
3287,6479,1,LEG-3287,38,youth program 10 sessions,2025-12-02,2025-12-02,2026-01-13,2000,0,2000,0,0,583,Expired,
3286,12016,1,LEG-3286,39,youth program 20 sessions,2025-12-02,2025-12-02,2026-02-24,3000,0,3000,0,0,582,Expired,
3284,10817,1,LEG-3284,12,3 Months,2025-12-02,2025-12-19,2026-03-19,5000,0,5000,0,0,581,Expired,
3283,12797,1,LEG-3283,36,head coach 20 sessions,2025-12-02,2025-12-04,2026-02-12,3000,0,3000,0,0,579,Expired,
3282,12150,1,LEG-3282,32,20 sessions,2025-12-02,2025-12-02,2026-02-10,2500,0,2500,0,0,576,Expired,
3280,11722,1,LEG-3280,17,annual membership,2025-12-01,2026-06-01,2027-07-01,14000,0,14000,0,0,571,Freezed,
3279,12274,1,1152,17,annual membership,2025-12-01,2025-12-15,2026-12-15,12800,0,6400,6400,6400,570,Cancelled,@Cancelled
3278,9924,1,849,15,6 months,2025-12-01,2025-12-08,2026-07-06,8800,0,500,8300,0,561,Expired,
3277,6153,1,LEG-3277,15,6 months,2025-12-01,2025-12-22,2026-07-04,8800,0,500,8300,0,549,Expired,
3276,6084,1,LEG-3276,15,6 months,2025-12-01,2026-01-14,2026-08-08,8800,0,500,8300,0,548,Expired,
3275,6083,1,LEG-3275,15,6 months,2025-12-01,2025-12-29,2026-07-11,8800,0,500,8300,0,547,Expired,
3274,13221,1,1151,8,1 month,2025-12-01,2025-12-01,2025-12-31,2200,0,2200,0,0,563,Expired,
3273,7946,1,LEG-3273,27,1 session,2025-12-01,2025-12-01,2025-12-02,250,0,250,0,0,562,Expired,
3272,8693,1,726,46,4 sessions classes,2025-11-30,2025-12-01,2025-12-31,450,0,450,0,0,468,Expired,
3271,10713,1,1150,17,annual membership,2025-11-30,2025-12-07,2026-12-07,12800,0,12800,0,0,558,Active,
3270,8858,1,1149,20,Morning membership 6am - 1 pm,2025-11-30,2025-12-14,2027-02-12,8500,0,8500,0,0,557,Active,
3269,6050,1,529,15,6 months,2025-11-30,2025-11-30,2026-06-28,8800,0,8800,0,0,559,Expired,
3268,13227,1,LEG-3268,20,Morning membership 6am - 1 pm,2025-11-30,2026-03-10,2027-03-10,8500,0,4250,4250,0,f554,Active,
3267,12674,1,1147,20,Morning membership 6am - 1 pm,2025-11-30,2026-03-10,2027-04-09,8500,0,4250,4250,0,555,Freezed,
3266,4615,1,LEG-3266,31,16 sessions,2025-11-30,2025-11-30,2026-01-25,2200,0,2200,0,0,556,Expired,
3265,12972,1,LEG-3265,8,1 month,2025-11-30,2025-11-29,2025-12-29,1000,0,1000,0,0,541,Expired,
3264,12126,1,LEG-3264,49,1 month full classes,2025-11-30,2025-12-01,2025-12-31,1000,0,1000,0,0,550,Expired,
3263,9195,1,LEG-3263,33,40 sessions,2025-11-29,2025-12-01,2026-04-06,4000,0,4000,0,0,545,Expired,
3262,9195,1,LEG-3262,17,annual membership,2025-11-29,2025-12-01,2026-12-21,12800,0,12800,0,0,544,Active,
3261,11042,1,976,33,40 sessions,2025-11-29,2025-11-29,2026-04-04,4400,0,4400,0,0,540,Expired,
3260,7724,1,941,39,youth program 20 sessions,2025-11-29,2025-11-29,2026-02-07,3000,0,3000,0,0,536,Expired,
3259,8559,1,LEG-3259,15,6 months,2025-11-29,2025-11-29,2026-05-28,8800,0,8800,0,0,535,Expired,
3258,5962,1,LEG-3258,33,40 sessions,2025-11-29,2025-11-29,2026-05-04,4400,0,4400,0,0,0534,Expired,
3257,12510,1,LEG-3257,15,6 months,2025-11-28,2025-11-29,2026-07-27,8800,0,5000,3800,0,531,Expired,
3256,13154,1,LEG-3256,32,20 sessions,2025-11-28,2025-11-28,2026-02-06,2500,0,2500,0,0,529,Expired,
3255,7096,1,LEG-3255,15,6 months,2025-11-28,2025-11-29,2026-05-28,8800,0,8800,0,0,528,Expired,
3254,13176,1,1144,17,annual membership,2025-11-27,2025-11-28,2026-04-14,12800,0,500,12300,0,525,Transfered,
3253,12742,1,LEG-3253,17,annual membership,2025-11-27,2025-11-28,2027-01-27,12800,0,500,12300,0,524,Active,
3252,6413,1,1142,17,annual membership,2025-11-27,2025-11-28,2026-11-28,12800,0,3000,9800,0,523,Active,
3251,13075,1,LEG-3251,12,3 Months,2025-11-27,2025-12-15,2026-03-15,5000,0,5000,0,0,522,Expired,
3250,5799,1,1127,29,8 sessions,2025-11-27,2025-12-16,2026-01-20,1000,0,1000,0,0,m466,Expired,
3249,10595,1,LEG-3249,32,20 sessions,2025-11-27,2025-11-27,2026-02-05,2500,0,2500,0,0,521,Expired,
3248,7263,1,LEG-3248,8,1 month,2025-11-27,2025-11-27,2025-12-27,2200,0,2200,0,0,520,Expired,
3247,6439,1,1137,29,8 sessions,2025-11-27,2025-11-27,2026-01-01,1200,0,1200,0,0,f508,Expired,
3246,10336,1,LEG-3246,17,annual membership,2025-11-27,2025-12-10,2026-12-10,12800,0,12800,0,0,518,Active,
3245,8156,1,LEG-3245,17,annual membership,2025-11-26,2026-01-27,2027-02-10,12800,0,500,12300,0,514,Active,
3244,2500,1,55,42,Nutrition 1 session,2025-11-26,2025-11-26,2025-12-03,300,0,300,0,0,,Expired,
3243,4655,1,506,17,annual membership,2025-11-26,2025-11-26,2026-11-26,12800,0,800,12000,0,512,Active,
3242,13003,1,LEG-3242,17,annual membership,2025-11-26,2025-11-26,2026-12-06,12800,0,12800,0,0,511,Active,
3241,10482,1,LEG-3241,20,Morning membership 6am - 1 pm,2025-11-26,2025-12-15,2026-12-15,8500,0,8500,0,0,509,Active,
3240,6439,1,LEG-3240,12,3 Months,2025-11-26,2025-11-27,2026-02-25,5000,0,5000,0,0,508,Expired,
3239,13155,1,LEG-3239,12,3 Months,2025-11-25,2025-11-26,2026-02-24,5000,0,5000,0,0,507,Expired,
3238,13134,1,1135,33,40 sessions,2025-11-25,2025-11-25,2026-03-31,4000,0,4000,0,0,m506,Expired,
3237,13134,1,LEG-3237,12,3 Months,2025-11-25,2025-11-25,2026-02-23,5000,0,5000,0,0,506,Expired,
3236,6916,1,LEG-3236,32,20 sessions,2025-11-25,2025-11-26,2026-03-06,2500,0,2500,0,0,503,Expired,
3234,10518,1,912,32,20 sessions,2025-11-25,2025-11-27,2026-02-05,2500,0,2500,0,0,501,Expired,
3233,12800,1,LEG-3233,17,annual membership,2025-11-25,2025-11-25,2027-02-04,12800,0,12800,0,0,500,Active,
3232,13159,1,LEG-3232,17,annual membership,2025-11-25,2025-11-25,2026-11-25,12800,0,12800,0,0,499,Active,
3231,13135,1,LEG-3231,12,3 Months,2025-11-25,2025-11-25,2026-03-09,5000,0,5000,0,0,497,Expired,
3230,2843,1,1131,36,head coach 20 sessions,2025-11-25,2025-11-25,2026-02-03,3000,0,3000,0,0,495,Expired,
3229,2843,1,LEG-3229,17,annual membership,2025-11-25,2025-11-25,2026-11-25,10500,0,10500,0,0,494,Active,
3228,4696,1,LEG-3228,12,3 Months,2025-11-25,2025-11-25,2026-02-23,5000,0,5000,0,0,493,Expired,
3227,13154,1,LEG-3227,12,3 Months,2025-11-24,2025-11-25,2026-03-03,5000,0,5000,0,0,492,Expired,
3226,13048,1,1129,12,3 Months,2025-11-24,2025-11-24,2026-02-22,5000,0,3000,2000,0,491,Expired,
3225,1642,1,LEG-3225,12,3 Months,2025-11-24,2025-11-29,2026-02-27,5000,0,5000,0,0,490,Expired,
3224,11295,1,1128,17,annual membership,2025-11-24,2025-11-24,2026-11-24,14000,0,14000,0,0,488,Active,
3223,11307,1,LEG-3223,30,12 sessions,2025-11-24,2025-11-24,2026-01-05,1800,0,1800,0,0,484,Expired,
3222,4647,1,371,12,3 Months,2025-11-24,2025-11-24,2026-03-08,5000,0,5000,0,0,486,Expired,
3221,4597,1,346,12,3 Months,2025-11-23,2025-11-23,2026-02-21,5000,0,5000,0,0,482,Expired,
3220,8597,1,LEG-3220,46,4 sessions classes,2025-11-23,2025-10-26,2025-11-25,450,0,450,0,0,191,Expired,
3219,12475,1,1101,33,40 sessions,2025-11-23,2025-11-23,2026-03-29,4400,0,4400,0,0,480,Expired,
3218,10426,1,LEG-3218,32,20 sessions,2025-11-23,2025-11-22,2026-01-31,2500,0,2500,0,0,467,Expired,
3217,6183,1,LEG-3217,8,1 month,2025-11-23,2025-11-23,2025-12-23,2200,0,2200,0,0,472,Expired,
3216,12583,1,LEG-3216,32,20 sessions,2025-11-23,2025-11-23,2026-02-01,2500,0,2500,0,0,471,Expired,
3215,1284,1,LEG-3215,17,annual membership,2025-11-23,2025-11-23,2026-11-30,12800,0,12800,0,0,470,Active,
3214,5799,1,LEG-3214,17,annual membership,2025-11-22,2025-12-15,2026-12-31,12800,0,12800,0,0,466,Active,
3213,13090,1,1126,17,annual membership,2025-11-22,2025-11-23,2026-11-23,14000,0,14000,0,0,465,Active,
3212,5228,1,LEG-3212,12,3 Months,2025-11-22,2025-11-22,2026-03-06,5000,0,5000,0,0,460,Expired,
3211,13054,1,LEG-3211,8,1 month,2025-11-22,2025-11-22,2025-12-22,2200,0,2200,0,0,463,Expired,
3210,3862,1,LEG-3210,15,6 months,2025-11-22,2025-11-22,2026-05-21,8800,0,8800,0,0,461,Expired,
3209,13046,1,1122,8,1 month,2025-11-21,2025-11-21,2025-12-21,2200,0,2200,0,0,457,Expired,
3208,13026,1,1124,12,3 Months,2025-11-21,2025-12-01,2026-03-08,5000,0,2000,3000,0,459,Expired,
3207,13050,1,1123,33,40 sessions,2025-11-21,2025-11-25,2026-03-31,4000,0,4000,0,0,m458,Cancelled,@Cancelled
3206,13050,1,LEG-3206,12,3 Months,2025-11-21,2025-11-25,2026-02-23,5000,0,5000,0,0,458,Cancelled,@Cancelled
3205,13007,1,1121,15,6 months,2025-11-20,2025-11-22,2026-05-21,8800,0,8800,0,0,455,Expired,
3204,12753,1,LEG-3204,33,40 sessions,2025-11-20,2025-11-21,2026-03-27,4400,0,4400,0,0,452,Expired,
3203,3571,1,LEG-3203,12,3 Months,2025-11-20,2025-11-20,2026-02-25,5000,0,5000,0,0,450,Expired,
3202,12957,1,1119,17,annual membership,2025-11-20,2025-11-20,2026-12-20,12800,0,12800,0,0,449,Active,
3201,12903,1,LEG-3201,20,Morning membership 6am - 1 pm,2025-11-19,2025-11-20,2027-01-19,8500,0,4250,4250,0,446,Active,
3200,12978,1,1117,32,20 sessions,2025-11-19,2025-11-20,2026-01-29,2500,0,2500,0,0,445,Expired,
3199,12978,1,LEG-3199,12,3 Months,2025-11-19,2025-11-20,2026-02-18,5000,0,5000,0,0,444,Expired,
3198,7159,1,581,30,12 sessions,2025-11-18,2025-11-18,2025-12-30,1800,0,1800,0,0,443,Expired,
3196,6723,1,553,43,Nutrition 4 sessions,2025-11-18,2025-11-02,2025-12-17,950,0,950,0,0,,Expired,
3195,1788,1,LEG-3195,45,Nutrition 12 sessions,2025-11-18,2025-11-02,2026-03-02,1920,0,1920,0,0,,Expired,
3194,6498,1,LEG-3194,43,Nutrition 4 sessions,2025-11-18,2025-11-05,2025-12-20,950,0,950,0,0,,Expired,
3193,7551,1,LEG-3193,42,Nutrition 1 session,2025-11-18,2025-10-27,2025-11-03,300,0,300,0,0,,Expired,
3192,2830,1,484,44,Nutrition 8 sessions,2025-11-18,2025-11-18,2026-02-16,1650,0,1650,0,0,,Expired,
3191,8156,1,LEG-3191,42,Nutrition 1 session,2025-11-18,2025-11-17,2025-11-24,300,0,300,0,0,,Expired,
3189,12869,1,1116,17,annual membership,2025-11-17,2025-11-17,2026-11-17,12800,0,12800,0,0,433,Active,
3188,12894,1,1115,15,6 months,2025-11-17,2025-11-17,2026-05-30,8800,0,8800,0,0,434,Expired,
3187,4864,1,LEG-3187,17,annual membership,2025-11-17,2025-12-01,2027-01-22,12800,0,2000,10800,0,430,Active,
3186,12880,1,1113,17,annual membership,2025-11-17,2025-11-17,2026-12-07,12800,0,12800,0,0,429,Freezed,
3185,7934,1,LEG-3185,32,20 sessions,2025-11-17,2025-11-16,2026-01-25,2500,0,2500,0,0,428,Expired,
3184,8257,1,LEG-3184,32,20 sessions,2025-11-17,2025-11-17,2026-01-26,2500,0,2500,0,0,427,Expired,
3183,851,1,LEG-3183,20,Morning membership 6am - 1 pm,2025-11-16,2025-11-29,2026-12-28,8500,0,4000,4500,0,413,Active,
3182,4218,1,LEG-3182,32,20 sessions,2025-11-16,2025-11-16,2026-01-25,2500,0,2500,0,0,425,Expired,
3181,12807,1,LEG-3181,32,20 sessions,2025-11-16,2025-11-23,2026-02-01,2500,0,2500,0,0,424,Expired,
3180,12807,1,LEG-3180,17,annual membership,2025-11-16,2025-11-23,2027-01-22,12800,0,12800,0,0,423,Active,
3179,4289,1,LEG-3179,47,8 sessions classes,2025-11-16,2025-11-16,2025-12-16,700,0,700,0,0,422,Expired,
3178,4805,1,1050,33,40 sessions,2025-11-16,2025-11-16,2026-03-22,4400,0,4400,0,0,420,Expired,
3177,12833,1,1111,12,3 Months,2025-11-16,2025-11-16,2026-02-14,5000,0,5000,0,0,419,Expired,
3176,5616,1,409,39,youth program 20 sessions,2025-11-16,2025-11-16,2026-01-25,3000,0,3000,0,0,418,Expired,
3175,12902,1,1110,15,6 months,2025-11-16,2025-11-16,2026-05-15,8800,0,8800,0,0,416,Expired,
3174,159,1,LEG-3174,15,6 months,2025-11-16,2025-11-16,2026-06-07,8800,0,8800,0,0,417,Expired,
3173,12901,1,LEG-3173,12,3 Months,2025-11-16,2025-12-03,2026-03-17,5000,0,5000,0,0,415,Expired,
3172,1788,1,LEG-3172,33,40 sessions,2025-11-16,2025-11-16,2026-03-22,4400,0,4400,0,0,408,Expired,
3171,11308,1,LEG-3171,29,8 sessions,2025-11-16,2025-11-16,2025-12-21,1350,0,1350,0,0,412,Expired,
3170,9813,1,1107,17,annual membership,2025-11-16,2025-11-16,2026-12-16,12800,0,12800,0,0,411,Active,
3169,6562,1,839,15,6 months,2025-11-16,2025-11-16,2026-05-15,8800,0,5000,3800,3800,410,Expired,
3168,6498,1,LEG-3168,17,annual membership,2025-11-15,2025-11-27,2026-11-27,12800,0,1000,11800,0,409,Active,
3167,6997,1,LEG-3167,17,annual membership,2025-11-15,2025-12-28,2027-02-16,12800,0,4000,8800,0,407,Active,
3166,12680,1,1105,26,Marines,2025-11-15,2025-11-15,2026-12-05,10500,0,10500,0,0,406,Active,
3165,7793,1,951,32,20 sessions,2025-11-15,2025-11-15,2026-01-24,2500,0,2500,0,0,405,Expired,
3164,5936,1,LEG-3164,45,Nutrition 12 sessions,2025-11-15,2025-11-17,2026-03-17,1920,0,1920,0,0,,Expired,
3163,9622,1,LEG-3163,32,20 sessions,2025-11-15,2025-11-15,2026-01-24,2500,0,2500,0,0,403,Expired,
3162,8989,1,LEG-3162,33,40 sessions,2025-11-15,2025-11-14,2026-03-20,4400,0,4400,0,0,398,Expired,
3161,10046,1,LEG-3161,38,youth program 10 sessions,2025-11-15,2025-11-15,2025-12-27,2000,0,2000,0,0,402,Expired,
3160,12542,1,LEG-3160,33,40 sessions,2025-11-15,2025-11-15,2026-03-21,4000,0,4000,0,0,m401,Expired,
3159,12542,1,LEG-3159,12,3 Months,2025-11-15,2025-11-15,2026-02-27,5000,0,5000,0,0,401,Expired,
3158,6044,1,LEG-3158,49,1 month full classes,2025-11-15,2025-11-15,2025-12-15,1000,0,1000,0,0,400,Expired,
3157,12035,1,1103,17,annual membership,2025-11-15,2025-11-14,2027-01-13,12800,0,12800,0,0,0399,Active,
3156,12777,1,1102,15,6 months,2025-11-14,2025-11-15,2026-06-13,8800,0,8800,0,0,397,Expired,بس ممكن يحتاج يسال الكوتشز عن اي حاجه -عنده مرض مزمن -امراض في الجهاز التنفسي -عامل حراجه
3155,12475,1,LEG-3155,17,annual membership,2025-11-14,2025-11-15,2026-11-15,12800,0,12800,0,0,395,Cancelled,@Cancelled
3154,12505,1,LEG-3154,15,6 months,2025-11-13,2025-11-13,2026-05-12,8800,0,8800,0,0,392,Expired,يوجد اصابه سابقه
3153,8904,1,789,39,youth program 20 sessions,2025-11-13,2025-11-13,2026-01-22,3000,0,3000,0,0,391,Expired,
3152,8661,1,LEG-3152,37,head coach 40 sessions,2025-11-13,2025-11-13,2026-03-19,4000,0,4000,0,0,f390,Expired,
3151,12855,1,LEG-3151,12,3 Months,2025-11-13,2025-11-13,2026-02-18,5000,0,5000,0,0,387,Expired,
3150,4607,1,370,12,3 Months,2025-11-13,2026-03-11,2026-06-09,5000,0,5000,0,0,386,Expired,
3149,12283,1,1098,17,annual membership,2025-11-12,2025-11-12,2026-11-12,12800,0,12800,0,0,385,Active,
3148,12110,1,LEG-3148,44,Nutrition 8 sessions,2025-11-12,2025-11-12,2026-02-10,1650,0,1650,0,0,,Expired,
3147,12110,1,LEG-3147,32,20 sessions,2025-11-12,2025-11-13,2026-02-08,2500,0,2500,0,0,382,Expired,
3146,12666,1,1097,26,Marines,2025-11-12,2025-12-03,2027-04-02,10500,0,10500,0,0,381,Freezed,يدخن
3145,11294,1,LEG-3145,39,youth program 20 sessions,2025-11-12,2025-11-13,2026-01-22,3000,0,3000,0,0,380,Expired,
3144,12804,1,1095,12,3 Months,2025-11-12,2025-11-12,2026-02-24,5000,0,5000,0,0,377,Cancelled,@Cancelled
3143,12803,1,1094,12,3 Months,2025-11-12,2025-11-12,2026-02-10,5000,0,5000,0,0,376,Expired,
3142,10411,1,LEG-3142,32,20 sessions,2025-11-12,2025-11-13,2026-01-22,2500,0,2500,0,0,375,Expired,
3141,5422,1,LEG-3141,12,3 Months,2025-11-12,2025-11-12,2026-02-17,5000,0,5000,0,0,374,Expired,
3140,10273,1,LEG-3140,30,12 sessions,2025-11-12,2025-11-12,2025-12-24,1800,0,1800,0,0,373,Expired,
3139,12150,1,LEG-3139,20,Morning membership 6am - 1 pm,2025-11-12,2025-11-12,2026-12-15,8500,0,8500,0,0,372,Active,اتضراب في العضلات\مفاصل
3138,7304,1,746,8,1 month,2025-11-12,2025-11-12,2025-12-12,3000,0,3000,0,0,371,Expired,
3137,5252,1,404,17,annual membership,2025-11-11,2025-11-11,2026-11-11,12800,0,4800,8000,0,369,Active,
3135,12797,1,LEG-3135,35,head coach12 sessions,2025-11-11,2025-11-12,2025-12-24,2200,0,2200,0,0,364,Expired,
3134,12797,1,LEG-3134,12,3 Months,2025-11-11,2025-11-12,2026-02-24,5000,0,5000,0,0,363,Expired,
3133,3284,1,294,12,3 Months,2025-11-10,2025-11-16,2026-02-14,5000,0,5000,0,0,361,Expired,
3132,2955,1,98,17,annual membership,2025-11-10,2025-11-10,2026-11-10,10500,0,5250,5250,0,359,Active,
3131,2449,1,LEG-3131,8,1 month,2025-11-10,2025-11-10,2025-12-10,2200,0,2200,0,0,360,Expired,
3130,4070,1,LEG-3130,32,20 sessions,2025-11-10,2025-11-10,2026-01-19,2000,0,2000,0,0,358,Expired,
3129,11771,1,LEG-3129,48,12 sessions classes,2025-11-10,2025-11-10,2025-12-10,850,0,850,0,0,356,Expired,
3128,2985,1,678,32,20 sessions,2025-11-10,2025-11-10,2026-01-19,2500,0,2500,0,0,351,Expired,
3127,5396,1,LEG-3127,45,Nutrition 12 sessions,2025-11-10,2025-11-10,2026-03-10,1920,0,1920,0,0,,Expired,
3126,7469,1,LEG-3126,39,youth program 20 sessions,2025-11-10,2025-11-10,2026-01-19,3000,0,3000,0,0,355,Expired,
3125,5396,1,LEG-3125,32,20 sessions,2025-11-10,2025-11-10,2026-01-19,2500,0,2500,0,0,353,Expired,
3124,7724,1,LEG-3124,43,Nutrition 4 sessions,2025-11-10,2025-11-10,2025-12-25,950,0,950,0,0,,Expired,
3123,11537,1,980,46,4 sessions classes,2025-11-10,2025-11-10,2025-12-10,450,0,450,0,0,0349,Expired,
3122,11536,1,979,46,4 sessions classes,2025-11-10,2025-11-10,2025-12-10,450,0,450,0,0,0348,Expired,
3121,9503,1,1090,12,3 Months,2025-11-09,2025-11-09,2026-02-07,5000,0,5000,0,0,340,Expired,
3120,12753,1,LEG-3120,17,annual membership,2025-11-09,2025-11-10,2026-11-10,12800,0,2000,10800,0,345,Active,
3119,9533,1,1088,12,3 Months,2025-11-09,2025-11-09,2026-02-21,6500,0,6500,0,0,343,Expired,
3118,9378,1,LEG-3118,46,4 sessions classes,2025-11-09,2025-11-10,2025-12-10,450,0,450,0,0,342,Expired,
3117,3739,1,125,15,6 months,2025-11-09,2026-04-13,2026-10-10,8800,0,4600,4200,0,339,Active,
3116,7934,1,LEG-3116,12,3 Months,2025-11-09,2025-11-09,2026-02-07,5000,0,5000,0,0,0336,Expired,
3115,10945,1,LEG-3115,33,40 sessions,2025-11-08,2025-11-09,2026-03-15,4400,0,500,3900,0,331,Expired,
3114,12583,1,LEG-3114,15,6 months,2025-11-08,2025-11-10,2026-05-09,8800,0,8800,0,0,329,Expired,
3113,5387,1,423,12,3 Months,2025-11-08,2025-11-15,2026-02-13,5000,0,5000,0,0,0326,Expired,
3112,12509,1,1085,17,annual membership,2025-11-08,2025-11-09,2026-12-09,14000,0,14000,0,0,325,Active,
3111,8009,1,LEG-3111,49,1 month full classes,2025-11-08,2025-11-09,2025-12-09,1000,0,1000,0,0,323,Expired,
3110,6423,1,LEG-3110,15,6 months,2025-11-07,2025-11-08,2026-06-06,8800,0,8800,0,0,322,Expired,
3109,12669,1,LEG-3109,17,annual membership,2025-11-07,2025-11-07,2026-11-07,12800,0,3000,9800,0,321,Active,
3108,11315,1,1083,12,3 Months,2025-11-07,2025-11-07,2026-02-05,5000,0,1000,4000,4000,320,Cancelled,بتاخد علاج ضغط /عندها ذياده في ضغط الدم @Cancelled
3107,12670,1,1082,20,Morning membership 6am - 1 pm,2025-11-07,2025-11-09,2026-11-09,8500,0,1000,7500,7500,317,Active,
3106,6988,1,1081,20,Morning membership 6am - 1 pm,2025-11-07,2025-11-09,2026-11-09,8500,0,1000,7500,0,318,Active,
3105,8251,1,LEG-3105,43,Nutrition 4 sessions,2025-11-07,2025-11-07,2025-12-22,950,0,950,0,0,,Expired,
3104,12667,1,LEG-3104,12,3 Months,2025-11-07,2025-11-07,2026-02-05,5000,0,5000,0,0,0316,Expired,
3103,10127,1,1041,32,20 sessions,2025-11-06,2025-11-10,2026-01-19,2500,0,2500,0,0,312,Expired,
3102,9084,1,817,15,6 months,2025-11-06,2025-11-08,2026-05-07,8800,0,2500,6300,0,314,Expired,
3101,9085,1,818,15,6 months,2025-11-06,2025-11-08,2026-05-07,8800,0,2500,6300,0,313,Expired,
3100,5396,1,LEG-3100,15,6 months,2025-11-06,2025-11-10,2026-05-31,8800,0,8800,0,0,311,Expired,
3099,5357,1,387,32,20 sessions,2025-11-06,2025-11-06,2026-01-15,2500,0,2500,0,0,310,Expired,
3098,5357,1,LEG-3098,12,3 Months,2025-11-06,2025-11-06,2026-02-11,5000,0,5000,0,0,309,Expired,
3097,11305,1,LEG-3097,20,Morning membership 6am - 1 pm,2025-11-06,2025-11-15,2026-11-15,8500,0,8500,0,0,0308,Active,
3096,12602,1,1078,38,youth program 10 sessions,2025-11-05,2025-11-05,2025-12-17,2000,0,1000,1000,0,304,Expired,
3095,6869,1,LEG-3095,12,3 Months,2025-11-05,2025-11-05,2026-02-10,5000,0,5000,0,0,0305,Expired,
3093,12600,1,LEG-3093,8,1 month,2025-11-05,2025-11-05,2025-12-05,3000,0,1000,2000,0,303,Expired,
3092,6027,1,LEG-3092,43,Nutrition 4 sessions,2025-11-05,2025-11-05,2025-12-20,950,0,950,0,0,,Expired,
3090,9343,1,LEG-3090,46,4 sessions classes,2025-11-05,2025-11-05,2025-12-05,450,0,450,0,0,229,Expired,
3089,3754,1,LEG-3089,32,20 sessions,2025-11-05,2025-11-05,2026-01-14,2500,0,2500,0,0,0296,Expired,
3088,1742,1,LEG-3088,32,20 sessions,2025-11-04,2025-11-04,2026-01-13,2500,0,2500,0,0,294,Expired,
3087,4615,1,LEG-3087,17,annual membership,2025-11-04,2025-11-04,2026-12-22,12800,0,2000,10800,0,293,Active,
3086,12577,1,1076,20,Morning membership 6am - 1 pm,2025-11-04,2025-11-05,2027-01-04,8500,0,8500,0,0,291,Active,
3085,12576,1,1075,20,Morning membership 6am - 1 pm,2025-11-04,2025-11-05,2027-01-04,8500,0,8500,0,0,290,Active,
3084,11880,1,1074,12,3 Months,2025-11-04,2025-12-07,2026-04-04,5000,0,5000,0,0,289,Expired,
3082,10817,1,LEG-3082,43,Nutrition 4 sessions,2025-11-03,2025-11-02,2025-12-17,950,0,950,0,0,,Expired,
3081,9622,1,LEG-3081,15,6 months,2025-11-03,2025-11-19,2026-05-30,8800,0,4400,4400,0,286,Expired,
3080,11570,1,LEG-3080,43,Nutrition 4 sessions,2025-11-03,2025-11-03,2025-12-18,950,0,950,0,0,,Expired,
3079,12236,1,1073,49,1 month full classes,2025-11-03,2025-11-04,2025-12-04,1000,0,1000,0,0,284,Expired,
3078,12278,1,1072,17,annual membership,2025-11-03,2025-11-04,2026-11-04,12800,0,12800,0,0,0283,Active,
3077,6474,1,LEG-3077,32,20 sessions,2025-11-03,2025-11-03,2026-01-12,2500,0,2500,0,0,255,Expired,
3076,7175,1,LEG-3076,30,12 sessions,2025-11-03,2025-11-02,2025-12-14,1800,0,1800,0,0,278,Expired,
3074,10945,1,LEG-3074,12,3 Months,2025-11-03,2025-11-03,2026-02-08,5000,0,2000,3000,0,0280,Expired,
3073,12540,1,1070,12,3 Months,2025-11-03,2025-11-03,2026-02-01,5000,0,5000,0,0,0279,Expired,
3072,4040,1,237,37,head coach 40 sessions,2025-11-02,2025-11-02,2026-03-08,5400,0,2500,2900,2900,274,Expired,
3071,1742,1,LEG-3071,12,3 Months,2025-11-02,2025-11-02,2026-02-14,5000,0,5000,0,0,271,Expired,
3070,12500,1,LEG-3070,32,20 sessions,2025-11-02,2025-11-02,2026-01-11,2500,0,2500,0,0,270,Expired,
3069,12500,1,LEG-3069,12,3 Months,2025-11-02,2025-11-02,2026-01-31,5000,0,5000,0,0,269,Expired,
3068,12229,1,LEG-3068,32,20 sessions,2025-11-02,2025-11-02,2026-01-11,2500,0,2500,0,0,268,Expired,
3067,12526,1,1067,39,youth program 20 sessions,2025-11-02,2025-11-02,2026-01-11,3000,0,3000,0,0,fd1,Expired,
3066,8273,1,LEG-3066,32,20 sessions,2025-11-02,2025-11-02,2026-01-11,2500,0,2500,0,0,0266,Expired,
3065,12437,1,LEG-3065,33,40 sessions,2025-11-01,2025-11-02,2026-03-08,4000,0,4000,0,0,m264,Expired,
3063,12437,1,LEG-3063,12,3 Months,2025-11-01,2025-11-02,2026-01-31,5000,0,5000,0,0,264,Expired,
3062,2869,1,LEG-3062,30,12 sessions,2025-11-01,2025-11-02,2025-12-14,1800,0,1800,0,0,0262,Expired,
3061,7844,1,1065,20,Morning membership 6am - 1 pm,2025-11-01,2025-11-10,2026-12-25,8500,0,8500,0,0,0260,Active,
3060,12501,1,1064,26,Marines,2025-11-01,2025-11-10,2026-11-10,10500,0,10500,0,0,0259,Active,
3059,9550,1,LEG-3059,15,6 months,2025-11-01,2025-11-01,2026-05-30,8800,0,3500,5300,0,0261,Expired,
3058,9082,1,LEG-3058,30,12 sessions,2025-11-01,2025-11-01,2025-12-13,1800,0,1800,0,0,257,Expired,
3057,2026,1,291,17,annual membership,2025-11-01,2025-11-13,2027-03-13,12800,0,12800,0,0,256,Active,
3056,4410,1,LEG-3056,12,3 Months,2025-11-01,2025-11-01,2026-01-30,5000,0,5000,0,0,0254,Expired,
3055,12474,1,1062,20,Morning membership 6am - 1 pm,2025-10-31,2025-11-01,2026-11-01,7000,0,7000,0,0,252,Active,بيتمرن مع كوتش اونلاين
3054,4692,1,LEG-3054,32,20 sessions,2025-10-31,2025-11-01,2026-01-10,2500,0,2500,0,0,251,Expired,
3053,12467,1,1061,38,youth program 10 sessions,2025-10-31,2025-11-01,2025-12-13,2000,0,2000,0,0,249,Expired,
3052,5850,1,1060,17,annual membership,2025-10-31,2025-11-08,2027-01-02,14000,0,7400,6600,200,250,Active,
3051,2407,1,LEG-3051,32,20 sessions,2025-10-31,2025-10-31,2026-01-09,2500,0,2500,0,0,0248,Expired,
3050,8334,1,LEG-3050,17,annual membership,2025-10-30,2025-11-01,2026-12-13,12800,0,12800,0,0,0246,Active,
3049,11656,1,LEG-3049,44,Nutrition 8 sessions,2025-10-30,2025-10-31,2026-01-29,1650,0,1650,0,0,,Expired,
3048,9160,1,1059,17,annual membership,2025-10-30,2025-11-15,2027-01-14,12800,0,2000,10800,0,244,Active,
3047,12126,1,LEG-3047,49,1 month full classes,2025-10-30,2025-10-30,2025-11-29,1000,0,1000,0,0,0243,Expired,
3046,4315,1,LEG-3046,17,annual membership,2025-10-30,2025-11-01,2026-12-31,10500,0,10500,0,0,0242,Active,
3045,5962,1,LEG-3045,15,6 months,2025-10-30,2025-10-30,2026-04-28,8800,0,8800,0,0,0241,Expired,
3044,4230,1,LEG-3044,32,20 sessions,2025-10-30,2025-10-30,2026-01-08,2500,0,2500,0,0,0239,Expired,
3043,3809,1,LEG-3043,32,20 sessions,2025-10-30,2025-10-30,2026-01-08,2500,0,2500,0,0,236,Expired,
3042,10812,1,916,33,40 sessions,2025-10-30,2025-11-01,2026-03-07,4400,0,4400,0,0,0234,Expired,
3041,11722,1,LEG-3041,49,1 month full classes,2025-10-30,2025-11-03,2025-12-03,1000,0,1000,0,0,0233,Expired,
3040,7347,1,LEG-3040,32,20 sessions,2025-10-30,2025-10-23,2026-01-01,2500,0,2500,0,0,0232,Expired,
3039,12362,1,1055,17,annual membership,2025-10-29,2025-10-29,2026-10-29,12800,0,12800,0,0,231,Active,
3038,11240,1,1054,17,annual membership,2025-10-29,2026-03-01,2027-03-25,14000,0,4200,9800,0,0230,Freezed,
3037,11668,1,995,32,20 sessions,2025-10-29,2025-10-29,2026-01-07,2500,0,2500,0,0,0229,Expired,
3036,11656,1,LEG-3036,32,20 sessions,2025-10-29,2025-10-29,2026-01-07,2500,0,2500,0,0,0228,Expired,
3035,8156,1,LEG-3035,33,40 sessions,2025-10-29,2025-10-30,2026-03-05,4000,0,1000,3000,0,0226,Expired,
3034,8148,1,LEG-3034,32,20 sessions,2025-10-29,2025-10-29,2026-02-06,2500,0,2500,0,0,Fd,Expired,
3033,6702,1,1045,17,annual membership,2025-10-29,2025-10-29,2026-10-29,14000,0,2000,12000,12000,0225,Cancelled,@Cancelled
3032,4236,1,LEG-3032,39,youth program 20 sessions,2025-10-29,2025-10-28,2026-01-06,3000,0,2250,750,0,217,Expired,
3031,6243,1,1053,17,annual membership,2025-10-29,2025-10-29,2026-10-29,16200,0,2700,13500,2700,223,Active,
3030,12333,1,1052,17,annual membership,2025-10-29,2025-11-02,2026-11-02,12800,0,6400,6400,0,0221,Active,
3029,12332,1,1051,17,annual membership,2025-10-29,2025-10-29,2026-10-29,12800,0,12800,0,0,0220,Active,
3028,4805,1,LEG-3028,17,annual membership,2025-10-28,2025-11-01,2026-11-16,12800,0,12800,0,0,0219,Active,
3027,12359,1,1049,17,annual membership,2025-10-28,2025-10-28,2026-10-28,12800,0,12800,0,0,0218,Active,
3026,7504,1,LEG-3026,39,youth program 20 sessions,2025-10-28,2025-10-28,2026-01-06,3000,0,3000,0,0,0200,Expired,
3025,12351,1,1048,39,youth program 20 sessions,2025-10-28,2025-10-28,2026-01-06,3000,0,3000,0,0,0214,Expired,
3024,11421,1,974,45,Nutrition 12 sessions,2025-10-28,2025-10-28,2026-02-25,1920,0,1920,0,0,,Expired,
3023,6079,1,LEG-3023,32,20 sessions,2025-10-28,2025-10-29,2026-01-07,2500,0,2500,0,0,211,Expired,
3022,12345,1,1047,17,annual membership,2025-10-28,2025-10-28,2026-10-28,12800,0,12800,0,0,212,Active,
3021,5334,1,LEG-3021,32,20 sessions,2025-10-28,2025-10-28,2026-01-06,2500,0,1000,1500,0,0210,Expired,
3020,12110,1,LEG-3020,12,3 Months,2025-10-28,2025-11-01,2026-02-16,5000,0,5000,0,0,0209,Expired,
3019,5231,1,LEG-3019,32,20 sessions,2025-10-28,2025-10-27,2026-01-05,2500,0,2500,0,0,202,Expired,
3018,3756,1,LEG-3018,30,12 sessions,2025-10-27,2025-10-28,2025-12-09,1800,0,1800,0,0,0208,Expired,
3017,6702,1,LEG-3017,49,1 month full classes,2025-10-27,2025-10-30,2025-11-29,1000,0,1000,0,0,0198,Expired,
3016,6897,1,1044,49,1 month full classes,2025-10-27,2025-10-29,2025-11-28,1000,0,1000,0,0,199,Expired,
3015,6024,1,LEG-3015,32,20 sessions,2025-10-27,2025-11-01,2026-01-10,2500,0,2500,0,0,0207,Expired,
3014,6657,1,LEG-3014,43,Nutrition 4 sessions,2025-10-27,2025-10-27,2025-12-11,950,0,950,0,0,,Expired,
3013,10834,1,942,8,1 month,2025-10-27,2025-10-27,2025-11-26,3000,0,3000,0,0,0203,Expired,
3012,4024,1,251,17,annual membership,2025-10-27,2025-11-01,2026-12-01,12800,0,12800,0,0,0201,Active,
3011,9123,1,786,33,40 sessions,2025-10-27,2025-11-10,2026-03-16,4400,0,4400,0,0,0196,Expired,
3010,10197,1,1043,20,Morning membership 6am - 1 pm,2025-10-27,2025-11-03,2026-12-23,8500,0,8500,0,0,0195,Freezed,
3009,9338,1,788,15,6 months,2025-10-27,2025-10-29,2026-05-15,10000,0,10000,0,0,0194,Expired,
3008,11200,1,1042,46,4 sessions classes,2025-10-26,2025-11-04,2025-12-04,450,0,450,0,0,0186,Expired,
3007,10127,1,LEG-3007,17,annual membership,2025-10-26,2025-11-01,2026-12-01,14000,0,14000,0,0,0193,Active,
3006,11694,1,1040,12,3 Months,2025-10-26,2025-11-01,2026-01-30,5000,0,1000,4000,0,0192,Expired,
3005,8661,1,LEG-3005,12,3 Months,2025-10-26,2025-10-26,2026-01-24,5000,0,4000,1000,0,0190,Expired,
3003,12268,1,1039,46,4 sessions classes,2025-10-26,2025-11-04,2025-12-04,450,0,450,0,0,0187,Expired,
3002,4565,1,LEG-3002,32,20 sessions,2025-10-26,2025-10-26,2026-01-04,2500,0,2500,0,0,0189,Expired,
3001,5135,1,358,20,Morning membership 6am - 1 pm,2025-10-26,2025-10-26,2026-11-30,8500,0,8500,0,0,0184,Active,
3000,12262,1,LEG-3000,33,40 sessions,2025-10-26,2025-10-27,2026-03-02,4000,0,4000,0,0,mm0183,Expired,
2999,12262,1,LEG-2999,12,3 Months,2025-10-26,2025-10-27,2026-01-25,5000,0,5000,0,0,0183,Expired,
2998,12135,1,1037,17,annual membership,2025-10-25,2026-05-18,2027-05-18,12800,0,9500,3300,0,0182,Active,paid 200$+400LE dayuse
2997,10898,1,931,31,16 sessions,2025-10-25,2025-10-25,2025-12-20,2200,0,2200,0,0,0181,Expired,
2996,6078,1,LEG-2996,32,20 sessions,2025-10-25,2025-10-30,2026-01-08,2500,0,2500,0,0,0180,Expired,
2995,8156,1,LEG-2995,12,3 Months,2025-10-25,2025-10-28,2026-01-26,5000,0,5000,0,0,179,Expired,
2994,11376,1,1035,17,annual membership,2025-10-25,2025-10-25,2027-02-12,12800,0,12800,0,0,0177,Freezed,
2993,4182,1,279,17,annual membership,2025-10-25,2025-10-25,2026-11-28,12800,0,12800,0,0,0179,Freezed,
2992,10273,1,LEG-2992,29,8 sessions,2025-10-25,2025-10-25,2025-11-29,1350,0,1350,0,0,0173,Expired,
2991,5035,1,LEG-2991,15,6 months,2025-10-25,2026-04-10,2026-10-07,8800,0,8800,0,0,0171,Active,
2990,10411,1,LEG-2990,17,annual membership,2025-10-25,2025-10-25,2026-11-08,14000,0,14000,0,0,0170,Freezed,
2989,12229,1,LEG-2989,12,3 Months,2025-10-25,2025-10-31,2026-01-29,5000,0,5000,0,0,0169,Expired,
2988,6286,1,512,32,20 sessions,2025-10-25,2025-10-25,2026-01-03,2500,0,2500,0,0,0167,Expired,
2987,9724,1,1032,12,3 Months,2025-10-24,2025-11-01,2026-01-30,5000,0,2500,2500,0,0160,Expired,
2986,4314,1,1031,8,1 month,2025-10-24,2025-10-24,2025-11-23,2200,0,2200,0,0,0164,Expired,
2985,5833,1,LEG-2985,32,20 sessions,2025-10-24,2025-10-24,2026-01-02,2500,0,2500,0,0,0163,Expired,
2984,5833,1,LEG-2984,15,6 months,2025-10-24,2025-10-24,2026-04-22,8800,0,8800,0,0,0162,Expired,
2983,4396,1,376,12,3 Months,2025-10-23,2025-10-23,2026-01-21,5000,0,2000,3000,3000,0158,Expired,
2981,2985,1,LEG-2981,12,3 Months,2025-10-23,2025-10-23,2026-02-04,5000,0,5000,0,0,0155,Expired,
2980,6153,1,LEG-2980,32,20 sessions,2025-10-23,2025-10-23,2026-01-01,2500,0,2500,0,0,0154,Expired,
2979,5790,1,LEG-2979,12,3 Months,2025-10-23,2025-10-23,2026-02-04,5000,0,5000,0,0,0153,Expired,
2978,7159,1,LEG-2978,15,6 months,2025-10-23,2025-11-01,2026-05-07,8800,0,8800,0,0,0150,Expired,
2977,7813,1,1029,17,annual membership,2025-10-22,2025-10-22,2026-10-22,12800,0,12800,0,0,0149,Active,
2976,9431,1,LEG-2976,32,20 sessions,2025-10-22,2025-10-22,2025-12-31,2500,0,2500,0,0,0148,Expired,
2975,10112,1,1028,15,6 months,2025-10-22,2025-10-23,2026-04-21,8800,0,4400,4400,0,0147,Expired,
2974,10746,1,924,32,20 sessions,2025-10-22,2025-10-22,2026-01-21,2500,0,2500,0,0,0146,Expired,
2973,12063,1,1027,20,Morning membership 6am - 1 pm,2025-10-22,2025-10-27,2026-11-26,8500,0,1000,7500,0,0145,Active,
2972,11981,1,1026,12,3 Months,2025-10-22,2025-10-25,2026-01-23,6500,0,6500,0,0,0143,Expired,
2971,11336,1,1025,12,3 Months,2025-10-21,2025-10-22,2026-02-03,5000,0,5000,0,0,0142,Expired,
2970,7836,1,646,12,3 Months,2025-10-21,2025-10-21,2026-02-02,5000,0,5000,0,0,0141,Expired,
2969,7517,1,1024,12,3 Months,2025-10-21,2025-10-22,2026-01-20,5000,0,5000,0,0,0140,Expired,
2968,3862,1,LEG-2968,32,20 sessions,2025-10-21,2025-10-22,2025-12-31,2500,0,2500,0,0,0139,Expired,
2967,11362,1,973,32,20 sessions,2025-10-21,2025-10-19,2025-12-28,2500,0,2500,0,0,0136,Expired,
2966,11420,1,972,32,20 sessions,2025-10-21,2025-10-19,2025-12-28,2500,0,2500,0,0,0135,Expired,
2965,7550,1,LEG-2965,17,annual membership,2025-10-21,2025-11-18,2027-01-17,12800,0,12800,0,0,0134,Active,
2964,4918,1,701,12,3 Months,2025-10-21,2025-11-06,2026-02-04,5000,0,5000,0,0,0133,Expired,
2963,8693,1,LEG-2963,46,4 sessions classes,2025-10-20,2025-10-25,2025-11-24,450,0,450,0,0,0130,Expired,
2962,11483,1,1022,12,3 Months,2025-10-20,2025-10-21,2026-01-19,5000,0,5000,0,0,0131,Expired,
2961,8017,1,LEG-2961,47,8 sessions classes,2025-10-20,2025-10-20,2025-11-19,700,0,700,0,0,0128,Expired,
2960,7604,1,LEG-2960,47,8 sessions classes,2025-10-20,2025-10-20,2025-11-19,700,0,700,0,0,0127,Expired,
2959,5228,1,LEG-2959,49,1 month full classes,2025-10-20,2025-10-20,2025-11-19,1000,0,1000,0,0,0126,Expired,
2958,11529,1,998,33,40 sessions,2025-10-20,2025-10-20,2026-02-23,4400,0,2200,2200,0,0124,Expired,
2957,9745,1,1019,20,Morning membership 6am - 1 pm,2025-10-19,2025-11-05,2027-02-03,8500,0,500,8000,0,0123,Active,
2956,9744,1,1018,20,Morning membership 6am - 1 pm,2025-10-19,2025-11-05,2027-02-03,8500,0,500,8000,0,0122,Active,
2955,8335,1,LEG-2955,32,20 sessions,2025-10-19,2025-10-21,2025-12-30,2500,0,2500,0,0,0120,Expired,
2954,3564,1,LEG-2954,12,3 Months,2025-10-19,2025-10-20,2026-01-18,5000,0,5000,0,0,0119,Expired,
2953,10273,1,LEG-2953,12,3 Months,2025-10-19,2025-10-20,2026-01-18,5000,0,3000,2000,0,0118,Expired,
2952,11421,1,LEG-2952,32,20 sessions,2025-10-19,2025-10-19,2025-12-28,2500,0,2500,0,0,0117,Expired,
2951,11887,1,1014,36,head coach 20 sessions,2025-10-19,2025-10-19,2025-12-28,3000,0,3000,0,0,M0113,Expired,
2950,5139,1,LEG-2950,32,20 sessions,2025-10-19,2025-10-19,2025-12-28,2500,0,2500,0,0,0115,Expired,
2949,12016,1,LEG-2949,38,youth program 10 sessions,2025-10-19,2025-10-22,2025-12-03,2000,0,2000,0,0,0114,Expired,
2948,11887,1,LEG-2948,12,3 Months,2025-10-19,2025-10-19,2026-01-17,6500,0,6500,0,0,0113,Expired,
2947,9772,1,LEG-2947,12,3 Months,2025-10-18,2025-10-18,2026-01-21,5000,0,5000,0,0,0109,Expired,
2946,11986,1,1012,12,3 Months,2025-10-18,2025-10-18,2026-01-16,6500,0,6500,0,0,0108,Expired,
2945,5236,1,1011,17,annual membership,2025-10-17,2025-10-18,2026-10-18,14000,0,14000,0,0,0106,Active,
2944,1300,1,178,12,3 Months,2025-10-17,2025-11-24,2026-03-02,5000,0,500,4500,0,0105,Expired,
2943,9141,1,LEG-2943,32,20 sessions,2025-10-17,2025-10-17,2025-12-26,2500,0,2500,0,0,0103,Expired,
2942,7734,1,1010,17,annual membership,2025-10-16,2025-10-16,2026-10-16,12800,0,12800,0,0,0102,Active,
2941,1690,1,446,17,annual membership,2025-10-16,2025-10-16,2026-10-16,12800,0,6400,6400,0,0101,Active,
2940,7561,1,LEG-2940,33,40 sessions,2025-10-16,2025-10-16,2026-02-19,4000,0,4000,0,0,m0100,Expired,
2939,7561,1,LEG-2939,12,3 Months,2025-10-16,2025-10-16,2026-01-28,5000,0,5000,0,0,0100,Expired,
2938,6621,1,LEG-2938,48,12 sessions classes,2025-10-16,2025-10-16,2025-11-15,850,0,850,0,0,098,Expired,
2937,11921,1,1009,12,3 Months,2025-10-16,2025-10-18,2026-01-16,5000,0,5000,0,0,097,Expired,
2936,5334,1,LEG-2936,30,12 sessions,2025-10-16,2025-10-16,2025-11-27,1800,0,1800,0,0,095,Expired,
2935,8257,1,LEG-2935,45,Nutrition 12 sessions,2025-10-16,2025-10-16,2026-02-13,1920,0,1920,0,0,,Expired,
2934,11307,1,LEG-2934,30,12 sessions,2025-10-16,2025-10-16,2025-11-27,1800,0,1800,0,0,092,Expired,
2933,4822,1,477,39,youth program 20 sessions,2025-10-15,2025-10-14,2025-12-23,3000,0,3000,0,0,090,Expired,
2932,11570,1,LEG-2932,32,20 sessions,2025-10-15,2025-10-15,2025-12-24,2500,0,2500,0,0,091,Expired,
2930,4788,1,1008,8,1 month,2025-10-15,2025-10-15,2025-11-14,2200,0,2200,0,0,089,Expired,
2929,4692,1,LEG-2929,15,6 months,2025-10-14,2025-10-15,2026-04-13,8800,0,4400,4400,0,084,Expired,
2928,4441,1,LEG-2928,12,3 Months,2025-10-14,2025-10-14,2026-01-26,5000,0,5000,0,0,082,Expired,
2927,10046,1,LEG-2927,38,youth program 10 sessions,2025-10-14,2025-10-14,2025-11-25,2000,0,2000,0,0,080,Expired,
2926,6044,1,LEG-2926,49,1 month full classes,2025-10-13,2025-10-16,2025-11-15,1000,0,1000,0,0,078,Expired,
2925,11805,1,1007,17,annual membership,2025-10-13,2025-10-15,2026-10-15,10500,0,10500,0,0,077,Active,EXP
2924,9532,1,799,32,20 sessions,2025-10-13,2025-10-15,2025-12-24,2500,0,2500,0,0,076,Expired,
2923,11593,1,LEG-2923,17,annual membership,2025-10-13,2025-10-29,2026-10-29,12800,0,3000,9800,0,074,Active,
2922,4035,1,235,8,1 month,2025-10-13,2025-10-13,2025-11-12,2200,0,2200,0,0,073,Expired,
2921,11567,1,1005,12,3 Months,2025-10-13,2025-10-13,2026-01-11,5000,0,5000,0,0,071,Expired,
2920,11771,1,LEG-2920,48,12 sessions classes,2025-10-13,2025-10-13,2025-11-12,850,0,850,0,0,070,Expired,
2919,4031,1,LEG-2919,29,8 sessions,2025-10-13,2025-10-14,2025-11-18,1350,0,1350,0,0,062,Expired,
2918,11762,1,1003,8,1 month,2025-10-13,2025-10-13,2025-11-12,3000,0,3000,0,0,068,Expired,
2917,9594,1,881,32,20 sessions,2025-10-13,2025-10-13,2025-12-22,2500,0,1250,1250,50,067,Expired,
2916,11767,1,1000,29,8 sessions,2025-10-12,2025-10-13,2025-11-17,1350,0,1350,0,0,m061,Expired,
2915,5139,1,LEG-2915,17,annual membership,2025-10-12,2025-10-14,2026-10-21,12800,0,6500,6300,0,065,Active,
2914,11198,1,LEG-2914,12,3 Months,2025-10-12,2025-11-01,2026-01-30,6500,0,4000,2500,0,064,Expired,
2913,11767,1,LEG-2913,17,annual membership,2025-10-12,2025-10-13,2027-01-11,12800,0,2000,10800,0,061,Freezed,
2912,4289,1,LEG-2912,47,8 sessions classes,2025-10-12,2025-10-12,2025-11-11,700,0,700,0,0,060,Expired,
2911,11341,1,999,12,3 Months,2025-10-12,2025-10-23,2026-01-21,5000,0,5000,0,0,058,Cancelled,@Cancelled
2910,4040,1,LEG-2910,17,annual membership,2025-10-12,2025-10-12,2026-10-12,12000,0,12000,0,0,057,Active,
2909,2088,1,LEG-2909,33,40 sessions,2025-10-12,2025-10-12,2026-02-15,2200,0,2200,0,0,048,Expired,
2908,11529,1,LEG-2908,20,Morning membership 6am - 1 pm,2025-10-12,2025-10-13,2026-12-12,8500,0,8500,0,0,054,Active,
2907,11308,1,LEG-2907,30,12 sessions,2025-10-12,2025-10-12,2025-11-23,1800,0,1800,0,0,053,Expired,
2906,11545,1,997,17,annual membership,2025-10-11,2025-10-11,2026-10-11,12800,0,12800,0,0,047,Active,
2905,11042,1,LEG-2905,32,20 sessions,2025-10-11,2025-10-11,2025-12-20,2500,0,2500,0,0,045,Expired,
2904,11534,1,996,17,annual membership,2025-10-11,2025-10-11,2026-10-21,12800,0,12800,0,0,044,Active,
2903,2732,1,LEG-2903,33,40 sessions,2025-10-10,2025-11-09,2026-04-14,4400,0,4400,0,0,042,Expired,
2902,5064,1,LEG-2902,17,annual membership,2025-10-09,2025-10-10,2026-10-10,12800,0,12800,0,0,039,Active,
2901,10725,1,926,45,Nutrition 12 sessions,2025-10-09,2025-10-09,2026-02-06,1920,0,1920,0,0,,Expired,
2900,11668,1,LEG-2900,15,6 months,2025-10-09,2025-10-10,2026-05-08,8800,0,8800,0,0,036,Expired,
2899,11667,1,994,15,6 months,2025-10-09,2025-10-09,2026-04-17,8800,0,8800,0,0,035,Expired,
2898,11656,1,LEG-2898,15,6 months,2025-10-09,2025-10-10,2026-05-07,8800,0,8800,0,0,034,Expired,
2897,5688,1,LEG-2897,33,40 sessions,2025-10-09,2025-10-10,2026-02-13,4000,0,4000,0,0,mm32,Expired,
2896,5688,1,LEG-2896,17,annual membership,2025-10-09,2025-10-10,2026-10-22,12800,0,12800,0,0,032,Active,
2895,5127,1,992,17,annual membership,2025-10-09,2025-10-09,2026-11-19,16200,0,2700,13500,0,030,Active,
2894,7001,1,LEG-2894,32,20 sessions,2025-10-08,2025-10-08,2025-12-17,2500,0,2500,0,0,029,Expired,
2893,6657,1,LEG-2893,32,20 sessions,2025-10-08,2025-10-08,2025-12-17,2500,0,2500,0,0,028,Expired,instapay
2892,7161,1,LEG-2892,32,20 sessions,2025-10-08,2025-10-08,2025-12-17,2500,0,2500,0,0,027,Expired,
2891,11365,1,991,20,Morning membership 6am - 1 pm,2025-10-08,2025-10-21,2026-10-21,8500,0,8500,0,0,023,Active,
2890,11591,1,990,17,annual membership,2025-10-07,2025-10-08,2026-11-06,12800,0,12800,0,0,022,Active,student annual offer
2889,11571,1,989,12,3 Months,2025-10-07,2025-10-12,2026-01-24,5000,1500,2500,1000,0,021,Expired,exp dr fadi
2888,11602,1,988,12,3 Months,2025-10-07,2025-10-08,2026-01-06,6500,0,6500,0,0,020,Expired,انيستاباى
2887,301,1,LEG-2887,15,6 months,2025-10-07,2025-10-07,2026-04-20,10000,0,10000,0,0,019,Expired,
2886,7946,1,LEG-2886,12,3 Months,2025-10-07,2025-10-08,2026-01-20,5000,0,5000,0,0,018,Expired,
2885,11570,1,LEG-2885,17,annual membership,2025-10-06,2025-10-07,2026-11-03,14000,0,14000,0,0,017,Active,سددت 14000 فيزا
2884,11468,1,LEG-2884,11,2 months,2025-10-06,2025-10-06,2025-12-05,4200,0,4200,0,0,016,Expired,
2883,5224,1,983,8,1 month,2025-10-06,2025-10-06,2025-11-05,3000,0,3000,0,0,014,Expired,
2882,11488,1,982,8,1 month,2025-10-06,2025-10-06,2025-11-05,2200,0,2200,0,0,013,Expired,exp dr fadi **  سدد 300 ايصال 4987 + 1900 انيستاباى
2881,8567,1,836,46,4 sessions classes,2025-10-05,2025-10-05,2025-11-04,450,0,450,0,0,010,Expired,انيستاباى
2880,11179,1,981,12,3 Months,2025-10-05,2025-10-05,2026-01-11,6500,0,6500,0,0,012345678,Expired,
2879,11537,1,LEG-2879,46,4 sessions classes,2025-10-05,2025-10-05,2025-11-04,450,0,450,0,0,01234567,Expired,
2878,11536,1,LEG-2878,46,4 sessions classes,2025-10-05,2025-10-05,2025-11-04,450,0,450,0,0,0123456,Expired,انيستاباى
2877,3901,1,LEG-2877,43,Nutrition 4 sessions,2025-10-05,2025-10-05,2025-11-19,950,0,950,0,0,,Expired,
2876,8240,1,LEG-2876,33,40 sessions,2025-10-04,2025-11-03,2026-03-09,4000,0,4000,0,0,p12345,Expired,سدد انيستا و تم طباعة ايصال من البرنامج
2875,8240,1,LEG-2875,12,3 Months,2025-10-04,2025-10-26,2026-01-24,5000,0,5000,0,0,12345,Expired,سدد 9000 انيستاباى و تم طباعة ايصال من البرنامج
2874,8941,1,LEG-2874,32,20 sessions,2025-10-04,2025-10-06,2025-12-15,2500,0,2500,0,0,5000,Expired,
2873,6079,1,LEG-2873,29,8 sessions,2025-10-04,2025-10-04,2025-11-08,1350,0,1350,0,0,4999,Expired,
2872,5082,1,LEG-2872,32,20 sessions,2025-10-04,2025-10-04,2025-12-13,2500,0,2500,0,0,4998,Expired,
2871,6869,1,LEG-2871,49,1 month full classes,2025-10-04,2025-10-04,2025-11-03,1000,0,1000,0,0,4997,Expired,
2870,11501,1,978,39,youth program 20 sessions,2025-10-04,2025-10-08,2025-12-17,3000,0,3000,0,0,4996,Expired,كوتش حجازى لحين توزيعها
2869,3869,1,183,15,6 months,2025-10-04,2025-10-04,2026-04-27,8800,0,8800,0,0,04992,Expired,
2868,1516,1,LEG-2868,12,3 Months,2025-10-04,2025-10-04,2026-01-02,5000,0,5000,0,0,4990,Expired,
2867,11462,1,LEG-2867,39,youth program 20 sessions,2025-10-03,2025-10-03,2025-12-12,3000,0,1800,1200,0,4982,Expired,حجازى لحين توزيعة
2866,11042,1,LEG-2866,17,annual membership,2025-10-03,2025-10-03,2026-11-23,14000,0,14000,0,0,4981,Active,سددت 14000 فيزا ايصال 4981
2865,8188,1,975,20,Morning membership 6am - 1 pm,2025-10-03,2025-10-04,2026-10-04,8500,0,8500,0,0,4979,Active,
2864,1818,1,LEG-2864,33,40 sessions,2025-10-02,2025-10-02,2026-02-05,4400,0,4400,0,0,4977,Expired,
2863,11421,1,LEG-2863,17,annual membership,2025-10-02,2025-10-04,2026-10-04,12800,0,2000,10800,0,4976,Active,
2862,11362,1,LEG-2862,17,annual membership,2025-10-02,2025-10-04,2026-10-04,12800,0,2000,10800,0,4974,Active,
2861,11420,1,LEG-2861,17,annual membership,2025-10-02,2025-10-04,2026-10-04,12800,0,2000,10800,0,4975,Active,
2860,11414,1,971,33,40 sessions,2025-10-02,2025-10-04,2026-02-07,4000,0,4000,0,0,m4971,Expired,
2859,11414,1,LEG-2859,12,3 Months,2025-10-02,2025-10-13,2026-02-24,5000,0,5000,0,0,04971,Expired,
2858,11392,1,970,8,1 month,2025-10-01,2025-10-01,2025-10-31,3000,0,3000,0,0,4968,Expired,
2857,11310,1,LEG-2857,8,1 month,2025-10-01,2025-10-01,2025-10-31,3000,0,3000,0,0,4967,Expired,no need
2856,7175,1,LEG-2856,30,12 sessions,2025-10-01,2025-10-01,2025-11-12,1800,0,1800,0,0,4965,Expired,
2855,5070,1,372,15,6 months,2025-10-01,2025-10-01,2026-04-29,8800,0,8800,0,0,4962,Expired,
2854,11283,1,LEG-2854,17,annual membership,2025-10-01,2025-10-01,2026-10-01,12800,0,6400,6400,0,4959,Active,
2853,851,1,LEG-2853,32,20 sessions,2025-10-01,2025-10-01,2025-12-10,2500,0,2500,0,0,4958,Expired,
2852,10517,1,967,17,annual membership,2025-09-30,2025-09-30,2026-11-23,12800,0,12800,0,0,4957,Active,exp dr fadi
2851,11290,1,LEG-2851,17,annual membership,2025-09-30,2025-09-30,2026-11-29,12800,0,12800,0,0,4931,Active,exp dr : fadi
2850,3892,1,215,15,6 months,2025-09-30,2025-09-30,2026-04-28,8800,0,8800,0,0,4956,Expired,
2849,9657,1,LEG-2849,32,20 sessions,2025-09-30,2025-10-10,2025-12-19,2500,0,1000,1500,0,4955,Expired,
2848,5540,1,416,12,3 Months,2025-09-30,2025-09-30,2026-01-12,5000,0,1400,3600,0,4954,Expired,سددت 400  day use  ايصال :4953+ 1000ايصال 4954
2847,8347,1,677,30,12 sessions,2025-09-30,2025-10-07,2025-12-02,1800,0,1800,0,0,4951,Expired,
2846,6150,1,LEG-2846,30,12 sessions,2025-09-30,2025-09-30,2025-11-11,1800,0,1800,0,0,4952,Expired,
2845,5928,1,526,27,1 session,2025-09-30,2025-09-30,2025-10-01,250,0,250,0,0,4949,Expired,
2844,9496,1,790,32,20 sessions,2025-09-30,2025-09-30,2025-12-09,1750,0,1750,0,0,4946,Expired,
2843,11331,1,965,12,3 Months,2025-09-30,2025-10-01,2026-01-13,5000,0,5000,0,0,4943,Expired,
2842,8257,1,LEG-2842,32,20 sessions,2025-09-30,2025-09-30,2025-12-09,2500,0,2500,0,0,4941,Expired,
2841,11311,1,964,15,6 months,2025-09-30,2025-10-01,2026-04-29,10000,0,10000,0,0,4942,Expired,
2840,5928,1,LEG-2840,27,1 session,2025-09-29,2025-09-29,2025-09-30,250,0,250,0,0,4932,Expired,
2839,8355,1,963,20,Morning membership 6am - 1 pm,2025-09-29,2025-10-01,2026-10-01,8500,0,4000,4500,4500,4940,Cancelled,@Cancelled
2838,11308,1,LEG-2838,12,3 Months,2025-09-29,2025-10-02,2026-01-14,5000,0,5000,0,0,4939,Expired,exp dr fadi
2837,11307,1,LEG-2837,12,3 Months,2025-09-29,2025-10-02,2025-12-31,5000,0,5000,0,0,4938,Expired,exp dr fadi
2836,11306,1,960,12,3 Months,2025-09-29,2025-09-29,2025-12-28,5000,0,5000,0,0,4937,Cancelled,exp dr : fadi@Cancelled
2835,11266,1,959,8,1 month,2025-09-29,2025-09-29,2025-10-29,1500,0,1500,0,0,4934,Expired,1 week
2834,11255,1,958,12,3 Months,2025-09-29,2025-09-29,2025-12-28,5000,0,5000,0,0,4933,Expired,exp dr fadi
2833,6723,1,LEG-2833,43,Nutrition 4 sessions,2025-09-29,2025-09-29,2025-11-13,950,0,950,0,0,,Expired,
2832,6853,1,957,12,3 Months,2025-09-29,2025-09-30,2026-01-12,5000,0,5000,0,0,4929,Expired,
2831,4478,1,LEG-2831,32,20 sessions,2025-09-29,2025-09-29,2025-12-08,2500,0,2500,0,0,4930,Expired,
2830,10547,1,LEG-2830,32,20 sessions,2025-09-29,2025-10-01,2026-01-09,2500,0,2500,0,0,4928,Expired,
2829,11248,1,956,12,3 Months,2025-09-29,2025-09-29,2026-01-03,5000,0,5000,0,0,4926,Expired,
2828,10647,1,LEG-2828,33,40 sessions,2025-09-29,2025-09-29,2026-05-03,4400,0,4400,0,0,4925,Expired,
2827,11217,1,955,12,3 Months,2025-09-28,2025-09-28,2025-12-27,5000,0,2500,2500,2500,4923,Expired,
2826,9379,1,772,39,youth program 20 sessions,2025-09-28,2025-09-28,2025-12-07,3000,0,3000,0,0,4922,Expired,
2825,6078,1,LEG-2825,29,8 sessions,2025-09-28,2025-09-28,2025-11-02,1350,0,1350,0,0,4920,Expired,
2824,6024,1,LEG-2824,30,12 sessions,2025-09-28,2025-09-28,2025-11-09,1800,0,1800,0,0,4919,Expired,
2823,7838,1,LEG-2823,32,20 sessions,2025-09-28,2025-09-28,2025-12-07,2500,0,2500,0,0,4918,Expired,
2822,10626,1,954,46,4 sessions classes,2025-09-28,2025-10-05,2025-11-04,450,0,450,0,0,4915,Expired,
2821,11258,1,LEG-2821,12,3 Months,2025-09-28,2025-09-29,2025-12-28,6500,0,6500,0,0,4914,Expired,
2820,11154,1,LEG-2820,12,3 Months,2025-09-28,2025-09-28,2025-12-27,6500,0,3000,3500,0,4913,Expired,
2819,4700,1,LEG-2819,33,40 sessions,2025-09-28,2025-09-25,2026-01-29,4400,0,4400,0,0,4911,Expired,
2818,4700,1,LEG-2818,15,6 months,2025-09-28,2025-09-25,2026-03-24,8800,0,8800,0,0,4910,Expired,
2817,2407,1,LEG-2817,30,12 sessions,2025-09-28,2025-09-28,2025-11-09,1800,0,1800,0,0,4908,Expired,
2816,8597,1,LEG-2816,46,4 sessions classes,2025-09-28,2025-09-28,2025-10-28,450,0,450,0,0,4909,Expired,
2815,7793,1,LEG-2815,17,annual membership,2025-09-28,2025-09-29,2026-10-20,11800,0,6000,5800,0,4906,Active,
2814,11246,1,950,8,1 month,2025-09-28,2025-09-28,2025-10-28,3000,0,3000,0,0,4905,Expired,passport no as766585
2813,11114,1,949,12,3 Months,2025-09-28,2025-09-28,2026-01-03,5000,0,5000,0,0,4904,Cancelled,@Cancelled
2812,10948,1,LEG-2812,33,40 sessions,2025-09-28,2025-09-28,2026-02-01,4000,0,4000,0,0,04903,Expired,
2811,10948,1,LEG-2811,12,3 Months,2025-09-28,2025-09-28,2025-12-27,5000,0,5000,0,0,4903,Expired,
2810,4023,1,514,32,20 sessions,2025-09-28,2025-09-28,2025-12-07,2500,0,2500,0,0,4901,Expired,
2809,3901,1,LEG-2809,33,40 sessions,2025-09-27,2025-09-28,2026-02-01,4400,0,4400,0,0,4900,Expired,
2808,2620,1,LEG-2808,32,20 sessions,2025-09-27,2025-09-27,2025-12-06,2500,0,1400,1100,0,4899,Expired,
2807,5205,1,947,20,Morning membership 6am - 1 pm,2025-09-27,2025-10-06,2026-10-06,8500,0,3500,5000,0,4898,Active,
2806,1507,1,946,17,annual membership,2025-09-27,2025-10-10,2026-11-09,12800,0,6400,6400,0,4897,Active,
2805,11051,1,945,17,annual membership,2025-09-27,2025-10-10,2026-10-10,12800,0,6400,6400,0,4896,Active,
2804,10969,1,944,17,annual membership,2025-09-27,2025-09-27,2026-09-27,12800,0,6400,6400,0,4895,Active,
2803,7745,1,777,32,20 sessions,2025-09-26,2025-09-26,2025-12-05,2500,0,2500,0,0,4889,Expired,
2802,11131,1,943,8,1 month,2025-09-25,2025-09-25,2025-10-25,3000,0,1000,2000,2000,4888,Expired,
2801,10834,1,LEG-2801,8,1 month,2025-09-25,2025-09-27,2025-10-27,3000,0,3000,0,0,4887,Expired,
2800,7724,1,LEG-2800,39,youth program 20 sessions,2025-09-25,2025-09-27,2025-12-06,3000,0,3000,0,0,4885,Expired,
2799,10995,1,LEG-2799,15,6 months,2025-09-25,2025-10-01,2026-04-13,10000,0,5000,5000,0,4883,Expired,mix&ladies
2798,10605,1,910,28,4 sessions,2025-09-25,2025-10-21,2025-11-18,800,0,800,0,0,,Expired,
2797,7491,1,LEG-2797,32,20 sessions,2025-09-25,2025-09-25,2025-12-04,2500,0,2500,0,0,4881,Expired,
2795,11045,1,938,12,3 Months,2025-09-24,2025-09-25,2025-12-24,5000,0,5000,0,0,4879,Expired,exp dr fadi
2794,11087,1,LEG-2794,12,3 Months,2025-09-24,2025-09-26,2026-01-04,5000,0,5000,0,0,4878,Expired,exp dr fadi
2793,11028,1,936,12,3 Months,2025-09-24,2025-09-26,2025-11-03,5000,0,5000,0,0,4877,Transfered,exp dr fadi
2792,11079,1,935,12,3 Months,2025-09-24,2025-09-24,2025-12-23,6500,0,6500,0,0,4876,Expired,
2791,11074,1,934,8,1 month,2025-09-24,2025-09-25,2025-10-25,3000,0,3000,0,0,4875,Expired,
2790,11072,1,933,17,annual membership,2025-09-24,2025-09-25,2026-09-25,12800,0,12800,0,0,4874,Active,
2789,296,1,932,17,annual membership,2025-09-24,2025-09-25,2026-11-24,12800,0,12800,0,0,4873,Active,
2788,8335,1,LEG-2788,32,20 sessions,2025-09-24,2025-09-24,2025-12-03,2500,0,1000,1500,0,4872,Expired,
2787,10898,1,LEG-2787,12,3 Months,2025-09-23,2025-10-20,2026-02-01,5000,0,5000,0,0,4868,Expired,exp dr fadi
2784,2892,1,928,20,Morning membership 6am - 1 pm,2025-09-22,2025-09-24,2026-10-24,8500,0,3000,5500,1000,4862,Active,
2783,10812,1,LEG-2783,33,40 sessions,2025-09-22,2025-09-27,2026-01-31,4400,0,4400,0,0,4861,Expired,
2782,3756,1,LEG-2782,30,12 sessions,2025-09-22,2025-09-22,2025-11-03,1800,0,1800,0,0,4860,Expired,
2781,10903,1,927,20,Morning membership 6am - 1 pm,2025-09-22,2025-09-24,2026-09-24,8500,0,1000,7500,0,4858,Active,
2780,4354,1,298,12,3 Months,2025-09-22,2025-09-22,2025-12-21,5000,0,5000,0,0,04857,Expired,
2779,9866,1,840,44,Nutrition 8 sessions,2025-09-21,2025-09-22,2025-12-21,1650,0,1650,0,0,,Expired,
2778,10725,1,LEG-2778,33,40 sessions,2025-09-21,2025-09-22,2026-01-26,4000,0,4000,0,0,p 4852,Expired,مسجلة مع كوتش حجازى لحين توزيعها
2777,10725,1,LEG-2777,15,6 months,2025-09-21,2025-09-22,2026-03-28,8800,0,5000,3800,0,4852,Expired,
2776,10625,1,925,46,4 sessions classes,2025-09-21,2025-09-21,2025-10-21,450,0,450,0,0,4849,Expired,
2775,3771,1,151,15,6 months,2025-09-21,2025-09-21,2026-03-20,8800,0,6000,2800,0,4847,Expired,
2774,8661,1,LEG-2774,35,head coach12 sessions,2025-09-21,2025-09-21,2025-11-02,2200,0,2200,0,0,4846,Expired,
2773,9254,1,LEG-2773,47,8 sessions classes,2025-09-21,2025-09-21,2025-10-21,800,0,800,0,0,4845,Expired,
2772,10746,1,LEG-2772,17,annual membership,2025-09-21,2025-10-05,2026-11-09,10500,0,10500,0,0,4844,Active,
2771,10896,1,923,12,3 Months,2025-09-20,2025-09-21,2025-12-20,6500,0,6500,0,0,4842,Expired,
2770,10817,1,LEG-2770,12,3 Months,2025-09-20,2025-09-20,2025-12-19,6500,0,6500,0,0,4843,Expired,
2769,10647,1,LEG-2769,20,Morning membership 6am - 1 pm,2025-09-20,2025-09-21,2026-09-28,8500,0,8500,0,0,4841,Active,
2768,9066,1,759,28,4 sessions,2025-09-20,2025-09-20,2025-10-18,800,0,800,0,0,,Expired,
2767,10880,1,LEG-2767,8,1 month,2025-09-20,2025-09-20,2025-10-20,2200,0,2200,0,0,4838,Expired,
2766,3809,1,LEG-2766,32,20 sessions,2025-09-20,2025-09-20,2025-11-29,2500,0,2500,0,0,4837,Expired,
2765,10875,1,919,8,1 month,2025-09-20,2025-09-20,2025-10-20,1500,0,1500,0,0,4835,Expired,
2764,3294,1,918,17,annual membership,2025-09-19,2025-10-01,2026-08-10,14000,0,14000,0,0,4834,Transfered,
2763,10262,1,917,17,annual membership,2025-09-19,2025-11-26,2026-11-26,14000,0,6000,8000,0,4833,Active,
2762,9434,1,781,37,head coach 40 sessions,2025-09-18,2025-09-18,2025-12-26,5400,0,5400,0,0,4832,Transfered,
2761,5983,1,LEG-2761,31,16 sessions,2025-09-18,2025-09-18,2025-11-13,2200,0,400,1800,0,4831,Expired,
2760,10812,1,LEG-2760,17,annual membership,2025-09-18,2025-09-20,2026-09-27,14000,0,14000,0,0,4830,Active,
2759,10749,1,915,17,annual membership,2025-09-18,2025-09-18,2026-11-17,14000,0,14000,0,0,4829,Freezed,
2758,10046,1,LEG-2758,38,youth program 10 sessions,2025-09-18,2025-09-18,2025-10-30,2000,0,2000,0,0,4828,Expired,
2757,4027,1,LEG-2757,32,20 sessions,2025-09-17,2025-09-17,2025-11-26,2500,0,2500,0,0,4826,Expired,
2756,2495,1,LEG-2756,43,Nutrition 4 sessions,2025-09-17,2025-09-17,2025-11-01,950,0,950,0,0,,Expired,
2755,7856,1,LEG-2755,12,3 Months,2025-09-17,2025-09-17,2025-12-16,5000,0,5000,0,0,4823,Expired,
2754,2407,1,LEG-2754,15,6 months,2025-09-17,2025-09-18,2026-04-16,8800,0,5000,3800,0,4822,Expired,
2753,6083,1,LEG-2753,30,12 sessions,2025-09-17,2025-09-17,2025-10-29,1800,0,1800,0,0,4821,Expired,
2752,10731,1,914,15,6 months,2025-09-16,2025-09-16,2026-03-15,8800,0,8800,0,0,4818,Expired,
2751,10547,1,LEG-2751,20,Morning membership 6am - 1 pm,2025-09-16,2025-09-16,2026-10-22,8500,0,4650,3850,0,04816,Active,
2750,9631,1,LEG-2750,38,youth program 10 sessions,2025-09-15,2025-09-16,2025-10-28,2000,0,2000,0,0,4814,Expired,
2749,10518,1,LEG-2749,15,6 months,2025-09-15,2025-09-16,2026-04-14,8800,0,8800,0,0,4812,Expired,
2748,6707,1,LEG-2748,33,40 sessions,2025-09-15,2025-09-15,2026-01-19,4400,0,3400,1000,0,4811,Expired,
2747,8273,1,LEG-2747,32,20 sessions,2025-09-15,2025-09-16,2025-11-25,2500,0,2500,0,0,4810,Expired,
2746,6030,1,448,8,1 month,2025-09-15,2025-09-15,2025-10-15,3000,0,3000,0,0,4809,Expired,
2745,10013,1,911,20,Morning membership 6am - 1 pm,2025-09-15,2025-09-15,2026-09-15,8500,0,8500,0,0,4808,Active,
2744,4638,1,LEG-2744,32,20 sessions,2025-09-14,2025-09-14,2025-11-23,2500,0,2500,0,0,4807,Expired,
2743,10605,1,LEG-2743,17,annual membership,2025-09-14,2025-09-16,2026-10-16,12800,0,12800,0,0,4806,Freezed,
2742,5833,1,LEG-2742,32,20 sessions,2025-09-14,2025-09-14,2025-11-23,2500,0,2500,0,0,4804,Expired,
2741,5833,1,LEG-2741,43,Nutrition 4 sessions,2025-09-14,2025-09-15,2025-10-30,950,0,950,0,0,,Expired,
2740,8559,1,LEG-2740,33,40 sessions,2025-09-14,2025-09-15,2026-01-19,4400,0,4400,0,0,4801,Expired,
2739,1674,1,850,32,20 sessions,2025-09-14,2025-09-14,2025-11-23,2500,0,2500,0,0,4803,Expired,
2738,10567,1,909,17,annual membership,2025-09-14,2025-09-14,2026-09-14,14000,0,7000,7000,7000,4797,Cancelled,تم تسجيلة بتاريخ اليوم لحين تحديد تاريخ البداية من الكلاينت @Cancelled
2737,2869,1,LEG-2737,30,12 sessions,2025-09-14,2025-09-14,2025-10-26,1800,0,1800,0,0,4796,Expired,
2736,10550,1,LEG-2736,33,40 sessions,2025-09-14,2025-09-13,2026-01-17,4000,0,4000,0,0,4794,Expired,
2735,8693,1,LEG-2735,46,4 sessions classes,2025-09-13,2025-09-20,2025-10-20,450,0,450,0,0,4792,Expired,
2734,6044,1,LEG-2734,49,1 month full classes,2025-09-13,2025-09-16,2025-10-16,1000,0,1000,0,0,7493,Expired,
2732,4984,1,908,12,3 Months,2025-09-13,2025-09-13,2025-12-12,5000,0,5000,0,0,4791,Expired,exp dr fadi
2731,10591,1,907,12,3 Months,2025-09-13,2025-09-13,2025-12-19,5000,0,5000,0,0,4790,Expired,exp dr fadi
2730,3885,1,184,15,6 months,2025-09-13,2025-09-13,2026-04-11,8800,0,8800,0,0,4789,Expired,
2729,10584,1,LEG-2729,20,Morning membership 6am - 1 pm,2025-09-13,2025-09-19,2026-09-19,8500,0,4250,4250,0,4788,Active,
2728,10548,1,905,15,6 months,2025-09-13,2025-09-14,2026-04-05,10000,0,10000,0,0,4787,Expired,سددت 10000 انيستاباى
2727,8079,1,LEG-2727,32,20 sessions,2025-09-13,2025-09-13,2025-11-22,2500,0,1000,1500,0,4786,Expired,
2726,4684,1,904,33,40 sessions,2025-09-13,2025-09-14,2026-01-18,4000,0,1500,2500,0,m4785,Expired,
2725,4684,1,LEG-2725,12,3 Months,2025-09-13,2025-09-14,2025-12-21,5000,0,3000,2000,0,4785,Expired,
2724,10108,1,903,17,annual membership,2025-09-12,2025-09-12,2026-09-12,14000,0,6500,7500,0,4784,Active,سدد 6500 متبقى 7500
2723,7477,1,LEG-2723,12,3 Months,2025-09-12,2025-09-12,2025-12-25,6500,0,6500,0,0,4783,Expired,no need
2722,10551,1,901,20,Morning membership 6am - 1 pm,2025-09-12,2025-09-14,2026-10-29,8500,0,8500,0,0,4782,Active,
2721,10550,1,LEG-2721,12,3 Months,2025-09-12,2025-09-13,2025-12-12,5000,0,5000,0,0,04781,Expired,
2720,1788,1,LEG-2720,33,40 sessions,2025-09-11,2025-09-25,2026-01-29,4400,0,4400,0,0,4779,Expired,
2719,6621,1,LEG-2719,49,1 month full classes,2025-09-11,2025-09-13,2025-10-13,1000,0,1000,0,0,4778,Expired,
2718,10426,1,LEG-2718,33,40 sessions,2025-09-11,2025-09-12,2026-01-16,4400,0,4400,0,0,4777,Expired,
2717,10426,1,LEG-2717,17,annual membership,2025-09-11,2025-09-12,2026-09-12,14000,0,10000,4000,0,4776,Active,
2716,9594,1,LEG-2716,32,20 sessions,2025-09-11,2025-09-11,2025-11-20,2500,0,2500,0,0,4775,Expired,
2715,8989,1,LEG-2715,33,40 sessions,2025-09-10,2025-09-10,2026-01-14,4400,0,4400,0,0,4772,Expired,
2714,3760,1,140,17,annual membership,2025-09-10,2025-09-10,2026-09-10,16200,0,2700,13500,13500,4769,Active,
2713,10215,1,LEG-2713,33,40 sessions,2025-09-10,2025-09-10,2026-01-14,4000,0,4000,0,0,p4768,Expired,
2712,10215,1,LEG-2712,12,3 Months,2025-09-10,2025-09-10,2025-12-21,5000,0,5000,0,0,4768,Expired,3m+40 pt
2711,10324,1,LEG-2711,12,3 Months,2025-09-10,2025-09-28,2025-12-27,5000,0,5000,0,0,4765,Expired,
2710,10325,1,LEG-2710,12,3 Months,2025-09-10,2025-09-26,2025-12-25,5000,0,5000,0,0,4764,Expired,
2709,2196,1,895,8,1 month,2025-09-10,2025-09-11,2025-10-11,3000,0,3000,0,0,4763,Expired,
2708,10479,1,LEG-2708,17,annual membership,2025-09-09,2025-09-10,2026-09-10,14000,0,6500,7500,0,4760,Active,
2707,9583,1,893,17,annual membership,2025-09-09,2025-09-09,2026-09-09,14000,0,14000,0,0,4759,Active,سدد 14000 نقدا
2706,2985,1,LEG-2706,32,20 sessions,2025-09-09,2025-09-10,2025-11-19,2500,0,2500,0,0,4755,Expired,
2705,10203,1,LEG-2705,15,6 months,2025-09-09,2025-09-09,2026-04-07,10000,0,10000,0,0,4754,Expired,
2704,6262,1,505,32,20 sessions,2025-09-09,2025-09-08,2025-11-17,2500,0,2500,0,0,4753,Expired,
2703,4081,1,595,32,20 sessions,2025-09-08,2025-09-08,2025-11-17,2500,0,2500,0,0,4752,Expired,
2702,2407,1,LEG-2702,43,Nutrition 4 sessions,2025-09-08,2025-09-08,2025-10-23,950,0,950,0,0,,Expired,
2701,10436,1,891,12,3 Months,2025-09-08,2025-09-09,2025-12-08,6500,0,6500,0,0,4748,Cancelled,@Cancelled
2700,10437,1,890,12,3 Months,2025-09-08,2025-09-09,2025-12-08,6500,0,6500,0,0,4747,Cancelled,@Cancelled
2697,10393,1,LEG-2697,8,1 month,2025-09-08,2025-09-08,2025-10-08,3000,0,3000,0,0,4743,Expired,
2696,10405,1,887,12,3 Months,2025-09-08,2025-09-09,2025-12-22,5000,0,5000,0,0,4741,Expired,مواعيد التمرين فى التاسعة صباحا
2695,6498,1,LEG-2695,44,Nutrition 8 sessions,2025-09-07,2025-09-08,2025-12-07,1650,0,1650,0,0,,Expired,
2694,4225,1,886,12,3 Months,2025-09-07,2025-09-08,2025-12-07,6500,0,6500,0,0,4738,Expired,
2693,7561,1,LEG-2693,30,12 sessions,2025-09-07,2025-09-07,2025-10-19,2000,0,1000,1000,0,p4737,Expired,
2692,7561,1,LEG-2692,8,1 month,2025-09-07,2025-09-07,2025-10-07,2000,0,1000,1000,0,4737,Expired,سددت 4000 1m+12 pt
2691,9343,1,LEG-2691,46,4 sessions classes,2025-09-07,2025-09-07,2025-10-07,450,0,450,0,0,4733,Expired,
2690,9378,1,LEG-2690,46,4 sessions classes,2025-09-07,2025-09-07,2025-10-07,450,0,450,0,0,4734,Expired,
2689,4869,1,348,32,20 sessions,2025-09-06,2025-09-06,2025-11-15,2500,0,2500,0,0,4725,Expired,
2688,8989,1,LEG-2688,15,6 months,2025-09-06,2025-09-06,2026-03-14,10000,0,10000,0,0,4728,Expired,
2687,9456,1,LEG-2687,15,6 months,2025-09-06,2025-09-06,2026-04-26,10000,0,5000,5000,0,4727,Expired,
2686,6733,1,572,12,3 Months,2025-09-06,2025-09-10,2025-12-23,5000,0,5000,0,0,4726,Expired,
2685,1587,1,882,11,2 months,2025-09-05,2025-09-04,2025-11-03,4500,0,4500,0,0,4715,Expired,سدد 4500 فيزا
2684,9594,1,LEG-2684,20,Morning membership 6am - 1 pm,2025-09-04,2025-09-06,2026-09-06,8500,0,8500,0,0,4721,Expired,
2683,3761,1,LEG-2683,32,20 sessions,2025-09-04,2025-09-04,2025-11-13,2500,0,1250,1250,0,4720,Expired,
2682,3761,1,LEG-2682,17,annual membership,2025-09-04,2025-09-04,2026-11-03,16200,0,2700,13500,7000,4719,Active,
2681,8905,1,880,33,40 sessions,2025-09-04,2025-09-04,2026-01-08,4000,0,4000,0,0,mm4718,Expired,
2680,8905,1,LEG-2680,12,3 Months,2025-09-04,2025-09-04,2025-12-03,5000,0,5000,0,0,4718,Expired,
2679,9110,1,879,26,Marines,2025-09-04,2026-07-10,2027-07-25,10500,0,10500,0,0,4717,Freezed,
2678,2839,1,609,36,head coach 20 sessions,2025-09-04,2025-09-04,2025-11-13,3000,0,3000,0,0,4716,Expired,
2676,4310,1,292,17,annual membership,2025-09-04,2025-09-19,2026-09-19,12800,0,12800,0,0,4714,Active,
2675,3971,1,LEG-2675,17,annual membership,2025-09-04,2025-09-09,2026-10-06,12800,0,12800,0,0,4713,Active,
2674,5231,1,LEG-2674,32,20 sessions,2025-09-03,2025-09-03,2025-11-12,2500,0,2500,0,0,4710,Expired,
2673,9826,1,878,17,annual membership,2025-09-03,2025-09-03,2026-09-03,14000,0,7000,7000,7000,04706,Expired,
2672,1603,1,LEG-2672,8,1 month,2025-09-03,2025-09-03,2025-10-03,3000,0,3000,0,0,04707,Expired,
2671,9066,1,LEG-2671,28,4 sessions,2025-09-02,2025-09-02,2025-09-30,800,0,800,0,0,,Expired,
2670,10263,1,877,17,annual membership,2025-09-02,2025-09-14,2026-09-14,14000,0,14000,0,0,4705,Active,سدد 14000 فيزا
2669,10237,1,876,12,3 Months,2025-09-02,2025-09-02,2025-12-01,6500,0,6500,0,0,4703,Expired,
2666,9237,1,875,12,3 Months,2025-09-01,2025-09-04,2025-12-03,6500,0,6500,0,0,4696,Cancelled,@Cancelled
2665,10113,1,LEG-2665,15,6 months,2025-09-01,2025-09-01,2026-03-24,8800,0,4400,4400,0,4695,Expired,
2664,6251,1,873,12,3 Months,2025-09-01,2025-09-01,2025-11-30,6500,0,6500,0,0,4693,Expired,
2663,10223,1,LEG-2663,12,3 Months,2025-09-01,2025-09-01,2025-11-30,6500,0,6500,0,0,4692,Expired,
2662,6153,1,LEG-2662,32,20 sessions,2025-09-01,2025-09-01,2025-11-10,2500,0,2500,0,0,4691,Expired,
2661,5616,1,LEG-2661,39,youth program 20 sessions,2025-09-01,2025-09-01,2025-11-10,3000,0,3000,0,0,4689,Expired,
2660,2194,1,LEG-2660,33,40 sessions,2025-09-01,2025-09-01,2026-01-05,4000,0,4000,0,0,4688,Expired,
2659,2194,1,LEG-2659,17,annual membership,2025-09-01,2025-09-01,2026-09-01,10500,0,10500,0,0,04688,Expired,
2658,4289,1,LEG-2658,47,8 sessions classes,2025-08-31,2025-08-31,2025-09-30,700,0,700,0,0,4681,Expired,
2657,6723,1,LEG-2657,43,Nutrition 4 sessions,2025-08-31,2025-08-31,2025-10-15,950,0,950,0,0,,Expired,
2656,2731,1,LEG-2656,29,8 sessions,2025-08-31,2025-08-31,2025-10-05,1350,0,1350,0,0,4679,Expired,
2655,10196,1,871,12,3 Months,2025-08-31,2025-09-26,2026-01-03,6500,0,6500,0,0,4677,Expired,
2654,7468,1,601,39,youth program 20 sessions,2025-08-30,2025-08-31,2025-11-09,3000,0,3000,0,0,4676,Expired,
2653,4900,1,870,8,1 month,2025-08-30,2025-08-30,2025-09-29,3000,0,3000,0,0,4673,Expired,
2652,7175,1,LEG-2652,30,12 sessions,2025-08-29,2025-09-12,2025-10-24,1800,0,1800,0,0,4670,Expired,
2651,10155,1,LEG-2651,8,1 month,2025-08-29,2025-08-30,2025-09-29,2200,0,2200,0,0,4668,Expired,2200 = 2 weeks
2650,10007,1,LEG-2650,17,annual membership,2025-08-29,2025-08-29,2026-08-29,14000,0,14000,0,0,4667,Expired,
2649,10146,1,867,28,4 sessions,2025-08-29,2025-08-30,2025-09-27,1000,0,1000,0,0,,Expired,
2648,10146,1,LEG-2648,8,1 month,2025-08-29,2025-08-30,2025-09-29,800,0,800,0,0,4664,Expired,
2647,8592,1,697,39,youth program 20 sessions,2025-08-28,2025-08-29,2025-11-14,3000,0,3000,0,0,04660,Expired,
2646,9066,1,LEG-2646,28,4 sessions,2025-08-28,2025-08-28,2025-09-25,800,0,800,0,0,,Expired,
2645,9937,1,860,32,20 sessions,2025-08-28,2025-08-28,2025-11-06,2500,0,2500,0,0,4656,Expired,
2644,6498,1,LEG-2644,12,3 Months,2025-08-27,2025-08-29,2025-11-27,6500,0,5000,1500,0,4655,Expired,exp old member
2643,10070,1,866,8,1 month,2025-08-27,2025-08-27,2025-09-26,3000,0,3000,0,0,4653,Expired,no need
2642,2087,1,LEG-2642,43,Nutrition 4 sessions,2025-08-27,2025-08-27,2025-10-11,950,0,950,0,0,,Expired,
2641,6707,1,LEG-2641,17,annual membership,2025-08-27,2025-09-01,2026-09-15,12800,0,12800,0,0,4651,Active,exp
2640,7374,1,640,38,youth program 10 sessions,2025-08-27,2025-08-27,2025-10-08,2000,0,2000,0,0,4650,Expired,
2639,9399,1,864,12,3 Months,2025-08-27,2025-09-01,2025-11-30,6500,0,6500,0,0,4649,Expired,
2638,6916,1,LEG-2638,32,20 sessions,2025-08-26,2025-09-03,2025-11-12,2500,0,2500,0,0,04647,Expired,
2637,8561,1,739,47,8 sessions classes,2025-08-26,2025-08-26,2025-09-25,2000,0,2000,0,0,4646,Expired,سددت 2000 pt kick boxing  عبد الله المصرى
2636,6241,1,LEG-2636,32,20 sessions,2025-08-26,2025-08-26,2025-11-04,2500,0,2500,0,0,4645,Expired,
2635,6241,1,LEG-2635,15,6 months,2025-08-26,2025-09-01,2026-02-28,8800,0,8800,0,0,4644,Expired,
2634,3754,1,LEG-2634,32,20 sessions,2025-08-26,2025-08-26,2025-11-04,2500,0,2500,0,0,04643,Expired,
2633,9848,1,863,17,annual membership,2025-08-25,2025-09-10,2026-10-12,12800,0,6400,6400,0,4641,Active,
2632,10083,1,862,11,2 months,2025-08-25,2025-09-03,2025-11-14,4500,0,4500,0,0,4640,Expired,سددت 4500
2631,7552,1,625,33,40 sessions,2025-08-25,2025-08-25,2025-12-29,4000,0,4000,0,0,p4636,Expired,3m+40pt
2630,7552,1,LEG-2630,12,3 Months,2025-08-25,2025-08-25,2025-11-23,5000,0,5000,0,0,4636,Expired,3m+40pt
2629,1054,1,861,12,3 Months,2025-08-25,2025-08-27,2025-12-09,6500,0,3000,3500,0,4635,Expired,
2628,3831,1,LEG-2628,12,3 Months,2025-08-25,2025-09-01,2025-11-30,5000,0,5000,0,0,4634,Expired,
2627,9937,1,LEG-2627,12,3 Months,2025-08-25,2025-09-01,2025-12-14,6500,0,6500,0,0,4633,Expired,
2626,4351,1,495,12,3 Months,2025-08-25,2025-09-01,2025-11-30,5000,0,5000,0,0,4632,Expired,
2625,8190,1,667,32,20 sessions,2025-08-24,2025-08-24,2025-11-02,2500,0,2500,0,0,4631,Expired,
2624,8597,1,LEG-2624,46,4 sessions classes,2025-08-24,2025-08-24,2025-09-23,450,0,450,0,0,4629,Expired,
2623,2407,1,LEG-2623,30,12 sessions,2025-08-24,2025-08-24,2025-10-05,1800,0,1800,0,0,4628,Expired,
2621,8261,1,668,46,4 sessions classes,2025-08-24,2025-08-24,2025-09-23,450,0,450,0,0,4627,Expired,
2620,10054,1,859,34,head coach 8 sessions,2025-08-24,2025-08-25,2025-09-29,1700,0,1700,0,0,4625,Expired,
2619,10054,1,LEG-2619,8,1 month,2025-08-24,2025-08-24,2025-09-23,2200,0,2200,0,0,4624,Expired,
2618,9801,1,LEG-2618,30,12 sessions,2025-08-24,2025-10-06,2025-11-17,1800,0,1800,0,0,4623,Expired,
2617,9801,1,LEG-2617,30,12 sessions,2025-08-24,2025-08-24,2025-10-05,1800,0,1800,0,0,4622,Expired,
2616,10046,1,LEG-2616,38,youth program 10 sessions,2025-08-24,2025-08-24,2025-10-05,2000,0,2000,0,0,4621,Expired,
2615,4639,1,333,20,Morning membership 6am - 1 pm,2025-08-24,2026-08-06,2027-08-18,8500,0,1000,7500,4500,4620,Freezed,
2614,4027,1,LEG-2614,12,3 Months,2025-08-23,2025-10-01,2025-12-30,6500,0,6000,500,0,4619,Expired,
2613,3264,1,857,39,youth program 20 sessions,2025-08-23,2025-08-24,2025-11-02,3000,0,3000,0,0,4617,Expired,
2612,6370,1,856,12,3 Months,2025-08-23,2025-08-24,2025-11-29,6500,0,6500,0,0,4616,Expired,
2611,9066,1,LEG-2611,27,1 session,2025-08-23,2025-08-23,2025-08-24,250,0,250,0,0,4615,Expired,
2610,3809,1,LEG-2610,15,6 months,2025-08-23,2025-08-21,2026-02-17,8800,0,2000,6800,0,4318,Expired,exp old member
2609,9123,1,LEG-2609,32,20 sessions,2025-08-23,2025-09-01,2025-11-10,2500,0,2500,0,0,4614,Expired,
2608,9520,1,838,30,12 sessions,2025-08-23,2025-08-23,2025-10-04,1800,0,1800,0,0,4610,Expired,
2607,4230,1,LEG-2607,32,20 sessions,2025-08-22,2025-08-22,2025-10-31,2500,0,2500,0,0,4605,Expired,
2606,8335,1,LEG-2606,17,annual membership,2025-08-22,2025-09-24,2026-09-24,14000,0,1000,13000,0,4607,Active,سددت 1000 متبقى 13000
2605,9965,1,854,39,youth program 20 sessions,2025-08-22,2025-08-22,2025-10-31,3000,0,3000,0,0,4606,Expired,
2604,8243,1,LEG-2604,17,annual membership,2025-08-21,2025-08-31,2026-12-29,12800,0,6400,6400,0,4601,Active,
2603,4031,1,LEG-2603,17,annual membership,2025-08-21,2025-08-22,2026-08-22,12800,0,12800,0,0,4600,Expired,
2602,2988,1,105,32,20 sessions,2025-08-21,2025-08-21,2025-10-30,2500,0,2500,0,0,4599,Expired,
2601,2830,1,LEG-2601,17,annual membership,2025-08-21,2025-08-26,2026-10-05,12800,0,12800,0,0,4597,Active,
2600,9622,1,LEG-2600,33,40 sessions,2025-08-20,2025-08-20,2025-12-24,4000,0,4000,0,0,p4596,Expired,3m+40pt
2599,9622,1,LEG-2599,12,3 Months,2025-08-20,2025-08-20,2025-11-18,5000,0,5000,0,0,4596,Expired,
2598,5688,1,LEG-2598,32,20 sessions,2025-08-20,2025-08-20,2025-10-29,2500,0,1400,1100,0,4595,Expired,
2597,5983,1,LEG-2597,30,12 sessions,2025-08-20,2025-08-20,2025-10-01,1800,0,1000,800,0,4593,Expired,
2596,7347,1,LEG-2596,32,20 sessions,2025-08-20,2025-08-20,2025-10-29,2500,0,2500,0,0,4591,Expired,
2595,1674,1,LEG-2595,12,3 Months,2025-08-19,2025-08-19,2025-11-24,5000,0,5000,0,0,4590,Expired,
2594,4388,1,329,32,20 sessions,2025-08-19,2025-08-19,2025-10-28,2500,0,2500,0,0,4589,Expired,
2593,9752,1,LEG-2593,33,40 sessions,2025-08-19,2025-08-24,2025-12-28,4400,0,4400,0,0,4588,Expired,
2592,9701,1,820,28,4 sessions,2025-08-19,2025-08-20,2025-09-17,800,0,800,0,0,,Expired,
2591,9657,1,LEG-2591,32,20 sessions,2025-08-19,2025-08-20,2025-10-29,2500,0,1500,1000,0,4586,Expired,
2589,9752,1,LEG-2589,43,Nutrition 4 sessions,2025-08-18,2025-08-18,2025-10-02,950,0,950,0,0,,Expired,
2588,9924,1,LEG-2588,12,3 Months,2025-08-18,2025-09-01,2025-12-07,6500,0,6500,0,0,4580,Expired,
2587,5936,1,LEG-2587,45,Nutrition 12 sessions,2025-08-18,2025-08-18,2025-12-16,1920,0,1920,0,0,,Expired,
2586,2127,1,398,31,16 sessions,2025-08-18,2025-08-19,2025-10-14,2200,0,2200,0,0,04578,Expired,
2585,3763,1,143,32,20 sessions,2025-08-18,2025-08-18,2025-10-27,2500,0,2500,0,0,4577,Expired,
2584,3991,1,223,30,12 sessions,2025-08-18,2025-08-18,2025-09-29,1800,0,1800,0,0,4575,Expired,
2583,3342,1,490,12,3 Months,2025-08-17,2025-08-17,2025-12-22,5000,0,5000,0,0,4574,Expired,exp old member from dr : fadi
2582,9752,1,LEG-2582,17,annual membership,2025-08-17,2025-08-17,2026-08-17,12800,0,12800,0,0,4569,Expired,exp dr fadi
2581,7882,1,LEG-2581,30,12 sessions,2025-08-17,2025-08-18,2025-09-29,1800,0,1800,0,0,4570,Expired,
2580,9254,1,LEG-2580,49,1 month full classes,2025-08-17,2025-08-20,2025-09-19,1000,0,1000,0,0,4571,Expired,
2579,9300,1,774,49,1 month full classes,2025-08-17,2025-08-18,2025-09-17,1000,0,1000,0,0,4572,Expired,
2578,2407,1,LEG-2578,8,1 month,2025-08-17,2025-08-18,2025-09-17,2200,0,2200,0,0,4573,Expired,
2577,4822,1,LEG-2577,39,youth program 20 sessions,2025-08-17,2025-08-17,2025-10-26,3000,0,3000,0,0,4568,Expired,
2576,9896,1,847,38,youth program 10 sessions,2025-08-17,2025-08-17,2025-09-28,2000,0,2000,0,0,4567,Expired,
2575,9099,1,846,17,annual membership,2025-08-17,2025-10-01,2027-02-04,12800,0,6000,6800,0,4565,Freezed,
2574,9806,1,845,33,40 sessions,2025-08-17,2025-08-31,2026-01-04,4000,0,2000,2000,2000,mm4564,Expired,
2573,9806,1,LEG-2573,12,3 Months,2025-08-17,2025-08-17,2025-11-15,5000,0,3000,2000,2000,4564,Expired,
2572,8798,1,844,12,3 Months,2025-08-17,2025-08-18,2025-11-16,6500,0,6500,0,0,4563,Expired,
2570,9141,1,LEG-2570,20,Morning membership 6am - 1 pm,2025-08-17,2025-09-24,2026-11-12,8500,0,4250,4250,0,4562,Active,
2569,9882,1,LEG-2569,17,annual membership,2025-08-16,2025-08-17,2026-08-17,12800,0,12800,0,0,4560,Expired,exp dr fadi
2568,7469,1,LEG-2568,39,youth program 20 sessions,2025-08-16,2025-08-15,2025-10-24,3000,0,3000,0,0,4559,Expired,
2567,9165,1,841,12,3 Months,2025-08-16,2025-09-01,2025-11-30,6500,0,6500,0,0,4558,Expired,
2566,9866,1,LEG-2566,33,40 sessions,2025-08-16,2025-08-18,2025-12-22,4000,0,500,3500,0,mm4556,Expired,
2565,9866,1,LEG-2565,12,3 Months,2025-08-16,2025-08-18,2025-11-26,5000,0,1000,4000,0,4556,Expired,
2564,6562,1,LEG-2564,12,3 Months,2025-08-15,2025-08-15,2025-11-13,6500,0,6500,0,0,4555,Expired,
2563,9520,1,LEG-2563,20,Morning membership 6am - 1 pm,2025-08-15,2025-09-01,2026-09-01,8500,0,8500,0,0,4554,Expired,
2562,9823,1,837,17,annual membership,2025-08-15,2025-09-01,2026-09-01,12800,0,12800,0,0,4553,Expired,
2561,7745,1,LEG-2561,32,20 sessions,2025-08-15,2025-08-04,2025-10-13,2500,0,1250,1250,0,4551,Expired,
2560,8567,1,LEG-2560,47,8 sessions classes,2025-08-14,2025-08-17,2025-09-16,700,0,700,0,0,4550,Expired,
2559,9834,1,835,17,annual membership,2025-08-14,2025-09-06,2027-02-03,12800,0,12800,0,0,4549,Freezed,
2558,6501,1,LEG-2558,36,head coach 20 sessions,2025-08-14,2025-08-15,2025-10-24,3000,0,3000,0,0,04548,Expired,
2557,9358,1,834,12,3 Months,2025-08-13,2025-08-19,2025-12-01,6500,0,6500,0,0,4546,Expired,
2556,6723,1,LEG-2556,17,annual membership,2025-08-13,2025-08-19,2026-09-17,12800,0,12800,0,0,4545,Active,renew
2552,1515,1,LEG-2552,33,40 sessions,2025-08-12,2025-08-16,2026-07-08,3960,0,3960,0,0,4541,Expired,خصم 10%  exp dr fadi
2551,9733,1,832,20,Morning membership 6am - 1 pm,2025-08-12,2025-08-14,2026-10-13,8500,0,8500,0,0,4540,Active,
2550,6286,1,LEG-2550,20,Morning membership 6am - 1 pm,2025-08-12,2025-08-14,2026-09-03,8500,0,8500,0,0,4539,Expired,
2549,6044,1,LEG-2549,49,1 month full classes,2025-08-12,2025-08-16,2025-09-15,1000,0,1000,0,0,p4535,Expired,
2547,8693,1,LEG-2547,47,8 sessions classes,2025-08-12,2025-08-16,2025-09-15,700,0,700,0,0,4536,Expired,
2546,9540,1,831,33,40 sessions,2025-08-12,2025-08-14,2025-12-18,4000,0,4000,0,0,04534,Expired,
2545,9540,1,LEG-2545,12,3 Months,2025-08-12,2025-08-14,2025-12-19,5000,0,5000,0,0,4534,Expired,
2544,9539,1,830,33,40 sessions,2025-08-12,2025-08-14,2025-12-18,4000,0,4000,0,0,04533,Expired,
2543,9539,1,LEG-2543,12,3 Months,2025-08-12,2025-08-14,2025-12-19,5000,0,5000,0,0,4533,Expired,
2542,9730,1,829,12,3 Months,2025-08-11,2025-08-11,2025-11-09,6500,0,6500,0,0,4532,Expired,
2541,7304,1,LEG-2541,35,head coach12 sessions,2025-08-11,2025-08-11,2025-09-22,2200,0,2200,0,0,4531,Expired,
2540,6621,1,LEG-2540,49,1 month full classes,2025-08-11,2025-08-13,2025-09-12,1000,0,1000,0,0,4530,Expired,
2539,9767,1,828,8,1 month,2025-08-11,2025-08-11,2025-09-10,2200,0,2200,0,0,4527,Expired,
2538,5228,1,LEG-2538,49,1 month full classes,2025-08-11,2025-08-18,2025-09-17,1000,0,1000,0,0,4526,Expired,
2537,8269,1,671,38,youth program 10 sessions,2025-08-11,2025-08-11,2025-09-22,2000,0,2000,0,0,4524,Expired,
2536,6262,1,LEG-2536,12,3 Months,2025-08-11,2025-08-12,2025-11-23,5000,0,5000,0,0,4522,Expired,
2535,4027,1,LEG-2535,32,20 sessions,2025-08-10,2025-08-10,2025-10-19,2500,0,2500,0,0,4521,Expired,
2534,9756,1,827,39,youth program 20 sessions,2025-08-10,2025-08-11,2025-10-20,3000,0,3000,0,0,4520,Expired,
2533,9755,1,826,39,youth program 20 sessions,2025-08-10,2025-08-11,2025-10-20,3000,0,3000,0,0,4519,Expired,
2532,9374,1,LEG-2532,15,6 months,2025-08-10,2025-08-10,2026-03-25,10000,0,10000,0,0,4517,Expired,سددت 10000 فيزا
2531,9653,1,LEG-2531,15,6 months,2025-08-10,2025-08-10,2026-03-25,10000,0,10000,0,0,4516,Expired,سددت 10000 فيزا
2530,9066,1,LEG-2530,28,4 sessions,2025-08-10,2025-08-10,2025-09-07,800,0,800,0,0,,Expired,
2529,2338,1,823,8,1 month,2025-08-10,2025-08-10,2025-09-09,3000,0,3000,0,0,4514,Expired,
2528,9746,1,822,8,1 month,2025-08-10,2025-08-10,2025-09-09,3000,0,3000,0,0,4513,Expired,
2527,3862,1,LEG-2527,32,20 sessions,2025-08-10,2025-08-10,2025-10-19,2500,0,2500,0,0,m4512,Expired,
2525,9738,1,LEG-2525,39,youth program 20 sessions,2025-08-09,2025-08-11,2025-10-20,3000,0,3000,0,0,4508,Expired,تم تسجيلة مع ك/ حجازى لحين توزيعة
2524,9701,1,LEG-2524,12,3 Months,2025-08-09,2025-08-17,2025-11-29,6500,0,6500,0,0,4507,Expired,
2523,7504,1,LEG-2523,39,youth program 20 sessions,2025-08-09,2025-08-10,2025-10-19,3000,0,3000,0,0,4506,Expired,
2522,9657,1,LEG-2522,15,6 months,2025-08-09,2025-08-10,2026-03-08,10000,0,4000,6000,0,4505,Expired,سدد 4000 باقى 6000
2521,9085,1,LEG-2521,12,3 Months,2025-08-09,2025-08-09,2025-11-07,6500,0,6500,0,0,4503,Expired,
2520,9084,1,LEG-2520,12,3 Months,2025-08-09,2025-08-09,2025-11-07,6500,0,6500,0,0,4502,Expired,
2519,9725,1,LEG-2519,17,annual membership,2025-08-09,2025-09-01,2026-09-01,12800,0,3000,9800,0,4500,Expired,
2518,9714,1,815,20,Morning membership 6am - 1 pm,2025-08-08,2025-08-09,2026-09-23,8500,0,8500,0,0,4499,Freezed,
2516,6479,1,LEG-2516,39,youth program 20 sessions,2025-08-08,2025-08-08,2025-10-17,3000,0,3000,0,0,4497,Expired,
2515,9354,1,784,30,12 sessions,2025-08-08,2025-08-08,2025-09-19,1800,0,900,900,0,4496,Expired,
2514,4807,1,783,30,12 sessions,2025-08-08,2025-08-08,2025-09-19,1800,0,900,900,0,4495,Expired,
2513,3738,1,124,12,3 Months,2025-08-07,2025-08-10,2025-11-22,5000,0,5000,0,0,4494,Expired,
2512,9694,1,814,28,4 sessions,2025-08-07,2025-08-23,2025-09-20,750,0,750,0,0,,Expired,
2511,9694,1,LEG-2511,8,1 month,2025-08-07,2025-08-23,2025-09-22,750,0,750,0,0,4493,Expired,
2510,9117,1,762,32,20 sessions,2025-08-07,2025-08-09,2025-10-18,2250,0,2250,0,0,4492,Expired,
2509,9628,1,LEG-2509,17,annual membership,2025-08-07,2025-10-25,2027-02-02,14000,0,2000,12000,0,4491,Active,
2508,9470,1,779,30,12 sessions,2025-08-07,2025-08-09,2025-09-20,1800,0,1800,0,0,4487,Expired,
2507,9080,1,780,30,12 sessions,2025-08-07,2025-08-09,2025-09-20,1800,0,1800,0,0,4488,Expired,
2506,9631,1,LEG-2506,38,youth program 10 sessions,2025-08-07,2025-08-18,2025-09-29,2000,0,2000,0,0,04486,Expired,
2505,5833,1,LEG-2505,32,20 sessions,2025-08-06,2025-08-07,2025-10-16,2500,0,2500,0,0,4485,Expired,
2504,4218,1,LEG-2504,32,20 sessions,2025-08-06,2025-08-08,2025-10-17,2500,0,2500,0,0,4484,Expired,
2503,5279,1,525,32,20 sessions,2025-08-06,2025-08-06,2025-10-15,2500,0,2500,0,0,4481,Cancelled,@Cancelled
2502,6420,1,LEG-2502,32,20 sessions,2025-08-06,2025-08-06,2025-10-15,2500,0,2500,0,0,4478,Expired,
2501,4726,1,317,30,12 sessions,2025-08-06,2025-08-10,2025-09-21,1800,0,1800,0,0,4477,Expired,
2500,9348,1,811,8,1 month,2025-08-06,2025-08-06,2025-09-05,2200,0,2200,0,0,4473,Expired,
2499,9677,1,810,39,youth program 20 sessions,2025-08-06,2025-08-06,2025-10-15,3000,0,3000,0,0,4470,Expired,
2498,9674,1,809,39,youth program 20 sessions,2025-08-06,2025-08-06,2025-10-15,3000,0,3000,0,0,04472,Expired,
2497,9671,1,808,39,youth program 20 sessions,2025-08-06,2025-08-06,2025-10-15,3000,0,3000,0,0,04471,Expired,
2496,4388,1,LEG-2496,12,3 Months,2025-08-05,2025-08-06,2025-11-04,5000,0,5000,0,0,4468,Expired,
2495,5803,1,699,12,3 Months,2025-08-05,2025-08-05,2025-11-03,5000,0,5000,0,0,4466,Expired,
2494,8852,1,807,15,6 months,2025-08-05,2025-08-05,2026-02-01,7000,0,7000,0,0,4467,Expired,exp dr fadi
2493,9082,1,LEG-2493,32,20 sessions,2025-08-05,2025-08-05,2025-10-14,2500,0,1000,1500,0,4465,Expired,exp dr fadi
2492,8257,1,LEG-2492,45,Nutrition 12 sessions,2025-08-05,2025-07-10,2025-11-07,1920,0,1920,0,0,,Expired,
2491,6834,1,587,45,Nutrition 12 sessions,2025-08-05,2025-08-05,2025-12-03,1920,0,1920,0,0,,Cancelled,@Cancelled
2490,3756,1,LEG-2490,17,annual membership,2025-08-04,2025-09-02,2026-10-27,12800,0,12800,0,0,4456,Active,
2489,5928,1,LEG-2489,30,12 sessions,2025-08-04,2025-08-12,2025-09-23,1800,0,1800,0,0,4455,Expired,
2488,6834,1,LEG-2488,32,20 sessions,2025-08-04,2025-08-04,2025-10-13,2500,0,2500,0,0,4454,Cancelled,@Cancelled
2487,3277,1,LEG-2487,17,annual membership,2025-08-04,2025-08-06,2026-08-18,12800,0,6500,6300,0,4452,Expired,
2485,7468,1,LEG-2485,43,Nutrition 4 sessions,2025-08-03,2025-08-03,2025-09-17,950,0,950,0,0,,Expired,
2484,9431,1,LEG-2484,32,20 sessions,2025-08-03,2025-08-03,2025-10-12,2500,0,2500,0,0,4443,Expired,
2483,8559,1,LEG-2483,32,20 sessions,2025-08-03,2025-08-05,2025-10-14,2500,0,2500,0,0,4442,Expired,
2482,5243,1,653,29,8 sessions,2025-08-03,2025-08-03,2025-09-07,1350,0,1350,0,0,4440,Expired,
2481,6202,1,481,8,1 month,2025-08-03,2025-08-04,2025-09-03,2200,0,2200,0,0,4439,Expired,
2480,6153,1,LEG-2480,30,12 sessions,2025-08-03,2025-08-30,2025-10-11,1800,0,1800,0,0,4438,Expired,
2479,9599,1,LEG-2479,39,youth program 20 sessions,2025-08-03,2025-08-03,2025-10-12,3000,0,2000,1000,0,4434,Expired,
2477,9023,1,740,30,12 sessions,2025-08-03,2025-08-03,2025-09-14,1800,0,1800,0,0,4432,Expired,
2476,6548,1,LEG-2476,20,Morning membership 6am - 1 pm,2025-08-03,2025-08-19,2026-08-19,8500,0,8500,0,0,4431,Expired,
2475,1284,1,LEG-2475,32,20 sessions,2025-08-03,2025-08-03,2025-10-12,2500,0,2500,0,0,4429,Expired,
2474,4869,1,LEG-2474,32,20 sessions,2025-08-03,2025-08-03,2025-10-12,2500,0,2500,0,0,4427,Expired,
2473,7161,1,LEG-2473,32,20 sessions,2025-08-02,2025-08-03,2025-10-12,2500,0,2500,0,0,4424,Expired,
2472,9585,1,805,12,3 Months,2025-08-02,2025-08-02,2025-10-31,6500,0,6500,0,0,4426,Expired,
2471,6474,1,LEG-2471,32,20 sessions,2025-08-02,2025-08-03,2025-10-12,2500,0,2500,0,0,4425,Expired,
2470,5036,1,662,30,12 sessions,2025-08-02,2025-08-02,2025-09-13,1800,0,1800,0,0,4420,Expired,
2469,3001,1,113,15,6 months,2025-08-02,2025-08-02,2026-01-29,8800,0,8800,0,0,4419,Expired,
2468,7994,1,LEG-2468,39,youth program 20 sessions,2025-08-02,2025-08-02,2025-10-11,3000,0,3000,0,0,4416,Expired,
2466,7075,1,583,8,1 month,2025-08-02,2025-08-02,2025-09-01,3000,0,3000,0,0,04417,Expired,
2465,3809,1,LEG-2465,32,20 sessions,2025-08-02,2025-09-27,2025-12-06,2500,0,2500,0,0,4415,Expired,
2464,4515,1,302,12,3 Months,2025-08-02,2025-08-02,2025-11-14,5000,0,5000,0,0,4414,Expired,
2463,7175,1,LEG-2463,30,12 sessions,2025-08-01,2025-08-01,2025-09-12,1800,0,1800,0,0,4407,Expired,
2462,6027,1,LEG-2462,43,Nutrition 4 sessions,2025-08-01,2025-08-14,2025-09-28,950,0,950,0,0,,Expired,
2461,9541,1,LEG-2461,15,6 months,2025-08-01,2025-08-01,2026-01-28,8800,0,8800,0,0,4408,Expired,
2460,8607,1,803,30,12 sessions,2025-07-31,2025-08-02,2025-09-13,2200,0,1400,800,0,mm4406,Expired,
2459,8607,1,LEG-2459,8,1 month,2025-07-31,2025-08-01,2025-08-31,3000,0,2400,600,0,4406,Expired,
2458,3767,1,147,15,6 months,2025-07-31,2025-08-24,2026-03-22,8800,0,8800,0,0,4405,Expired,
2457,6498,1,LEG-2457,43,Nutrition 4 sessions,2025-07-31,2025-07-31,2025-09-14,950,0,950,0,0,,Expired,
2456,5287,1,LEG-2456,12,3 Months,2025-07-31,2025-07-31,2025-11-28,5000,0,5000,0,0,mm4402,Expired,
2455,9466,1,802,17,annual membership,2025-08-01,2025-08-01,2026-08-01,14000,0,14000,0,0,4402,Expired,
2454,9542,1,LEG-2454,17,annual membership,2025-07-31,2025-08-03,2026-08-18,14000,0,14000,0,0,4401,Expired,
2452,9125,1,800,17,annual membership,2025-07-30,2025-09-09,2026-09-09,14000,0,14000,0,0,4395,Active,سدد 14000
2451,9532,1,LEG-2451,15,6 months,2025-07-30,2025-10-01,2026-04-22,8800,0,8800,0,0,4394,Expired,
2450,2869,1,LEG-2450,30,12 sessions,2025-07-30,2025-07-30,2025-09-10,1800,0,1800,0,0,4393,Expired,
2449,9489,1,798,17,annual membership,2025-07-30,2025-07-31,2026-04-27,12800,0,12800,0,0,4392,Transfered,exp dr fadi
2448,9525,1,797,17,annual membership,2025-07-30,2025-07-31,2026-09-29,12800,0,12800,0,0,4391,Active,exp dr fadi
2447,9486,1,796,12,3 Months,2025-07-30,2025-07-30,2025-10-28,5000,0,5000,0,0,4388,Expired,
2446,6382,1,795,17,annual membership,2025-07-30,2025-08-01,2026-08-01,12800,0,6000,6800,0,4387,Expired,
2445,9449,1,794,20,Morning membership 6am - 1 pm,2025-07-30,2025-08-01,2026-09-19,8800,0,4000,4800,0,4386,Active,
2444,9471,1,LEG-2444,17,annual membership,2025-07-29,2025-08-05,2026-08-12,14000,0,14000,0,0,4385,Expired,سدد 14000 فيزا
2443,7788,1,LEG-2443,39,youth program 20 sessions,2025-07-29,2025-08-26,2025-11-04,3000,0,3000,0,0,4383,Expired,
2442,4097,1,255,15,6 months,2025-07-29,2025-08-04,2026-01-31,8800,0,8800,0,0,4384,Expired,
2440,9408,1,791,8,1 month,2025-07-29,2025-07-29,2025-08-28,3000,0,3000,0,0,4381,Expired,
2438,9496,1,LEG-2438,15,6 months,2025-07-29,2025-07-29,2026-02-24,6000,0,6000,0,0,4379,Expired,
2437,8904,1,LEG-2437,39,youth program 20 sessions,2025-07-29,2025-07-29,2025-10-07,3000,0,3000,0,0,mm4373,Expired,
2435,9338,1,LEG-2435,12,3 Months,2025-07-29,2025-07-30,2025-10-28,6500,0,6500,0,0,4374,Expired,
2434,4565,1,LEG-2434,32,20 sessions,2025-07-29,2025-07-29,2025-10-07,2500,0,2500,0,0,4372,Expired,
2433,6657,1,LEG-2433,43,Nutrition 4 sessions,2025-07-28,2025-07-28,2025-09-11,950,0,950,0,0,,Expired,
2432,9491,1,LEG-2432,39,youth program 20 sessions,2025-07-28,2025-07-28,2025-10-06,3000,0,3000,0,0,p0000,Expired,
2431,3840,1,238,31,16 sessions,2025-07-28,2025-07-28,2025-09-22,2200,0,2200,0,0,4371,Expired,
2429,3895,1,200,22,annual monglish offer,2025-07-28,2025-09-01,2026-09-19,10500,0,5250,5250,0,4366,Active,
2428,3729,1,LEG-2428,22,annual monglish offer,2025-07-28,2025-09-01,2026-09-01,10500,0,5250,5250,0,4365,Expired,
2427,1788,1,LEG-2427,45,Nutrition 12 sessions,2025-07-28,2025-09-02,2025-12-31,1920,0,1920,0,0,,Expired,
2426,9431,1,LEG-2426,15,6 months,2025-07-28,2025-07-30,2026-02-09,10000,0,10000,0,0,4363,Expired,سدد 10000 فيزا
2423,4807,1,LEG-2423,20,Morning membership 6am - 1 pm,2025-07-28,2025-08-02,2026-08-02,8500,300,4500,3700,0,4359,Expired,
2422,4647,1,LEG-2422,12,3 Months,2025-07-28,2025-07-28,2025-11-04,5000,0,5000,0,0,04358,Expired,
2421,9479,1,782,8,1 month,2025-07-28,2025-07-28,2025-08-27,3000,0,3000,0,0,4357,Expired,
2420,3901,1,LEG-2420,43,Nutrition 4 sessions,2025-07-27,2025-07-30,2025-09-13,950,0,950,0,0,,Expired,
2419,9434,1,LEG-2419,17,annual membership,2025-07-27,2025-07-28,2025-12-26,12800,0,12800,0,0,4352,Transfered,سدد 15960 فيزا سنة + 2900 فيزا  مساج
2418,9080,1,LEG-2418,12,3 Months,2025-07-27,2025-08-01,2025-10-30,6500,0,6500,0,0,4351,Expired,
2417,9470,1,LEG-2417,12,3 Months,2025-07-27,2025-08-01,2025-10-30,6500,0,6500,0,0,4350,Expired,
2415,6723,1,LEG-2415,43,Nutrition 4 sessions,2025-07-27,2025-08-13,2025-09-27,950,0,950,0,0,,Expired,
2414,9382,1,778,33,40 sessions,2025-07-27,2025-07-27,2025-11-30,4000,0,1500,2500,0,p4346,Expired,
2413,9382,1,LEG-2413,12,3 Months,2025-07-27,2025-07-27,2025-10-25,5000,0,3000,2000,0,4346,Expired,3m+40 pt
2412,4289,1,LEG-2412,47,8 sessions classes,2025-07-27,2025-07-27,2025-08-26,700,0,700,0,0,4345,Expired,
2411,7745,1,LEG-2411,15,6 months,2025-07-27,2025-08-01,2026-03-20,8800,0,4400,4400,0,4344,Expired,
2410,5962,1,LEG-2410,33,40 sessions,2025-07-26,2025-09-03,2026-01-07,4400,0,4400,0,0,4341,Expired,
2409,5639,1,417,8,1 month,2025-07-26,2025-07-26,2025-08-25,3000,0,3000,0,0,4339,Expired,
2408,9405,1,LEG-2408,8,1 month,2025-07-25,2026-05-05,2026-06-04,3000,0,1500,1500,0,7337,Expired,سددت 400  day use + 1100 visa
2406,2087,1,LEG-2406,43,Nutrition 4 sessions,2025-07-25,2025-07-25,2025-09-08,950,0,950,0,0,,Expired,
2405,3626,1,202,17,annual membership,2025-07-24,2026-01-01,2027-03-02,12800,0,2800,10000,0,04327,Active,
2404,9300,1,LEG-2404,47,8 sessions classes,2025-07-24,2025-07-24,2025-08-23,700,0,700,0,0,4326,Expired,
2403,4440,1,773,15,6 months,2025-07-24,2025-07-26,2026-02-20,8800,0,8800,0,0,4325,Expired,
2402,9379,1,LEG-2402,39,youth program 20 sessions,2025-07-24,2025-07-25,2025-10-03,3000,0,3000,0,0,4319,Expired,تم اختيار كوتش حجازى لحين توزيعه+ ناقص استكمال بياناته
2401,9378,1,LEG-2401,46,4 sessions classes,2025-07-24,2025-07-24,2025-08-23,450,0,450,0,0,4321,Expired,
2400,9343,1,LEG-2400,46,4 sessions classes,2025-07-24,2025-07-24,2025-08-23,450,0,450,0,0,4320,Expired,
2399,8257,1,LEG-2399,32,20 sessions,2025-07-24,2025-07-26,2025-10-04,2500,0,2500,0,0,4316,Expired,
2398,9328,1,769,20,Morning membership 6am - 1 pm,2025-07-23,2025-07-24,2026-10-04,8500,0,8500,0,0,4315,Active,no need coach
2397,2952,1,LEG-2397,17,annual membership,2025-07-23,2025-08-01,2026-08-31,12800,0,12800,0,0,4314,Expired,
2396,8381,1,768,15,6 months,2025-07-23,2025-07-25,2026-01-21,8800,0,4400,4400,0,4313,Expired,
2395,1837,1,201,36,head coach 20 sessions,2025-07-23,2025-07-24,2025-10-02,3000,0,1500,1500,1500,4312,Expired,
2394,8814,1,717,42,Nutrition 1 session,2025-07-23,2025-07-23,2025-07-30,300,0,300,0,0,,Expired,
2393,7554,1,LEG-2393,30,12 sessions,2025-07-23,2025-07-31,2025-09-11,1800,0,1600,200,0,4308,Expired,
2392,6083,1,LEG-2392,30,12 sessions,2025-07-23,2025-07-23,2025-09-03,1800,0,1800,0,0,4307,Expired,
2391,6657,1,LEG-2391,32,20 sessions,2025-07-22,2025-07-22,2025-09-30,2500,0,2500,0,0,4303,Expired,
2390,4615,1,LEG-2390,29,8 sessions,2025-07-22,2025-08-05,2025-09-09,1350,0,1350,0,0,4302,Expired,تجديد pt  من 22/7/2025
2389,4396,1,LEG-2389,12,3 Months,2025-07-22,2025-07-22,2025-10-20,5000,0,5000,0,0,4301,Expired,
2388,3958,1,LEG-2388,30,12 sessions,2025-07-22,2025-07-22,2025-09-02,1800,0,1800,0,0,04300,Expired,
2387,4696,1,LEG-2387,12,3 Months,2025-07-22,2025-07-22,2025-11-19,5000,0,5000,0,0,4298,Expired,
2386,7836,1,LEG-2386,12,3 Months,2025-07-21,2025-07-21,2025-10-19,6500,0,6500,0,0,4296,Expired,
2385,9238,1,LEG-2385,17,annual membership,2025-07-21,2025-07-26,2026-07-26,14000,0,7000,7000,0,4294,Expired,سدد 7000 متبقى 7000
2384,7978,1,696,32,20 sessions,2025-07-21,2025-07-21,2025-09-29,2500,0,2500,0,0,4293,Expired,
2383,9259,1,766,30,12 sessions,2025-07-21,2025-07-21,2025-09-01,1800,0,1000,800,800,mm04292,Expired,
2382,9259,1,LEG-2382,8,1 month,2025-07-21,2025-07-21,2025-08-20,3000,0,3000,0,0,4292,Expired,
2381,8941,1,LEG-2381,32,20 sessions,2025-07-21,2025-07-21,2025-09-29,2500,0,1800,700,0,04290,Expired,
2380,8489,1,765,12,3 Months,2025-07-20,2025-07-20,2025-12-01,6500,0,6500,0,0,4289,Expired,
2379,8251,1,LEG-2379,33,40 sessions,2025-07-20,2025-09-01,2026-01-05,4000,0,1000,3000,0,p4288,Expired,
2378,8251,1,LEG-2378,12,3 Months,2025-07-20,2025-09-01,2025-12-12,5000,0,3000,2000,0,4288,Expired,
2377,9254,1,LEG-2377,47,8 sessions classes,2025-07-20,2025-07-20,2025-08-19,700,0,700,0,0,4287,Expired,
2376,8418,1,685,43,Nutrition 4 sessions,2025-07-20,2025-07-20,2025-09-03,950,0,950,0,0,,Expired,
2375,9117,1,LEG-2375,12,3 Months,2025-07-20,2025-07-20,2025-10-28,5000,0,5000,0,0,4286,Expired,exp dr : fadi
2374,9296,1,761,46,4 sessions classes,2025-07-20,2025-07-20,2025-08-19,450,0,450,0,0,4285,Expired,
2373,3350,1,452,12,3 Months,2025-07-20,2025-07-31,2025-11-12,5000,0,5000,0,0,4284,Expired,
2372,5043,1,760,46,4 sessions classes,2025-07-20,2025-07-20,2025-08-19,450,0,450,0,0,4283,Expired,
2371,3904,1,LEG-2371,41,20 sessions youth program head coach,2025-07-20,2025-07-20,2025-09-28,1500,0,1500,0,0,4281,Expired,
2370,9066,1,LEG-2370,15,6 months,2025-07-20,2025-07-20,2026-01-16,10000,0,5000,5000,5000,4280,Expired,
2369,9213,1,758,46,4 sessions classes,2025-07-20,2025-07-20,2025-08-19,450,0,450,0,0,4277,Expired,
2368,8912,1,754,28,4 sessions,2025-07-19,2025-07-20,2025-08-17,800,0,800,0,0,,Expired,
2367,2407,1,LEG-2367,49,1 month full classes,2025-07-19,2025-07-19,2025-08-18,1000,0,1000,0,0,4274,Expired,
2366,1603,1,LEG-2366,8,1 month,2025-07-19,2025-07-19,2025-08-18,3000,0,3000,0,0,4273,Expired,
2365,9206,1,757,12,3 Months,2025-07-19,2025-07-19,2025-10-17,6500,0,6500,0,0,4268,Cancelled,@Cancelled
2364,9229,1,756,8,1 month,2025-07-19,2025-07-19,2025-08-18,3000,0,3000,0,0,4271,Expired,
2363,8183,1,753,32,20 sessions,2025-07-19,2025-07-19,2025-09-27,2500,0,2500,0,0,4272,Expired,
2362,5483,1,LEG-2362,32,20 sessions,2025-07-19,2025-07-19,2025-09-27,2500,0,2500,0,0,4270,Expired,
2361,9195,1,LEG-2361,45,Nutrition 12 sessions,2025-07-18,2025-07-20,2025-11-17,1920,0,1920,0,0,,Expired,
2360,9195,1,LEG-2360,33,40 sessions,2025-07-18,2025-07-18,2025-11-21,4000,0,4000,0,0,p4266,Expired,
2359,9195,1,LEG-2359,12,3 Months,2025-07-18,2025-07-18,2025-11-15,5000,0,5000,0,0,4266,Expired,
2358,5231,1,LEG-2358,15,6 months,2025-07-18,2025-07-23,2026-01-27,8800,0,8800,0,0,4265,Expired,
2357,8912,1,LEG-2357,8,1 month,2025-07-18,2025-07-19,2025-08-18,3000,0,3000,0,0,4264,Expired,
2356,8183,1,LEG-2356,11,2 months,2025-07-18,2025-07-19,2025-09-17,4500,0,4500,0,0,4262,Expired,
2355,8449,1,752,17,annual membership,2025-07-17,2025-07-18,2026-07-18,12800,0,12800,0,0,4256,Expired,
2354,9056,1,737,29,8 sessions,2025-07-17,2025-07-17,2025-08-21,1350,0,1350,0,0,04254,Expired,
2353,5135,1,LEG-2353,12,3 Months,2025-07-17,2025-07-17,2025-10-25,5000,0,5000,0,0,4253,Expired,
2352,7778,1,683,32,20 sessions,2025-07-16,2025-07-19,2025-09-27,2500,0,500,2000,0,4252,Expired,
2351,4241,1,280,12,3 Months,2025-07-16,2025-07-19,2025-11-01,5000,0,5000,0,0,4249,Expired,
2350,4938,1,441,12,3 Months,2025-07-16,2025-08-05,2025-11-17,5000,0,5000,0,0,04247,Expired,
2349,9043,1,751,15,6 months,2025-07-16,2025-07-16,2026-02-01,8800,0,1000,7800,0,04246,Expired,
2348,9046,1,750,17,annual membership,2025-07-16,2025-07-16,2026-09-14,12800,0,12800,0,0,04242,Active,انزلاق غضروفي في الفقره /4.5/اصابه سابقه /مشاكل وراثيه في القلب /زياده في نسبه كوليسنرول بالدم /
2347,9057,1,749,17,annual membership,2025-07-16,2025-07-16,2026-09-13,12800,0,6400,6400,0,04244,Active,
2346,9044,1,748,17,annual membership,2025-07-16,2025-08-07,2026-09-28,12800,0,6400,6400,0,04239,Active,
2345,9082,1,LEG-2345,15,6 months,2025-07-16,2025-07-16,2026-03-13,8800,0,3800,5000,0,04243,Expired,
2344,7304,1,LEG-2344,8,1 month,2025-07-16,2025-07-17,2025-08-16,3000,0,3000,0,0,4245,Expired,
2343,8149,1,745,15,6 months,2025-07-15,2025-07-23,2026-01-19,8800,0,8800,0,0,04241,Expired,
2342,8150,1,744,15,6 months,2025-07-15,2025-07-23,2026-02-25,8800,0,8800,0,0,04240,Expired,
2341,6311,1,743,17,annual membership,2025-07-15,2025-08-07,2026-09-28,12800,0,6400,6400,0,04238,Active,
2340,9088,1,742,17,annual membership,2025-07-15,2025-07-15,2026-08-28,12800,0,10000,2800,0,4237,Expired,
2339,8941,1,LEG-2339,15,6 months,2025-07-15,2025-07-15,2026-01-20,8800,0,8800,0,0,4236,Expired,
2338,9023,1,LEG-2338,15,6 months,2025-07-15,2025-07-16,2026-01-19,8800,0,4000,4800,0,4234,Expired,
2337,8561,1,LEG-2337,48,12 sessions classes,2025-07-15,2025-07-15,2025-08-14,2150,0,1350,800,0,04230,Expired,دافعه برايفيت بوكسينج مع كوتش عبدالله المصري
2336,4513,1,369,12,3 Months,2025-07-15,2025-07-15,2025-10-13,6500,0,6500,0,0,04231,Expired,
2335,2647,1,738,17,annual membership,2025-07-15,2025-07-18,2026-09-16,12800,0,6400,6400,0,04213,Active,
2334,9056,1,LEG-2334,8,1 month,2025-07-15,2025-07-15,2025-08-14,3000,0,3000,0,0,4228,Expired,
2332,5483,1,LEG-2332,17,annual membership,2025-07-14,2025-07-15,2027-01-01,12800,0,12800,0,0,4227,Active,
2331,5408,1,LEG-2331,15,6 months,2025-07-14,2025-07-14,2026-01-10,8800,0,8800,0,0,4226,Expired,
2330,7047,1,LEG-2330,39,youth program 20 sessions,2025-07-14,2025-07-14,2025-09-22,3000,0,3000,0,0,4223,Expired,
2329,4655,1,LEG-2329,30,12 sessions,2025-07-14,2025-07-16,2025-09-26,1800,0,1800,0,0,4209,Expired,
2328,7494,1,689,37,head coach 40 sessions,2025-07-14,2025-07-14,2025-11-17,5400,0,5400,0,0,04222,Cancelled,@Cancelled
2327,4023,1,LEG-2327,32,20 sessions,2025-07-14,2025-07-14,2025-09-22,2500,0,2500,0,0,4221,Expired,
2326,8626,1,LEG-2326,17,annual membership,2025-07-13,2025-08-01,2026-08-30,12800,0,12800,0,0,4220,Expired,
2325,6621,1,LEG-2325,49,1 month full classes,2025-07-13,2025-07-13,2025-08-12,1000,0,1000,0,0,4219,Expired,
2324,8795,1,732,33,40 sessions,2025-07-13,2025-07-19,2025-11-22,4000,0,4000,0,0,p4214,Expired,حجازى لحين توزيعة
2323,8795,1,LEG-2323,12,3 Months,2025-07-13,2025-07-19,2025-10-17,5000,0,5000,0,0,4214,Expired,
2322,8427,1,686,39,youth program 20 sessions,2025-07-13,2025-07-02,2025-09-10,4500,0,4500,0,0,p4083,Expired,سدد 4500
2321,8261,1,LEG-2321,46,4 sessions classes,2025-07-13,2025-07-13,2025-08-12,450,0,450,0,0,4218,Expired,
2320,8992,1,LEG-2320,22,annual monglish offer,2025-07-13,2025-07-14,2026-07-14,10500,0,5500,5000,0,4212,Expired,
2319,8661,1,LEG-2319,33,40 sessions,2025-07-13,2025-07-08,2025-11-11,4000,400,2000,1600,0,p4211,Expired,
2318,1284,1,LEG-2318,12,3 Months,2025-07-13,2025-07-13,2025-11-16,6500,0,6500,0,0,04210,Expired,
2317,5422,1,LEG-2317,12,3 Months,2025-07-13,2025-07-28,2025-11-08,5000,0,5000,0,0,04208,Expired,
2316,8982,1,729,38,youth program 10 sessions,2025-07-13,2025-07-13,2025-08-24,2000,0,2000,0,0,04207,Expired,
2315,3840,1,LEG-2315,15,6 months,2025-07-12,2025-07-12,2026-01-08,8800,0,8800,0,0,4205,Expired,
2314,3841,1,330,32,20 sessions,2025-07-12,2025-07-12,2025-09-20,2500,0,2500,0,0,4206,Expired,
2313,8809,1,LEG-2313,15,6 months,2025-07-12,2025-07-15,2026-01-26,8800,0,8800,0,0,4203,Expired,
2312,8588,1,698,32,20 sessions,2025-07-12,2025-07-12,2025-09-20,2500,0,750,1750,0,4202,Expired,
2311,8947,1,727,17,annual membership,2025-07-12,2025-07-20,2026-09-18,12800,0,12800,0,0,4201,Active,
2310,8693,1,LEG-2310,46,4 sessions classes,2025-07-12,2025-07-12,2025-08-11,450,0,450,0,0,4200,Expired,
2309,3756,1,LEG-2309,30,12 sessions,2025-07-12,2025-07-13,2025-08-24,1800,0,1800,0,0,04199,Expired,
2307,8940,1,725,8,1 month,2025-07-12,2025-07-13,2025-08-12,3000,0,3000,0,0,4197,Expired,
2306,4576,1,LEG-2306,32,20 sessions,2025-07-12,2025-07-12,2026-05-18,2500,0,2500,0,0,4198,Expired,
2305,6084,1,LEG-2305,30,12 sessions,2025-07-12,2025-07-12,2025-08-23,1800,0,1800,0,0,04194,Expired,
2304,8883,1,LEG-2304,17,annual membership,2025-07-11,2025-07-16,2026-07-30,12800,0,12800,0,0,4193,Expired,
2303,8907,1,723,8,1 month,2025-07-11,2025-07-12,2025-08-11,3000,0,3000,0,0,4192,Expired,
2302,8903,1,722,8,1 month,2025-07-11,2025-07-12,2025-08-11,3000,0,3000,0,0,4191,Expired,
2301,5064,1,LEG-2301,33,40 sessions,2025-07-11,2025-10-22,2026-02-25,4000,0,4000,0,0,p4190,Expired,
2300,5064,1,LEG-2300,12,3 Months,2025-07-11,2025-07-11,2025-10-09,5000,0,5000,0,0,4190,Expired,
2299,8836,1,721,15,6 months,2025-07-11,2025-07-17,2026-02-11,8800,0,8800,0,0,4189,Expired,
2298,8859,1,720,39,youth program 20 sessions,2025-07-11,2025-07-12,2025-09-20,3000,0,3000,0,0,04187,Expired,
2297,8837,1,719,15,6 months,2025-07-11,2025-07-11,2026-01-14,8800,0,8800,0,0,4186,Expired,
2296,4236,1,LEG-2296,39,youth program 20 sessions,2025-07-10,2025-07-20,2025-09-28,3000,0,1500,1500,0,4184,Expired,
2295,5803,1,LEG-2295,31,16 sessions,2025-07-10,2025-07-10,2025-09-04,2200,0,2200,0,0,4183,Expired,
2294,8411,1,718,17,annual membership,2025-07-10,2025-07-18,2026-07-18,12800,0,3000,9800,9800,4181,Cancelled,@Cancelled
2293,8814,1,LEG-2293,49,1 month full classes,2025-07-10,2025-07-10,2025-08-09,1000,0,1000,0,0,4180,Expired,
2292,5357,1,LEG-2292,30,12 sessions,2025-07-10,2025-07-10,2025-08-21,1800,0,1800,0,0,4179,Expired,
2291,5357,1,LEG-2291,12,3 Months,2025-07-10,2025-07-15,2025-10-27,5000,0,5000,0,0,4178,Expired,
2290,2986,1,716,17,annual membership,2025-07-10,2025-08-15,2026-08-15,12800,0,6400,6400,0,4176,Expired,
2289,3888,1,534,30,12 sessions,2025-07-09,2025-07-10,2025-08-21,1800,0,1800,0,0,4175,Expired,
2288,8350,1,LEG-2288,17,annual membership,2025-07-09,2025-09-17,2026-11-10,12800,0,12800,0,0,4174,Active,
2287,8708,1,714,12,3 Months,2025-07-09,2025-07-09,2025-11-20,5000,0,2500,2500,0,4172,Expired,
2286,4174,1,713,17,annual membership,2025-07-09,2025-07-09,2026-07-09,12800,0,12800,0,0,4170,Expired,
2285,2985,1,LEG-2285,32,20 sessions,2025-07-09,2025-07-14,2025-09-22,2500,0,2500,0,0,4171,Expired,
2284,6027,1,LEG-2284,29,8 sessions,2025-07-09,2025-07-09,2025-08-13,1350,0,1350,0,0,4168,Expired,
2283,3762,1,LEG-2283,32,20 sessions,2025-07-09,2025-07-09,2025-09-17,2500,0,2500,0,0,04167,Expired,
2282,8389,1,712,20,Morning membership 6am - 1 pm,2025-07-09,2025-07-11,2026-07-11,8000,0,4000,4000,0,04165,Expired,
2281,5470,1,711,15,6 months,2025-07-09,2025-07-09,2026-01-05,8800,0,8800,0,0,Mm04166,Expired,
2278,8081,1,LEG-2278,26,Marines,2025-07-08,2025-07-08,2026-09-06,10500,0,5250,5250,0,p4162,Expired,
2277,4901,1,LEG-2277,15,6 months,2025-07-08,2025-07-07,2026-01-03,8800,0,8800,0,0,4146,Expired,
2276,8651,1,LEG-2276,26,Marines,2025-07-08,2025-07-08,2026-08-31,10500,0,5900,4600,0,4163,Expired,
2274,4288,1,675,32,20 sessions,2025-07-08,2025-07-08,2025-09-16,2500,0,2500,0,0,4161,Expired,
2273,8190,1,LEG-2273,32,20 sessions,2025-07-08,2025-07-08,2025-09-16,2500,0,2200,300,0,4160,Expired,
2272,4953,1,707,33,40 sessions,2025-07-08,2025-07-08,2025-11-11,4000,0,4000,0,0,04157,Expired,
2271,4953,1,LEG-2271,12,3 Months,2025-07-08,2025-07-08,2025-10-20,5000,0,5000,0,0,04156,Expired,
2270,7838,1,LEG-2270,17,annual membership,2025-07-08,2025-07-08,2026-08-22,12800,0,6500,6300,0,04103,Expired,
2269,4884,1,LEG-2269,30,12 sessions,2025-07-08,2025-07-08,2025-08-19,1800,0,1800,0,0,04151,Expired,
2268,8521,1,705,12,3 Months,2025-07-08,2025-07-08,2025-10-06,6500,0,6500,0,0,04150,Expired,
2267,8347,1,LEG-2267,33,40 sessions,2025-07-08,2025-07-08,2025-11-11,4400,0,4400,0,0,4148,Expired,
2266,8661,1,LEG-2266,12,3 Months,2025-07-07,2025-07-08,2025-10-20,5000,0,5000,0,0,04144,Expired,
2265,8559,1,LEG-2265,12,3 Months,2025-07-07,2025-08-01,2025-11-29,6500,0,3000,3500,0,04141,Expired,هيعمل الفتنس بروفايل لما يجي الجيم
2264,5296,1,702,17,annual membership,2025-07-07,2025-07-07,2026-07-07,16200,0,2700,13500,8100,04140,Expired,
2263,4918,1,LEG-2263,12,3 Months,2025-07-07,2025-07-08,2025-11-05,6500,0,6500,0,0,04142,Expired,
2262,4230,1,LEG-2262,32,20 sessions,2025-07-07,2025-07-07,2025-09-15,2500,0,2500,0,0,04137,Expired,
2261,3944,1,207,30,12 sessions,2025-07-07,2025-07-07,2025-08-18,1800,0,1800,0,0,04134,Expired,
2260,8257,1,LEG-2260,20,Morning membership 6am - 1 pm,2025-07-07,2025-07-10,2026-08-07,8000,0,8000,0,0,04131,Expired,
2259,4778,1,335,12,3 Months,2025-07-07,2025-07-07,2025-10-05,5000,0,5000,0,0,04130,Expired,
2258,5803,1,LEG-2258,8,1 month,2025-07-06,2025-07-06,2025-08-05,3000,0,3000,0,0,4129,Expired,
2257,8418,1,LEG-2257,33,40 sessions,2025-07-06,2025-07-06,2025-11-09,4000,0,4000,0,0,p4128,Expired,
2256,8588,1,LEG-2256,17,annual membership,2025-07-06,2025-07-06,2026-09-30,12800,0,8000,4800,0,4124,Freezed,
2255,8592,1,LEG-2255,39,youth program 20 sessions,2025-07-06,2025-07-07,2025-09-15,3000,0,3000,0,0,4123,Expired,
2254,7978,1,LEG-2254,12,3 Months,2025-07-06,2025-07-07,2025-10-15,6500,0,6500,0,0,4122,Expired,
2253,8597,1,LEG-2253,47,8 sessions classes,2025-07-06,2025-07-06,2025-08-05,700,0,700,0,0,4118,Expired,
2252,8565,1,694,33,40 sessions,2025-07-06,2025-07-09,2025-11-12,4000,0,4000,0,0,04117,Expired,
2251,8565,1,LEG-2251,12,3 Months,2025-07-06,2025-07-09,2025-10-07,5000,0,5000,0,0,04116,Expired,
2250,8273,1,LEG-2250,17,annual membership,2025-07-05,2025-09-03,2026-10-24,12800,0,6000,6800,0,4114,Active,
2249,3923,1,193,40,8 sessions youth program head coach,2025-07-05,2025-07-08,2025-08-12,1500,0,1500,0,0,04113,Expired,
2248,7182,1,692,15,6 months,2025-07-04,2025-07-05,2026-02-28,8800,0,8800,0,0,4112,Expired,
2247,8543,1,LEG-2247,17,annual membership,2025-07-04,2025-07-05,2026-09-03,12800,0,12800,0,0,4111,Expired,
2246,7175,1,LEG-2246,30,12 sessions,2025-07-04,2025-07-23,2025-09-03,1800,0,1800,0,0,4110,Expired,
2245,8352,1,682,12,3 Months,2025-06-30,2025-07-01,2025-10-09,6500,0,6500,0,0,p4068,Expired,
2244,8362,1,681,12,3 Months,2025-06-30,2025-07-01,2025-09-29,6500,0,6500,0,0,p4067,Expired,
2243,8353,1,680,12,3 Months,2025-06-30,2025-07-01,2025-10-09,6500,0,6500,0,0,p4066,Expired,
2242,4478,1,LEG-2242,12,3 Months,2025-07-04,2025-07-05,2025-10-17,5000,0,5000,0,0,04106,Expired,
2241,5688,1,LEG-2241,36,head coach 20 sessions,2025-07-04,2025-07-04,2025-09-12,3000,0,1000,2000,0,m 04105,Expired,
2240,5688,1,LEG-2240,12,3 Months,2025-07-04,2025-07-04,2025-10-09,6500,0,3000,3500,0,04105,Expired,عامل عمليه /وعنده قطع في الرباط الصليبي امامي وغضروف /وعنده مشكله في التنفس /اتضراب في العضلات /
2239,6044,1,LEG-2239,49,1 month full classes,2025-07-03,2025-07-05,2025-08-04,1000,0,1000,0,0,4102,Expired,
2238,1809,1,243,8,1 month,2025-07-03,2025-07-04,2025-08-03,2200,0,2200,0,0,4101,Expired,
2237,8048,1,659,32,20 sessions,2025-07-03,2025-07-12,2025-09-20,2500,0,2500,0,0,4100,Expired,
2236,6153,1,LEG-2236,30,12 sessions,2025-07-03,2025-07-08,2025-08-19,1800,0,1800,0,0,4098,Expired,
2235,851,1,LEG-2235,33,40 sessions,2025-07-03,2025-07-03,2025-11-06,4400,0,4400,0,0,4097,Expired,
2234,7494,1,LEG-2234,22,annual monglish offer,2025-07-03,2025-07-03,2026-07-03,10500,0,4000,6500,0,04099,Cancelled,هتعمل الفتنس بروفايل لما تيجي الجيم@Cancelled
2233,4543,1,LEG-2233,32,20 sessions,2025-07-02,2025-07-11,2025-09-19,2500,0,2500,0,0,4096,Expired,
2232,3284,1,LEG-2232,12,3 Months,2025-07-02,2025-07-04,2025-10-02,5000,0,5000,0,0,4095,Expired,exp dr : fadi
2231,6041,1,464,31,16 sessions,2025-07-02,2025-07-03,2025-08-28,2200,0,2200,0,0,4094,Expired,
2229,4441,1,LEG-2229,12,3 Months,2025-07-02,2025-07-03,2025-10-01,5000,0,5000,0,0,04092,Expired,
2228,7229,1,LEG-2228,18,Annual family membership,2025-07-01,2025-07-02,2026-07-02,11800,0,10000,1800,0,4088,Expired,
2227,8357,1,688,17,annual membership,2025-07-01,2025-07-02,2026-09-30,12800,0,12800,0,0,4085,Active,
2226,8356,1,687,17,annual membership,2025-07-01,2025-07-02,2026-08-27,12800,0,12800,0,0,4084,Expired,
2224,6200,1,501,30,12 sessions,2025-07-01,2025-07-01,2025-08-12,1800,0,1800,0,0,4086,Expired,
2223,5231,1,LEG-2223,32,20 sessions,2025-07-01,2025-07-01,2025-09-09,2500,0,2500,0,0,4082,Expired,
2222,8418,1,LEG-2222,12,3 Months,2025-07-01,2025-07-01,2025-09-29,5000,0,3000,2000,0,4080,Expired,
2220,4884,1,LEG-2220,12,3 Months,2025-07-01,2025-07-07,2025-10-05,5000,0,5000,0,0,4076,Expired,
2219,5983,1,LEG-2219,32,20 sessions,2025-07-01,2025-07-01,2025-09-09,2500,0,2500,0,0,04077,Expired,
2218,7882,1,LEG-2218,30,12 sessions,2025-07-01,2025-07-01,2025-08-12,1800,0,1800,0,0,04075,Expired,
2217,6262,1,LEG-2217,32,20 sessions,2025-07-01,2025-07-06,2025-09-14,2500,0,2500,0,0,4073,Expired,
2216,7778,1,LEG-2216,17,annual membership,2025-06-30,2025-07-15,2026-12-31,12800,0,8800,4000,0,4072,Active,
2215,5064,1,LEG-2215,32,20 sessions,2025-06-30,2025-08-12,2025-10-21,2500,0,2500,0,0,4071,Expired,
2214,6202,1,LEG-2214,32,20 sessions,2025-06-30,2025-07-15,2025-09-23,2500,0,2500,0,0,4070,Expired,
2210,8078,1,679,15,6 months,2025-06-30,2025-08-08,2026-02-04,8800,0,8800,0,0,4064,Expired,
2209,5928,1,LEG-2209,30,12 sessions,2025-06-30,2025-06-30,2025-08-11,1800,0,1800,0,0,4062,Expired,
2208,2985,1,LEG-2208,12,3 Months,2025-06-30,2025-07-11,2025-10-23,6500,0,6500,0,0,4061,Expired,
2207,6027,1,LEG-2207,43,Nutrition 4 sessions,2025-06-30,2025-06-30,2025-08-14,950,0,950,0,0,,Expired,
2205,7075,1,LEG-2205,8,1 month,2025-06-30,2025-06-30,2025-07-30,3000,0,3000,0,0,04058,Expired,
2204,8347,1,LEG-2204,15,6 months,2025-06-30,2025-07-01,2025-12-28,8800,0,8800,0,0,4051,Expired,
2203,5584,1,407,29,8 sessions,2025-06-30,2025-07-08,2025-08-12,1350,0,1350,0,0,4056,Expired,
2202,7767,1,LEG-2202,32,20 sessions,2025-06-30,2025-06-30,2025-09-08,2500,0,2500,0,0,4057,Expired,
2201,5584,1,LEG-2201,15,6 months,2025-06-30,2025-07-19,2026-01-15,8800,0,4400,4400,4400,4055,Expired,
2200,4869,1,LEG-2200,32,20 sessions,2025-06-30,2025-09-05,2025-11-14,2500,0,2500,0,0,4054,Expired,
2199,4515,1,LEG-2199,32,20 sessions,2025-06-30,2025-06-30,2025-09-08,2500,0,2500,0,0,4053,Expired,
2198,8341,1,676,8,1 month,2025-06-30,2025-07-01,2025-07-31,3000,0,3000,0,0,4052,Expired,
2197,5833,1,LEG-2197,43,Nutrition 4 sessions,2025-06-29,2025-06-29,2025-08-13,950,0,950,0,0,,Expired,
2195,1788,1,LEG-2195,33,40 sessions,2025-06-29,2025-09-19,2026-01-23,4400,0,4400,0,0,4048,Expired,
2193,8334,1,LEG-2193,12,3 Months,2025-06-29,2025-07-05,2025-10-03,5000,0,5000,0,0,4044,Expired,
2192,8079,1,LEG-2192,15,6 months,2025-06-29,2025-06-29,2025-12-26,8800,0,8800,0,0,4040,Expired,
2191,6723,1,LEG-2191,43,Nutrition 4 sessions,2025-06-29,2025-06-29,2025-08-13,950,0,950,0,0,,Expired,
2190,7161,1,LEG-2190,32,20 sessions,2025-06-29,2025-06-30,2025-09-08,2500,0,2500,0,0,04036,Expired,
2189,3350,1,LEG-2189,28,4 sessions,2025-06-29,2025-07-21,2025-08-18,800,0,800,0,0,,Expired,
2188,7957,1,LEG-2188,15,6 months,2025-06-29,2025-07-05,2026-01-13,8800,0,8800,0,0,04034,Expired,هيعمل الفتنس بروفايل لما يجي الجيم
2187,7766,1,644,33,40 sessions,2025-06-29,2025-06-29,2025-11-02,4400,0,4400,0,0,4032,Expired,
2186,8269,1,LEG-2186,38,youth program 10 sessions,2025-06-29,2025-06-29,2025-08-10,2000,0,2000,0,0,4031,Expired,
2185,8268,1,670,46,4 sessions classes,2025-06-28,2025-06-28,2025-07-28,450,0,450,0,0,4017,Expired,
2184,8240,1,LEG-2184,33,40 sessions,2025-06-28,2025-06-29,2025-11-02,4000,0,4000,0,0,p4030,Expired,
2183,8240,1,LEG-2183,12,3 Months,2025-06-28,2025-06-29,2025-10-25,5000,0,5000,0,0,4030,Expired,
2182,7869,1,649,29,8 sessions,2025-06-28,2025-06-28,2025-08-02,1350,0,1350,0,0,4029,Expired,
2181,7468,1,LEG-2181,39,youth program 20 sessions,2025-06-28,2025-06-29,2025-09-07,3000,0,3000,0,0,4028,Expired,
2180,6837,1,563,49,1 month full classes,2025-06-28,2025-06-30,2025-07-30,1000,0,1000,0,0,4024,Expired,
2179,8261,1,LEG-2179,46,4 sessions classes,2025-06-28,2025-06-29,2025-07-29,450,0,450,0,0,4027,Expired,
2178,6621,1,LEG-2178,48,12 sessions classes,2025-06-28,2025-07-01,2025-07-31,850,0,850,0,0,4025,Expired,
2177,8190,1,LEG-2177,12,3 Months,2025-06-28,2025-06-28,2025-09-26,6500,0,6500,0,0,4026,Expired,
2176,8009,1,LEG-2176,12,3 Months,2025-06-28,2025-06-28,2025-09-30,6500,0,6500,0,0,4022,Expired,
2175,3862,1,LEG-2175,30,12 sessions,2025-06-28,2025-06-28,2025-08-09,1800,0,1800,0,0,4020,Expired,
2174,6150,1,LEG-2174,32,20 sessions,2025-06-28,2025-06-28,2025-09-06,2500,0,2500,0,0,04018,Expired,
2173,7542,1,665,12,3 Months,2025-06-28,2025-07-14,2025-10-23,6500,0,6500,0,0,04016,Expired,
2172,5422,1,LEG-2172,8,1 month,2025-06-28,2025-06-28,2025-07-28,2200,0,2200,0,0,04015,Expired,
2171,1985,1,LEG-2171,17,annual membership,2025-06-27,2025-08-01,2026-08-01,12800,0,4000,8800,0,3986,Expired,
2170,5833,1,LEG-2170,32,20 sessions,2025-06-27,2025-08-12,2025-10-21,2500,0,2500,0,0,04014,Expired,
2169,8182,1,664,17,annual membership,2025-06-27,2025-06-27,2026-06-27,12800,0,6400,6400,0,4010,Expired,
2168,7491,1,LEG-2168,32,20 sessions,2025-06-27,2025-06-27,2025-09-05,2500,0,2500,0,0,04009,Expired,
2167,8148,1,LEG-2167,17,annual membership,2025-06-26,2025-06-26,2026-10-14,10500,0,5500,5000,0,04008,Active,
2166,5036,1,LEG-2166,12,3 Months,2025-06-26,2025-06-26,2025-09-24,5000,0,5000,0,0,04002,Expired,
2165,8146,1,LEG-2165,15,6 months,2025-06-26,2025-06-26,2026-01-07,8800,0,8800,0,0,04007,Expired,
2164,3766,1,146,33,40 sessions,2025-06-26,2025-06-26,2025-10-30,4400,0,4400,0,0,04003,Expired,
2163,4615,1,LEG-2163,29,8 sessions,2025-06-26,2025-07-01,2025-08-05,1350,0,1350,0,0,04004,Expired,
2162,2732,1,LEG-2162,32,20 sessions,2025-06-26,2025-08-31,2025-11-09,2500,0,2500,0,0,04001,Expired,
2161,7952,1,656,31,16 sessions,2025-06-26,2025-06-26,2025-08-21,2200,0,1100,1100,0,04000,Expired,
2160,6286,1,LEG-2160,32,20 sessions,2025-06-26,2025-07-21,2025-09-29,2500,0,2500,0,0,03999,Expired,
2159,5658,1,LEG-2159,32,20 sessions,2025-06-26,2025-06-26,2025-09-04,2500,0,2500,0,0,03998,Expired,
2158,6241,1,LEG-2158,32,20 sessions,2025-06-25,2025-06-25,2025-09-03,2500,0,2500,0,0,063996,Expired,
2157,5243,1,LEG-2157,29,8 sessions,2025-06-25,2025-06-25,2025-07-30,1350,0,1350,0,0,03995,Expired,
2156,6916,1,LEG-2156,32,20 sessions,2025-06-25,2025-06-25,2025-09-03,2500,0,2500,0,0,03994,Expired,
2155,7558,1,658,33,40 sessions,2025-06-25,2025-06-25,2025-10-29,4000,0,4000,0,0,03993,Expired,
2154,8066,1,LEG-2154,8,1 month,2025-06-25,2025-06-25,2025-07-25,2200,0,2200,0,0,03990,Expired,
2153,3809,1,LEG-2153,32,20 sessions,2025-06-25,2025-07-18,2025-09-26,2500,0,2500,0,0,03989,Expired,
2152,8048,1,LEG-2152,17,annual membership,2025-06-24,2025-06-24,2026-07-19,8800,0,8800,0,0,03987,Expired,
2150,5798,1,430,39,youth program 20 sessions,2025-06-23,2025-06-23,2025-09-01,3000,0,3000,0,0,03983,Expired,
2149,7558,1,LEG-2149,12,3 Months,2025-06-23,2025-06-23,2025-09-21,5000,0,5000,0,0,03981,Expired,
2148,7994,1,LEG-2148,39,youth program 20 sessions,2025-06-23,2025-06-23,2025-09-01,3000,0,2000,1000,0,03980,Expired,
2147,4354,1,LEG-2147,12,3 Months,2025-06-23,2025-06-22,2025-09-20,6500,0,6500,0,0,03976,Expired,
2146,4565,1,LEG-2146,32,20 sessions,2025-06-23,2025-07-03,2025-09-11,2500,0,2500,0,0,03978,Expired,
2145,7347,1,LEG-2145,32,20 sessions,2025-06-23,2025-06-23,2025-09-01,2500,0,2500,0,0,03979,Expired,
2144,7868,1,647,33,40 sessions,2025-06-23,2025-06-23,2025-10-27,4400,0,4400,0,0,03977,Expired,
2143,4289,1,LEG-2143,47,8 sessions classes,2025-06-22,2025-06-22,2025-07-22,700,0,700,0,0,03972,Expired,
2142,7952,1,LEG-2142,12,3 Months,2025-06-21,2025-06-25,2025-09-23,6500,0,6500,0,0,3969,Expired,
2140,5616,1,LEG-2140,39,youth program 20 sessions,2025-06-21,2025-06-21,2025-08-30,3000,0,3000,0,0,3967,Expired,
2139,1283,1,654,15,6 months,2025-06-21,2025-06-21,2025-12-18,8800,0,6000,2800,2800,03963,Expired,
2138,7832,1,LEG-2138,32,20 sessions,2025-06-21,2025-06-21,2025-08-30,2500,0,2500,0,0,03964,Expired,
2137,3958,1,LEG-2137,30,12 sessions,2025-06-21,2025-06-21,2025-08-02,1800,0,1800,0,0,03962,Expired,
2136,5243,1,LEG-2136,12,3 Months,2025-06-21,2025-06-21,2025-09-26,6500,0,6500,0,0,03959,Expired,
2135,7908,1,652,33,40 sessions,2025-06-20,2025-06-27,2025-10-31,4000,0,4000,0,0,3957,Expired,exp dr : fadi
2134,7908,1,LEG-2134,12,3 Months,2025-06-20,2025-06-25,2025-10-07,5000,0,5000,0,0,3956,Expired,exp dr : fadi
2133,7882,1,LEG-2133,12,3 Months,2025-06-20,2025-06-27,2025-10-29,5000,0,5000,0,0,3952,Expired,سددت 1000 انيستاباى ايصال : 3952 + 4000 ايصال 3955
2132,7869,1,LEG-2132,29,8 sessions,2025-06-20,2025-06-19,2025-07-24,1350,0,1350,0,0,3953,Expired,
2131,7551,1,LEG-2131,17,annual membership,2025-06-20,2025-07-02,2026-08-19,12800,0,5000,7800,0,3954,Expired,
2130,6634,1,557,8,1 month,2025-06-19,2025-06-19,2025-07-19,2075,0,2075,0,0,03949,Expired,
2129,3409,1,LEG-2129,15,6 months,2025-06-18,2025-06-18,2026-01-24,8800,0,8800,0,0,3947,Expired,
2128,3662,1,LEG-2128,15,6 months,2025-06-18,2025-06-18,2026-01-24,8800,0,8800,0,0,3946,Expired,
2127,7869,1,LEG-2127,8,1 month,2025-06-18,2025-06-18,2025-07-18,2200,0,2200,0,0,3944,Expired,exp dr : fadi
2126,7767,1,LEG-2126,17,annual membership,2025-06-18,2025-06-18,2026-08-17,12800,0,12800,0,0,3938,Expired,
2125,7001,1,LEG-2125,30,12 sessions,2025-06-18,2025-06-18,2025-07-30,1800,0,1800,0,0,3943,Expired,
2124,7868,1,LEG-2124,12,3 Months,2025-06-18,2025-06-18,2025-09-16,1000,0,1000,0,0,3942,Expired,exp dr : fadi
2123,7836,1,LEG-2123,8,1 month,2025-06-18,2025-06-18,2025-07-18,3000,0,3000,0,0,3939,Expired,
2122,7856,1,LEG-2122,12,3 Months,2025-06-18,2025-06-18,2025-09-16,5000,0,3000,2000,0,03941,Expired,
2121,7554,1,LEG-2121,30,12 sessions,2025-06-18,2025-06-18,2025-07-30,1800,0,1800,0,0,03940,Expired,
2120,7766,1,LEG-2120,17,annual membership,2025-06-18,2025-06-18,2026-08-01,12800,0,12800,0,0,03937,Expired,يعاني من امراض بالجهاز التنفسي
2119,5983,1,LEG-2119,12,3 Months,2025-06-17,2025-06-24,2025-10-27,5000,0,5000,0,0,3935,Expired,
2118,7832,1,LEG-2118,12,3 Months,2025-06-17,2025-06-17,2025-09-29,6500,0,6500,0,0,3933,Expired,
2117,7807,1,LEG-2117,18,Annual family membership,2025-06-17,2025-06-17,2026-06-17,11800,0,2000,9800,0,3934,Expired,عامل عمليه فتاء من ١٨ سنه
2116,7374,1,LEG-2116,39,youth program 20 sessions,2025-06-17,2025-06-17,2025-08-26,3000,0,2000,1000,0,03932,Expired,
2115,1322,1,636,12,3 Months,2025-06-16,2025-06-15,2025-09-21,6500,0,6500,0,0,p3919,Expired,
2113,7821,1,LEG-2113,8,1 month,2025-06-16,2025-06-16,2025-07-16,3000,0,3000,0,0,3929,Expired,سدد 3000 جنية فيزا
2112,7825,1,638,39,youth program 20 sessions,2025-06-16,2025-06-16,2025-08-25,3000,0,3000,0,0,3925,Expired,
2111,1603,1,LEG-2111,8,1 month,2025-06-16,2025-06-16,2025-07-16,3000,0,3000,0,0,3926,Expired,سدد 3000 فيزا
2110,2407,1,LEG-2110,49,1 month full classes,2025-06-16,2025-06-16,2025-07-16,1000,0,1000,0,0,3927,Expired,
2109,3845,1,522,36,head coach 20 sessions,2025-06-16,2025-06-17,2025-08-26,3000,0,1000,2000,0,3923,Expired,
2108,4027,1,LEG-2108,12,3 Months,2025-06-16,2025-06-16,2025-09-14,6500,0,4300,2200,0,3924,Expired,متبقى علية 2200
2107,4749,1,340,32,20 sessions,2025-06-16,2025-07-23,2025-10-01,2500,0,2500,0,0,3922,Expired,
2106,7788,1,LEG-2106,32,20 sessions,2025-06-16,2025-06-16,2025-08-25,2500,0,2500,0,0,03921,Expired,
2105,3901,1,LEG-2105,33,40 sessions,2025-06-15,2025-06-16,2025-10-20,4400,0,4400,0,0,3920,Expired,
2103,7750,1,635,47,8 sessions classes,2025-06-15,2025-06-16,2025-07-16,700,0,700,0,0,3918,Expired,
2102,6977,1,LEG-2102,20,Morning membership 6am - 1 pm,2025-06-15,2025-06-22,2026-08-15,8000,0,8000,0,0,3917,Expired,
2101,7781,1,633,8,1 month,2025-06-15,2025-06-15,2025-07-15,3000,0,3000,0,0,3916,Expired,سدد 3000 فيزا
2100,7788,1,LEG-2100,8,1 month,2025-06-15,2025-06-15,2025-07-15,3000,0,3000,0,0,03914,Expired,
2099,2616,1,LEG-2099,32,20 sessions,2025-06-14,2025-06-14,2025-08-23,2500,0,2500,0,0,3912,Expired,
2098,2940,1,LEG-2098,15,6 months,2025-06-14,2025-06-16,2025-12-27,8800,0,8800,0,0,3911,Expired,400 جنية ايصال : 3906 + 8400 جنية ايصال : 3911
2097,6869,1,LEG-2097,29,8 sessions,2025-06-14,2025-06-14,2025-07-19,1350,0,1350,0,0,3909,Expired,
2096,7774,1,LEG-2096,46,4 sessions classes,2025-06-14,2025-06-14,2025-07-14,450,0,450,0,0,3903,Expired,
2095,5663,1,414,49,1 month full classes,2025-06-14,2025-06-14,2025-07-14,1000,0,1000,0,0,3904,Expired,
2093,4780,1,628,15,6 months,2025-06-14,2025-06-16,2025-11-11,8800,0,8800,0,0,03900,Transfered,
2092,1300,1,LEG-2092,12,3 Months,2025-06-13,2025-07-01,2025-09-29,5000,0,5000,0,0,3899,Expired,
2091,4057,1,242,12,3 Months,2025-06-13,2025-06-12,2025-09-24,5000,0,5000,0,0,3886,Expired,
2090,7532,1,LEG-2090,15,6 months,2025-06-13,2025-06-15,2025-12-12,8800,0,8800,0,0,3893,Expired,
2089,1522,1,626,39,youth program 20 sessions,2025-06-13,2025-06-13,2025-08-22,3000,0,3000,0,0,3882,Expired,
2088,7552,1,LEG-2088,39,youth program 20 sessions,2025-06-13,2025-06-13,2025-08-22,3000,0,3000,0,0,3894,Expired,
2087,7733,1,624,39,youth program 20 sessions,2025-06-13,2025-06-13,2025-08-22,3000,0,3000,0,0,3895,Expired,
2083,7554,1,LEG-2083,12,3 Months,2025-06-13,2025-06-13,2025-09-11,5000,0,5000,0,0,03890,Expired,
2082,7528,1,LEG-2082,12,3 Months,2025-06-13,2025-06-13,2025-09-11,5000,0,5000,0,0,03891,Expired,
2081,7725,1,LEG-2081,15,6 months,2025-06-12,2025-06-16,2026-01-12,8800,0,8800,0,0,03892,Expired,
2080,7527,1,LEG-2080,12,3 Months,2025-06-12,2025-06-12,2025-09-10,5000,0,5000,0,0,03885,Expired,
2079,7501,1,619,15,6 months,2025-06-12,2025-06-12,2025-12-23,8800,0,8800,0,0,03884,Expired,
2078,4726,1,LEG-2078,12,3 Months,2025-06-12,2025-07-22,2025-10-20,6400,0,6400,0,0,03883,Expired,
2077,4012,1,227,32,20 sessions,2025-06-12,2025-06-01,2025-08-10,2500,0,2500,0,0,03881,Expired,
2076,7495,1,LEG-2076,39,youth program 20 sessions,2025-06-12,2025-06-12,2025-08-21,2500,0,2500,0,0,03879,Expired,
2075,6638,1,606,32,20 sessions,2025-06-12,2025-06-14,2025-08-23,2500,0,900,1600,0,03880,Expired,
2074,6030,1,LEG-2074,8,1 month,2025-06-12,2025-06-12,2025-07-12,3000,0,3000,0,0,03875,Expired,
2073,7472,1,617,17,annual membership,2025-06-11,2025-06-11,2026-06-11,12800,0,12800,0,0,3873,Expired,
2072,7471,1,616,15,6 months,2025-06-11,2025-06-11,2026-02-01,8800,0,8800,0,0,3872,Expired,
2071,7001,1,LEG-2071,15,6 months,2025-06-11,2025-06-12,2026-01-30,8800,0,8800,0,0,3871,Expired,
2070,7347,1,LEG-2070,20,Morning membership 6am - 1 pm,2025-06-11,2025-06-19,2026-06-26,8000,0,8000,0,0,03870,Expired,
2068,7175,1,LEG-2068,30,12 sessions,2025-06-10,2025-06-10,2025-07-22,1800,0,1800,0,0,3868,Expired,
2067,3010,1,LEG-2067,15,6 months,2025-06-10,2025-06-10,2026-01-27,8800,0,5000,3800,0,3866,Expired,
2066,6479,1,LEG-2066,38,youth program 10 sessions,2025-06-10,2025-06-23,2025-08-04,2000,0,2000,0,0,3865,Expired,
2065,3770,1,LEG-2065,15,6 months,2025-06-10,2025-06-11,2025-12-08,8800,0,8800,0,0,03863,Expired,
2064,7227,1,613,17,annual membership,2025-06-10,2025-06-17,2026-07-03,12800,0,12800,0,0,03862,Expired,
2063,7469,1,LEG-2063,43,Nutrition 4 sessions,2025-06-09,2025-06-12,2025-07-27,950,0,950,0,0,,Expired,
2062,7468,1,LEG-2062,43,Nutrition 4 sessions,2025-06-09,2025-06-05,2025-07-20,950,0,950,0,0,,Expired,
2061,7505,1,612,17,annual membership,2025-06-09,2025-06-25,2026-08-18,12800,0,12800,0,0,3855,Expired,
2060,7504,1,LEG-2060,39,youth program 20 sessions,2025-06-09,2025-06-25,2025-09-03,3000,0,3000,0,0,3850,Expired,
2059,7476,1,610,17,annual membership,2025-06-09,2025-06-09,2026-06-09,12800,0,3000,9800,0,3860,Expired,سدد 3000 فيزا
2058,3350,1,LEG-2058,30,12 sessions,2025-06-09,2025-06-09,2025-07-21,1800,0,1000,800,0,3859,Expired,
2057,2839,1,LEG-2057,17,annual membership,2025-06-09,2025-06-10,2026-01-08,12000,0,6000,6000,0,3858,Transfered,
2056,7496,1,608,17,annual membership,2025-06-09,2025-06-10,2026-06-10,12000,0,12000,0,0,3857,Expired,سددت 6000  exp dr fadi
2055,7491,1,LEG-2055,18,Annual family membership,2025-06-09,2025-06-10,2026-06-10,11800,0,5000,6800,0,3856,Expired,exp dr : fadi
2054,6638,1,LEG-2054,12,3 Months,2025-06-09,2025-06-09,2025-09-07,6500,0,6500,0,0,03853,Expired,
2053,7481,1,605,12,3 Months,2025-06-08,2025-06-08,2025-09-06,6500,0,6500,0,0,03847,Expired,
2052,7469,1,LEG-2052,39,youth program 20 sessions,2025-06-08,2025-06-05,2025-08-14,3000,0,3000,0,0,M3841,Expired,
2051,7468,1,LEG-2051,39,youth program 20 sessions,2025-06-08,2025-06-05,2025-08-14,3000,0,3000,0,0,M3840,Expired,
2050,1818,1,LEG-2050,33,40 sessions,2025-06-08,2025-06-08,2025-10-12,4400,0,4400,0,0,03842,Expired,
2049,4081,1,LEG-2049,32,20 sessions,2025-06-08,2025-06-05,2025-08-14,2500,0,2500,0,0,03843,Expired,
2048,7474,1,LEG-2048,12,3 Months,2025-06-05,2025-06-08,2025-08-08,6500,0,6500,0,0,03846,Transfered,
2047,6869,1,LEG-2047,12,3 Months,2025-06-05,2025-06-05,2025-10-03,5000,0,5000,0,0,03844,Expired,عملية بالكاحل والحوض والعمود الفقري
2044,4218,1,LEG-2044,32,20 sessions,2025-06-04,2025-06-04,2025-08-13,2500,0,2500,0,0,3838,Expired,
2043,5252,1,LEG-2043,30,12 sessions,2025-06-04,2025-06-04,2025-07-16,1800,0,1800,0,0,3837,Expired,
2042,6836,1,600,17,annual membership,2025-06-04,2025-06-15,2026-07-15,12800,0,12800,0,0,3836,Expired,
2039,7353,1,LEG-2039,17,annual membership,2025-06-03,2025-06-10,2026-06-17,12800,0,12800,0,0,3835,Expired,
2038,7375,1,598,17,annual membership,2025-06-03,2025-06-03,2026-09-01,12800,0,3000,9800,0,03834,Expired,
2037,7431,1,597,8,1 month,2025-06-03,2025-06-03,2025-07-03,3000,0,3000,0,0,03833,Expired,
2036,7430,1,596,8,1 month,2025-06-03,2025-06-03,2025-07-03,3000,0,3000,0,0,03832,Expired,
2035,5064,1,LEG-2035,32,20 sessions,2025-06-03,2025-06-02,2025-08-11,2500,0,2500,0,0,03823,Expired,
2034,5833,1,LEG-2034,32,20 sessions,2025-06-03,2025-06-02,2025-08-11,2500,0,2500,0,0,03829,Expired,
2033,3769,1,149,43,Nutrition 4 sessions,2025-06-02,2025-07-12,2025-08-26,950,0,950,0,0,,Expired,
2032,6657,1,LEG-2032,43,Nutrition 4 sessions,2025-06-02,2025-06-09,2025-07-24,950,0,950,0,0,,Expired,
2031,4081,1,LEG-2031,17,annual membership,2025-06-02,2025-06-02,2026-07-28,12800,0,12800,0,0,3822,Expired,
2030,6440,1,594,17,annual membership,2025-06-02,2025-07-01,2026-08-25,12800,0,12800,0,0,3821,Expired,
2029,7405,1,593,15,6 months,2025-06-02,2025-06-20,2025-12-17,8800,0,4000,4800,4800,3820,Expired,
2028,7404,1,592,22,annual monglish offer,2025-06-02,2025-06-20,2026-06-20,10500,0,5500,5000,5000,3819,Expired,
2027,7403,1,591,22,annual monglish offer,2025-06-02,2025-06-20,2026-11-07,10500,0,5500,5000,5000,3818,Active,
2026,7096,1,LEG-2026,15,6 months,2025-06-01,2025-06-01,2025-11-28,8800,0,8800,0,0,3816,Expired,
2025,7171,1,589,15,6 months,2025-06-01,2025-06-01,2025-11-28,8800,0,8800,0,0,3814,Expired,
2024,7172,1,588,15,6 months,2025-06-01,2025-06-01,2025-12-28,8800,0,8800,0,0,3813,Expired,
2023,5375,1,391,30,12 sessions,2025-06-01,2025-06-02,2025-07-14,1800,0,1800,0,0,3811,Expired,
2022,2620,1,LEG-2022,32,20 sessions,2025-06-01,2025-06-01,2025-08-10,2500,0,1300,1200,0,3810,Expired,
2021,5135,1,LEG-2021,30,12 sessions,2025-06-01,2025-06-01,2025-07-13,1800,0,1800,0,0,03808,Expired,
2020,6834,1,LEG-2020,15,6 months,2025-05-31,2025-08-02,2026-01-29,8800,0,5000,3800,0,3807,Cancelled,@Cancelled
2018,6737,1,585,15,6 months,2025-05-31,2025-05-25,2025-12-19,8800,0,5000,3800,0,3806,Expired,سدد: 1000 ايصال 3771 + 4000 ايصال 3806
2017,2869,1,LEG-2017,17,annual membership,2025-05-31,2025-06-01,2026-07-27,12800,0,12800,0,0,3804,Expired,
2016,7075,1,LEG-2016,8,1 month,2025-05-31,2025-05-31,2025-06-30,3000,0,3000,0,0,3802,Expired,no need
2015,4496,1,309,32,20 sessions,2025-05-31,2025-05-31,2025-08-09,2500,0,2500,0,0,03805,Expired,
2013,7263,1,LEG-2013,8,1 month,2025-05-30,2025-05-30,2025-06-29,3000,0,3000,0,0,3797,Expired,
2012,7159,1,LEG-2012,12,3 Months,2025-05-30,2025-06-01,2025-08-30,6500,0,6500,0,0,p3790,Expired,
2011,7175,1,LEG-2011,17,annual membership,2025-05-30,2025-05-30,2026-05-30,16200,0,2700,13500,0,3790,Expired,
2010,3868,1,216,17,annual membership,2025-05-30,2025-05-30,2026-12-03,12800,0,6500,6300,0,3795,Active,
2009,5600,1,431,43,Nutrition 4 sessions,2025-05-30,2025-05-29,2025-07-13,950,0,950,0,0,,Expired,
2008,7161,1,LEG-2008,18,Annual family membership,2025-05-30,2025-05-29,2026-06-20,9800,0,2200,7600,0,3793,Expired,
2007,6262,1,LEG-2007,44,Nutrition 8 sessions,2025-05-30,2025-05-29,2025-08-27,1650,0,1650,0,0,,Expired,
2006,7229,1,LEG-2006,8,1 month,2025-05-29,2025-05-28,2025-06-27,3000,0,3000,0,0,03791,Expired,
2005,7047,1,LEG-2005,38,youth program 10 sessions,2025-05-28,2025-05-29,2025-07-10,2000,0,2000,0,0,03788,Expired,
2004,6354,1,576,17,annual membership,2025-05-28,2025-06-10,2026-08-09,12800,0,12800,0,0,03786,Expired,
2003,6916,1,LEG-2003,15,6 months,2025-05-28,2025-06-15,2026-02-04,8800,0,8800,0,0,03787,Expired,
2002,2127,1,LEG-2002,32,20 sessions,2025-05-28,2025-05-28,2025-08-06,2500,0,2500,0,0,03785,Expired,
2001,4007,1,271,28,4 sessions,2025-05-27,2025-05-28,2025-06-25,800,0,800,0,0,,Expired,
2000,6419,1,574,17,annual membership,2025-05-27,2025-05-28,2026-07-27,12800,0,12800,0,0,3781,Expired,
1999,6418,1,573,17,annual membership,2025-05-27,2025-05-28,2026-07-27,12800,0,12800,0,0,3780,Expired,
1998,6733,1,LEG-1998,12,3 Months,2025-05-27,2025-05-28,2025-09-09,5000,0,5000,0,0,3779,Expired,
1997,6083,1,LEG-1997,30,12 sessions,2025-05-27,2025-05-28,2025-07-09,1800,0,1800,0,0,03778,Expired,
1996,6153,1,LEG-1996,30,12 sessions,2025-05-26,2025-05-26,2025-07-07,1800,0,1800,0,0,3776,Expired,
1995,6084,1,LEG-1995,30,12 sessions,2025-05-26,2025-05-26,2025-07-07,1800,0,1800,0,0,3777,Expired,
1994,6044,1,LEG-1994,49,1 month full classes,2025-05-26,2025-05-26,2025-06-25,1000,0,1000,0,0,3775,Expired,
1993,3914,1,191,17,annual membership,2025-05-25,2025-05-25,2026-06-29,12800,0,12800,0,0,3774,Expired,
1992,5283,1,516,32,20 sessions,2025-05-25,2025-05-27,2025-08-05,2500,0,2500,0,0,3773,Expired,
1991,3756,1,LEG-1991,30,12 sessions,2025-05-25,2025-05-25,2025-07-06,1800,0,1800,0,0,3772,Expired,
1990,3763,1,LEG-1990,32,20 sessions,2025-05-25,2025-05-25,2025-08-03,2500,0,2500,0,0,03770,Expired,
1989,6989,1,LEG-1989,17,annual membership,2025-05-24,2025-05-24,2026-08-19,10800,0,5000,5800,0,3766,Expired,
1988,6498,1,LEG-1988,12,3 Months,2025-05-24,2025-05-29,2025-08-27,5000,0,5000,0,0,3769,Expired,
1987,1515,1,LEG-1987,17,annual membership,2025-05-24,2025-05-24,2026-09-18,10800,0,10800,0,0,3767,Active,
1986,6984,1,LEG-1986,17,annual membership,2025-05-24,2025-05-24,2026-07-23,10800,0,5000,5800,0,3765,Expired,
1985,6657,1,LEG-1985,32,20 sessions,2025-05-24,2025-05-24,2025-08-02,2500,0,2500,0,0,3764,Expired,
1984,6972,1,567,33,40 sessions,2025-05-24,2025-05-25,2026-09-28,0,0,0,0,0,mz,Active,
1983,4027,1,LEG-1983,32,20 sessions,2025-05-24,2025-05-24,2025-08-02,2500,0,2500,0,0,3763,Expired,
1982,6183,1,LEG-1982,29,8 sessions,2025-05-24,2025-05-24,2025-06-28,1350,0,1350,0,0,03762,Expired,
1981,5936,1,LEG-1981,44,Nutrition 8 sessions,2025-05-23,2025-05-23,2025-08-21,1650,0,1650,0,0,,Expired,
1980,6262,1,LEG-1980,30,12 sessions,2025-05-23,2025-05-24,2025-07-05,1800,0,1800,0,0,03757,Expired,
1979,6829,1,564,8,1 month,2025-05-21,2025-05-21,2025-06-20,2200,0,2200,0,0,3754,Expired,
1978,6835,1,561,43,Nutrition 4 sessions,2025-05-21,2025-05-21,2025-07-05,950,0,950,0,0,,Expired,
1977,4023,1,LEG-1977,32,20 sessions,2025-05-21,2025-05-21,2025-07-30,2500,0,2500,0,0,3746,Expired,
1976,5710,1,LEG-1976,36,head coach 20 sessions,2025-05-21,2025-05-21,2025-07-30,3000,0,3000,0,0,3753,Expired,
1975,4289,1,LEG-1975,47,8 sessions classes,2025-05-21,2025-05-21,2025-06-20,700,0,700,0,0,3752,Expired,
1974,6837,1,LEG-1974,49,1 month full classes,2025-05-21,2025-05-25,2025-06-24,1000,0,1000,0,0,3751,Expired,
1973,6621,1,LEG-1973,48,12 sessions classes,2025-05-21,2025-05-31,2025-06-30,850,0,850,0,0,3750,Expired,
1972,6835,1,LEG-1972,12,3 Months,2025-05-21,2025-05-22,2025-08-20,5000,0,5000,0,0,03747,Expired,زياده في نسبه الكوليسترول بالدم /عنده مشكله في الاعصاب
1971,6806,1,560,12,3 Months,2025-05-21,2025-05-22,2025-09-03,5000,0,5000,0,0,03748,Expired,عنده اصابه سابقه /غضروف صغير بين الفقره الخامسه
1970,6282,1,502,33,40 sessions,2025-05-20,2025-05-21,2025-09-24,4400,0,1350,3050,0,3745,Expired,
1969,6530,1,546,34,head coach 8 sessions,2025-05-20,2025-05-20,2025-06-24,1700,0,1700,0,0,03744,Expired,
1968,2087,1,LEG-1968,43,Nutrition 4 sessions,2025-05-20,2025-05-20,2025-07-04,950,0,950,0,0,,Expired,
1967,6481,1,545,32,20 sessions,2025-05-20,2025-05-20,2025-07-29,2500,0,2500,0,0,3743,Expired,
1966,6615,1,559,12,3 Months,2025-05-20,2025-05-20,2025-09-29,5000,0,5000,0,0,3740,Expired,
1965,6474,1,LEG-1965,32,20 sessions,2025-05-20,2025-05-20,2025-07-29,2500,0,2500,0,0,03741,Expired,
1964,6746,1,LEG-1964,17,annual membership,2025-05-19,2025-05-20,2026-06-19,12800,0,12800,0,0,3739,Expired,
1963,3885,1,LEG-1963,12,3 Months,2025-05-19,2025-05-19,2025-08-31,5000,0,4000,1000,0,3738,Expired,
1962,4026,1,230,32,20 sessions,2025-05-19,2025-05-19,2025-07-28,2500,0,2500,0,0,3735,Expired,
1961,4869,1,LEG-1961,32,20 sessions,2025-05-19,2025-06-27,2025-09-05,2500,0,2500,0,0,3734,Expired,
1960,5492,1,500,34,head coach 8 sessions,2025-05-19,2025-05-19,2025-06-23,1700,0,1700,0,0,03732,Expired,
1959,6634,1,LEG-1959,32,20 sessions,2025-05-19,2025-05-19,2025-07-28,2375,0,2375,0,0,03731,Expired,
1958,6634,1,LEG-1958,8,1 month,2025-05-19,2025-05-19,2025-06-18,2075,0,2075,0,0,03730,Expired,
1957,6657,1,LEG-1957,15,6 months,2025-05-18,2025-05-18,2025-11-14,8800,0,8800,0,0,3728,Expired,
1956,6548,1,LEG-1956,12,3 Months,2025-05-18,2025-05-19,2025-08-17,5000,0,5000,0,0,3727,Expired,
1955,1681,1,554,12,3 Months,2025-05-18,2025-05-19,2025-08-17,5000,0,5000,0,0,554,Expired,
1954,6192,1,489,33,40 sessions,2025-05-18,2025-05-19,2025-09-22,4400,0,2000,2400,0,3725,Expired,
1953,6723,1,LEG-1953,12,3 Months,2025-05-18,2025-05-19,2025-08-17,5000,0,5000,0,0,3724,Expired,
1952,6501,1,LEG-1952,36,head coach 20 sessions,2025-05-18,2025-05-25,2025-08-03,3000,0,3000,0,0,3723,Expired,
1951,2957,1,100,33,40 sessions,2025-05-18,2025-04-30,2025-09-03,0,0,0,0,0,m1,Expired,تم التسجيل بناء على تعليمات د/ فادى
1950,3845,1,LEG-1950,43,Nutrition 4 sessions,2025-05-18,2025-05-19,2025-07-03,950,0,950,0,0,,Expired,
1949,6614,1,LEG-1949,12,3 Months,2025-05-17,2025-05-18,2025-09-27,5000,0,5000,0,0,3718,Expired,
1948,6725,1,551,8,1 month,2025-05-17,2025-05-17,2025-06-16,2200,0,2200,0,0,03717,Expired,
1947,5371,1,392,49,1 month full classes,2025-05-16,2025-05-16,2025-06-15,1000,0,1000,0,0,3708,Expired,
1946,6472,1,LEG-1946,17,annual membership,2025-05-16,2025-05-27,2026-06-22,12800,0,12800,0,0,3714,Expired,
1945,6420,1,LEG-1945,15,6 months,2025-05-16,2025-05-27,2025-12-18,8800,0,8800,0,0,3713,Expired,
1944,6335,1,527,32,20 sessions,2025-05-16,2025-05-17,2025-07-26,2500,0,2500,0,0,03712,Expired,
1943,6683,1,548,49,1 month full classes,2025-05-15,2025-05-16,2025-06-15,1000,0,1000,0,0,03709,Expired,
1942,4055,1,LEG-1942,15,6 months,2025-05-15,2025-05-17,2025-12-27,8800,0,5000,3800,0,03707,Expired,
1941,6530,1,LEG-1941,8,1 month,2025-05-15,2025-05-15,2025-06-14,2200,0,2200,0,0,03706,Expired,
1940,6481,1,LEG-1940,12,3 Months,2025-05-15,2025-05-15,2025-08-13,5000,0,5000,0,0,03705,Expired,
1939,4070,1,LEG-1939,32,20 sessions,2025-05-15,2025-05-15,2025-07-24,2500,0,1960,540,540,03702,Expired,ex dr/fady
1938,1788,1,LEG-1938,33,40 sessions,2025-05-14,2025-05-15,2025-09-18,4400,0,4400,0,0,3703,Expired,
1937,4749,1,LEG-1937,32,20 sessions,2025-05-14,2025-05-14,2025-07-23,2500,0,2500,0,0,3700,Expired,
1936,6637,1,544,46,4 sessions classes,2025-05-14,2025-05-12,2025-06-11,450,0,450,0,0,3680,Expired,
1935,6388,1,543,46,4 sessions classes,2025-05-14,2025-05-09,2025-06-08,450,0,450,0,0,3648,Expired,
1934,6494,1,542,12,3 Months,2025-05-14,2025-05-15,2025-08-20,5000,0,5000,0,0,3701,Expired,
1933,6636,1,541,46,4 sessions classes,2025-05-14,2025-05-09,2025-06-08,450,0,450,0,0,p3649,Expired,
1932,6044,1,LEG-1932,46,4 sessions classes,2025-05-14,2025-05-09,2025-06-08,450,0,450,0,0,3649,Expired,
1931,5071,1,375,32,20 sessions,2025-05-14,2025-05-27,2025-08-05,2500,0,2200,300,0,3693,Expired,
1930,6116,1,539,48,12 sessions classes,2025-05-14,2025-05-04,2025-06-03,850,0,850,0,0,3570,Expired,
1929,5505,1,538,49,1 month full classes,2025-05-14,2025-05-05,2025-06-04,1000,0,1000,0,0,3616,Expired,
1928,6632,1,LEG-1928,12,3 Months,2025-05-14,2025-05-14,2025-08-12,5000,0,5000,0,0,3695,Expired,
1927,3807,1,536,47,8 sessions classes,2025-05-14,2025-05-04,2025-06-03,700,0,700,0,0,3602,Expired,
1926,2407,1,LEG-1926,49,1 month full classes,2025-05-14,2025-05-14,2025-06-13,1000,0,1000,0,0,3676,Expired,
1925,3888,1,LEG-1925,12,3 Months,2025-05-14,2025-05-15,2025-08-27,5000,0,5000,0,0,3694,Expired,
1924,4112,1,LEG-1924,36,head coach 20 sessions,2025-05-14,2025-05-14,2025-07-23,3000,0,3000,0,0,03692,Expired,
1922,6531,1,532,12,3 Months,2025-05-13,2025-05-13,2025-08-11,5000,0,5000,0,0,3690,Expired,
1921,6501,1,LEG-1921,17,annual membership,2025-05-13,2025-05-14,2026-08-07,12800,0,12800,0,0,3689,Expired,
1920,6474,1,LEG-1920,17,annual membership,2025-05-13,2025-05-14,2026-06-13,12800,0,12800,0,0,3688,Expired,
1919,6050,1,LEG-1919,12,3 Months,2025-05-13,2025-05-13,2025-08-11,5000,0,5000,0,0,3687,Expired,no need coach
1918,6217,1,528,12,3 Months,2025-05-13,2025-05-14,2025-08-12,5000,0,5000,0,0,03686,Expired,
1917,3754,1,LEG-1917,32,20 sessions,2025-05-12,2025-05-12,2025-07-21,2500,0,2500,0,0,3684,Expired,
1916,6335,1,LEG-1916,12,3 Months,2025-05-12,2025-05-12,2025-08-17,5000,0,5000,0,0,3683,Expired,
1915,5928,1,LEG-1915,12,3 Months,2025-05-12,2025-06-22,2025-10-04,5000,0,5000,0,0,3682,Expired,
1914,6241,1,LEG-1914,32,20 sessions,2025-05-12,2025-05-14,2025-07-23,2500,0,2500,0,0,3681,Expired,
1913,4615,1,LEG-1913,29,8 sessions,2025-05-12,2025-05-12,2025-06-30,1350,0,1350,0,0,3677,Expired,
1912,5833,1,LEG-1912,43,Nutrition 4 sessions,2025-05-11,2025-05-11,2025-06-25,950,0,950,0,0,,Expired,
1911,6387,1,510,32,20 sessions,2025-05-11,2025-05-11,2025-07-20,2500,0,2500,0,0,03673,Expired,
1910,5279,1,LEG-1910,17,annual membership,2025-05-11,2025-05-11,2026-05-11,12800,0,12800,0,0,3668,Expired,
1909,6493,1,524,8,1 month,2025-05-11,2025-05-11,2025-06-10,2200,0,2200,0,0,3672,Expired,
1908,3892,1,LEG-1908,12,3 Months,2025-05-11,2025-05-24,2025-09-05,5000,0,5000,0,0,03671,Expired,
1907,6401,1,523,12,3 Months,2025-05-11,2025-05-11,2025-08-09,5000,0,5000,0,0,03670,Expired,
1906,3845,1,LEG-1906,12,3 Months,2025-05-11,2025-05-13,2025-08-25,5000,0,5000,0,0,03669,Expired,
1905,6183,1,LEG-1905,12,3 Months,2025-05-11,2025-05-11,2025-08-09,5000,0,2200,2800,0,03667,Expired,
1904,6286,1,LEG-1904,32,20 sessions,2025-05-11,2025-05-11,2025-07-20,2500,0,2500,0,0,03666,Expired,
1903,6479,1,LEG-1903,38,youth program 10 sessions,2025-05-10,2025-05-11,2025-06-22,2000,0,2000,0,0,3665,Expired,
1902,1678,1,519,8,1 month,2025-05-10,2025-05-11,2025-06-10,2200,0,2200,0,0,3663,Expired,
1901,3883,1,LEG-1901,12,3 Months,2025-05-10,2025-05-10,2025-08-20,5000,0,5000,0,0,03662,Expired,
1900,6423,1,LEG-1900,15,6 months,2025-05-10,2025-05-11,2025-11-07,8800,0,8800,0,0,03664,Expired,no need
1899,2194,1,LEG-1899,33,40 sessions,2025-05-10,2025-05-10,2025-09-13,4400,0,4000,400,400,03661,Expired,
1898,5283,1,LEG-1898,12,3 Months,2025-05-09,2025-05-13,2025-08-11,5000,0,5000,0,0,3660,Expired,
1897,5972,1,515,12,3 Months,2025-05-09,2025-05-09,2025-08-16,5000,0,5000,0,0,3659,Expired,
1896,5659,1,LEG-1896,31,16 sessions,2025-05-09,2025-05-11,2025-07-06,2200,0,2200,0,0,3658,Expired,
1895,5660,1,LEG-1895,31,16 sessions,2025-05-09,2025-05-11,2025-07-06,2200,0,2200,0,0,3657,Expired,
1894,4023,1,LEG-1894,17,annual membership,2025-05-09,2025-05-09,2026-04-13,12800,0,5000,7800,0,3656,Transfered,
1893,6241,1,LEG-1893,12,3 Months,2025-05-09,2025-05-09,2025-08-14,5000,0,5000,0,0,03655,Expired,
1892,6150,1,LEG-1892,32,20 sessions,2025-05-09,2025-05-09,2025-07-18,2500,0,2500,0,0,m3654,Expired,
1890,6286,1,LEG-1890,12,3 Months,2025-05-08,2025-05-09,2025-08-13,5000,0,5000,0,0,03652,Expired,
1889,5751,1,511,12,3 Months,2025-05-08,2025-05-08,2025-08-06,4550,0,4550,0,0,03651,Expired,
1888,5600,1,LEG-1888,32,20 sessions,2025-05-08,2025-05-08,2025-07-17,2500,0,2500,0,0,03650,Expired,
1887,6387,1,LEG-1887,8,1 month,2025-05-08,2025-05-08,2025-06-07,2200,0,2200,0,0,03646,Expired,
1886,3809,1,LEG-1886,32,20 sessions,2025-05-08,2025-05-08,2025-07-17,2500,0,2500,0,0,03643,Expired,
1885,4462,1,509,17,annual membership,2025-05-07,2025-06-23,2026-06-23,12800,0,12800,0,0,3642,Cancelled,@Cancelled
1884,1818,1,LEG-1884,17,annual membership,2025-05-07,2025-05-24,2026-08-03,12800,0,12800,0,0,3641,Expired,
1883,6256,1,508,12,3 Months,2025-05-07,2025-05-07,2025-08-05,5000,0,5000,0,0,3639,Expired,
1882,6200,1,LEG-1882,30,12 sessions,2025-05-07,2025-05-10,2025-06-21,1800,0,1800,0,0,3638,Expired,
1881,5668,1,507,12,3 Months,2025-05-07,2025-05-07,2025-08-05,5000,0,5000,0,0,3636,Expired,
1880,4655,1,LEG-1880,12,3 Months,2025-05-07,2025-06-29,2025-10-11,5000,0,5000,0,0,3635,Expired,
1879,6276,1,504,29,8 sessions,2025-05-07,2025-05-08,2025-06-12,1350,0,1350,0,0,3633,Expired,
1878,6262,1,LEG-1878,12,3 Months,2025-05-07,2025-05-07,2025-08-12,5000,0,5000,0,0,03634,Expired,
1877,6276,1,LEG-1877,8,1 month,2025-05-07,2025-05-08,2025-06-07,2200,0,2200,0,0,03632,Expired,
1876,6236,1,503,8,1 month,2025-05-06,2025-05-12,2025-06-11,2200,0,1100,1100,0,3631,Expired,
1875,5650,1,LEG-1875,32,20 sessions,2025-05-06,2025-05-06,2025-07-15,2500,0,2500,0,0,03630,Expired,
1874,6282,1,LEG-1874,12,3 Months,2025-05-06,2025-05-11,2025-08-09,5000,0,5000,0,0,3629,Expired,
1873,6200,1,LEG-1873,12,3 Months,2025-05-06,2025-05-06,2025-08-04,5000,0,5000,0,0,3628,Expired,
1872,5492,1,LEG-1872,15,6 months,2025-05-06,2025-05-20,2025-12-03,8800,0,5000,3800,0,3627,Expired,
1871,6260,1,499,38,youth program 10 sessions,2025-05-06,2025-05-07,2025-06-18,2000,0,2000,0,0,03625,Expired,
1870,6259,1,498,38,youth program 10 sessions,2025-05-06,2025-05-07,2025-06-18,2000,0,2000,0,0,03626,Expired,
1869,6252,1,497,17,annual membership,2025-05-05,2025-05-15,2026-05-15,12800,0,8800,4000,4000,3623,Expired,
1868,2630,1,LEG-1868,33,40 sessions,2025-05-05,2025-05-20,2026-04-29,4400,0,4400,0,0,3624,Expired,
1867,1788,1,LEG-1867,45,Nutrition 12 sessions,2025-05-05,2025-05-05,2025-09-02,1920,0,1920,0,0,,Expired,
1866,2115,1,496,17,annual membership,2025-05-05,2025-05-06,2026-06-30,12800,0,12800,0,0,3621,Expired,no need coach
1865,6212,1,482,33,40 sessions,2025-05-05,2025-05-05,2025-09-08,4400,0,1350,3050,0,3620,Expired,
1863,1813,1,LEG-1863,44,Nutrition 8 sessions,2025-05-05,2025-05-05,2025-08-03,1650,0,1650,0,0,,Expired,
1862,4351,1,LEG-1862,12,3 Months,2025-05-05,2025-05-06,2025-08-04,5000,0,5000,0,0,03613,Expired,
1861,4146,1,494,15,6 months,2025-05-05,2025-05-05,2025-11-01,8800,0,8800,0,0,03612,Expired,
1859,4500,1,492,12,3 Months,2025-05-04,2025-05-05,2025-08-17,5000,0,5000,0,0,3610,Expired,
1858,6107,1,491,18,Annual family membership,2025-05-04,2025-05-10,2026-05-10,11800,0,11800,0,0,3609,Cancelled,@Cancelled
1857,3342,1,LEG-1857,12,3 Months,2025-05-04,2025-05-05,2025-08-17,5000,0,5000,0,0,3608,Expired,
1856,6192,1,LEG-1856,12,3 Months,2025-05-04,2025-05-14,2025-08-12,5000,0,5000,0,0,3593,Expired,
1854,6153,1,LEG-1854,15,6 months,2025-05-04,2025-05-18,2025-12-21,8800,0,5000,3800,0,3606,Expired,
1853,6084,1,LEG-1853,15,6 months,2025-05-04,2025-05-18,2026-01-13,8800,0,5000,3800,0,3605,Expired,
1852,6083,1,LEG-1852,15,6 months,2025-05-04,2025-05-18,2025-12-28,8800,0,5000,3800,0,3604,Expired,
1851,1516,1,LEG-1851,8,1 month,2025-05-04,2025-05-04,2025-06-03,2200,0,2200,0,0,3600,Expired,
1850,2830,1,LEG-1850,8,1 month,2025-05-04,2025-05-04,2025-06-03,2200,0,2200,0,0,03599,Expired,ms/  arrhythmia
1849,1788,1,LEG-1849,22,annual monglish offer,2025-05-03,2025-05-04,2026-06-03,10500,0,10500,0,0,3598,Expired,
1848,6212,1,LEG-1848,12,3 Months,2025-05-03,2025-05-04,2025-08-02,5000,0,5000,0,0,3597,Expired,
1847,6202,1,LEG-1847,32,20 sessions,2025-05-03,2025-05-05,2025-07-14,2500,0,2500,0,0,3596,Expired,
1846,6202,1,LEG-1846,12,3 Months,2025-05-03,2025-05-05,2025-08-03,5000,0,5000,0,0,3595,Expired,
1845,5064,1,LEG-1845,32,20 sessions,2025-05-03,2025-05-04,2025-07-13,2500,0,2500,0,0,3586,Expired,
1844,4071,1,480,39,youth program 20 sessions,2025-05-03,2025-05-03,2025-07-12,3000,0,3000,0,0,3594,Expired,
1843,6150,1,LEG-1843,17,annual membership,2025-05-03,2025-05-03,2026-05-03,12800,0,10000,2800,0,03592,Expired,
1842,6186,1,478,38,youth program 10 sessions,2025-05-03,2025-05-04,2025-06-15,2000,0,2000,0,0,03590,Expired,
1841,4822,1,LEG-1841,38,youth program 10 sessions,2025-05-03,2025-05-04,2025-06-15,2000,0,2000,0,0,03591,Expired,
1840,4433,1,LEG-1840,12,3 Months,2025-05-03,2026-04-07,2026-07-06,5000,0,5000,0,0,03589,Expired,
1838,6174,1,LEG-1838,12,3 Months,2025-05-02,2025-05-03,2025-08-08,5000,0,5000,0,0,2585,Expired,
1837,851,1,LEG-1837,33,40 sessions,2025-05-02,2025-05-02,2025-09-05,4400,0,4400,0,0,3582,Expired,
1836,6124,1,LEG-1836,8,1 month,2025-05-02,2025-05-02,2025-06-01,2200,0,2200,0,0,03584,Expired,
1835,4666,1,472,15,6 months,2025-05-01,2025-05-15,2025-11-11,8800,0,8800,0,0,03580,Expired,
1834,3761,1,LEG-1834,32,20 sessions,2025-05-01,2025-05-01,2025-07-10,2500,0,1250,1250,0,03581,Expired,
1833,5833,1,LEG-1833,32,20 sessions,2025-05-01,2025-05-01,2025-07-10,2500,0,2500,0,0,03579,Expired,
1832,6140,1,LEG-1832,17,annual membership,2025-05-01,2025-05-01,2026-05-25,12800,0,12800,0,0,03576,Expired,
1831,1271,1,LEG-1831,17,annual membership,2025-05-01,2025-05-01,2026-05-11,12800,0,12800,0,0,03577,Expired,
1830,6129,1,469,15,6 months,2025-05-01,2025-05-01,2025-10-28,8800,0,5000,3800,0,03574,Expired,no need
1829,5035,1,LEG-1829,28,4 sessions,2025-05-01,2025-05-01,2025-05-29,800,0,800,0,0,,Expired,
1828,4543,1,LEG-1828,32,20 sessions,2025-04-30,2025-05-01,2025-07-10,2500,0,2500,0,0,3573,Expired,
1827,3869,1,LEG-1827,12,3 Months,2025-04-30,2025-05-17,2025-08-15,5000,0,3000,2000,0,3572,Expired,
1826,5287,1,LEG-1826,12,3 Months,2025-04-30,2025-04-30,2025-07-29,5000,0,5000,0,0,3569,Expired,
1825,5650,1,LEG-1825,12,3 Months,2025-04-30,2025-04-30,2025-07-29,5000,0,5000,0,0,3568,Expired,
1824,4798,1,LEG-1824,8,1 month,2025-04-30,2025-05-01,2025-05-31,2200,0,2200,0,0,3567,Expired,
1823,6027,1,LEG-1823,17,annual membership,2025-04-30,2025-05-02,2026-07-31,12800,0,12800,0,0,3566,Expired,
1822,4075,1,LEG-1822,32,20 sessions,2025-04-30,2025-04-30,2025-07-09,2500,0,2500,0,0,3562,Expired,
1821,5584,1,LEG-1821,30,12 sessions,2025-04-30,2025-04-30,2025-06-11,1800,0,1800,0,0,03563,Expired,
1820,6041,1,LEG-1820,32,20 sessions,2025-04-29,2025-04-29,2025-07-08,2500,0,2500,0,0,3560,Expired,
1819,6041,1,LEG-1819,12,3 Months,2025-04-29,2025-04-29,2025-08-13,5000,0,5000,0,0,3559,Expired,
1818,5527,1,LEG-1818,17,annual membership,2025-04-29,2025-05-20,2026-06-03,12800,0,12800,0,0,3541,Expired,
1817,6081,1,LEG-1817,39,youth program 20 sessions,2025-04-29,2025-04-30,2025-07-09,3000,0,3000,0,0,3558,Expired,
1816,5933,1,461,17,annual membership,2025-04-29,2025-05-15,2026-07-12,12800,0,12800,0,0,3557,Expired,
1815,6079,1,LEG-1815,18,Annual family membership,2025-04-29,2025-05-02,2026-06-30,11800,0,11800,0,0,3554,Expired,
1814,6078,1,LEG-1814,18,Annual family membership,2025-04-29,2025-06-15,2026-08-07,11800,0,11800,0,0,3553,Expired,
1813,6024,1,LEG-1813,18,Annual family membership,2025-04-29,2025-05-02,2026-05-22,11800,0,11800,0,0,3552,Expired,
1812,3901,1,LEG-1812,32,20 sessions,2025-04-29,2025-05-02,2025-07-11,2500,0,2500,0,0,3556,Expired,
1811,6073,1,457,12,3 Months,2025-04-29,2025-04-29,2025-07-28,5000,0,5000,0,0,03555,Expired,
1810,6071,1,LEG-1810,12,3 Months,2025-04-29,2025-04-29,2025-08-11,5000,0,5000,0,0,3551,Expired,
1809,5660,1,LEG-1809,17,annual membership,2025-04-29,2025-04-29,2026-06-16,12800,0,12800,0,0,03550,Expired,
1808,5067,1,LEG-1808,31,16 sessions,2025-04-29,2025-04-30,2025-06-25,2200,0,1200,1000,0,03549,Expired,
1807,3768,1,148,43,Nutrition 4 sessions,2025-04-29,2025-05-04,2025-06-18,950,0,950,0,0,,Expired,
1806,5859,1,454,17,annual membership,2025-04-29,2025-07-25,2026-02-13,12800,0,12800,0,0,03548,Transfered,
1805,5962,1,LEG-1805,33,40 sessions,2025-04-29,2025-04-30,2025-09-03,4400,0,4400,0,0,03545,Expired,
1804,5962,1,LEG-1804,15,6 months,2025-04-29,2025-04-30,2025-10-27,8800,0,8800,0,0,3544,Expired,
1803,3350,1,LEG-1803,12,3 Months,2025-04-29,2025-05-01,2025-07-30,5000,0,5000,0,0,03543,Expired,
1802,3445,1,267,43,Nutrition 4 sessions,2025-04-29,2025-04-29,2025-06-13,950,0,950,0,0,,Expired,
1801,6033,1,451,12,3 Months,2025-04-29,2025-04-30,2025-07-29,5000,0,5000,0,0,03539,Expired,
1800,5709,1,450,17,annual membership,2025-04-28,2025-04-29,2026-09-26,12800,0,12800,0,0,3538,Active,
1799,5759,1,449,17,annual membership,2025-04-28,2025-04-29,2026-07-28,12800,0,12800,0,0,3537,Expired,
1798,6030,1,LEG-1798,8,1 month,2025-04-28,2025-04-29,2025-05-29,2200,0,2200,0,0,3532,Expired,
1797,4700,1,LEG-1797,44,Nutrition 8 sessions,2025-04-28,2025-04-28,2025-07-27,1650,0,1650,0,0,,Expired,
1796,5375,1,LEG-1796,30,12 sessions,2025-04-28,2025-04-29,2025-06-10,1800,0,1800,0,0,03535,Expired,
1795,5992,1,447,17,annual membership,2025-04-28,2025-05-01,2026-06-23,12800,0,12800,0,0,03530,Expired,no need
1794,5240,1,445,17,annual membership,2025-04-28,2025-04-28,2026-04-28,12800,0,12800,0,0,03523,Expired,
1792,3277,1,LEG-1792,32,20 sessions,2025-04-27,2025-04-27,2025-07-06,2500,0,2500,0,0,3522,Expired,
1791,3277,1,LEG-1791,43,Nutrition 4 sessions,2025-04-27,2025-04-27,2025-06-11,950,0,950,0,0,,Expired,
1790,3769,1,LEG-1790,43,Nutrition 4 sessions,2025-04-27,2025-04-27,2025-06-11,950,0,950,0,0,,Expired,
1789,5963,1,444,46,4 sessions classes,2025-04-27,2025-04-27,2025-05-27,450,0,450,0,0,3519,Expired,
1788,5936,1,LEG-1788,17,annual membership,2025-04-26,2025-05-14,2026-06-20,12800,0,2500,10300,0,3515,Expired,
1787,5892,1,442,17,annual membership,2025-04-26,2025-04-27,2026-06-27,12800,0,12800,0,0,03514,Expired,
1786,3958,1,LEG-1786,15,6 months,2025-04-26,2025-05-26,2025-10-15,8800,0,8800,0,0,3512,Transfered,
1785,3862,1,LEG-1785,15,6 months,2025-04-26,2025-05-26,2025-11-22,8800,0,8800,0,0,3511,Expired,
1784,4638,1,LEG-1784,32,20 sessions,2025-04-26,2025-04-26,2025-07-05,2500,0,2500,0,0,03513,Expired,
1783,4097,1,LEG-1783,33,40 sessions,2025-04-26,2025-04-26,2025-08-30,4400,0,4400,0,0,3509,Expired,
1782,3766,1,LEG-1782,32,20 sessions,2025-04-26,2025-04-26,2025-07-05,2500,0,2500,0,0,3505,Expired,
1781,3868,1,LEG-1781,8,1 month,2025-04-25,2025-04-25,2025-05-25,2200,0,2200,0,0,3508,Expired,
1780,4938,1,LEG-1780,12,3 Months,2025-04-25,2025-05-01,2025-08-05,5000,0,2500,2500,0,3507,Expired,
1779,4160,1,440,12,3 Months,2025-04-25,2025-04-26,2025-08-05,5000,0,5000,0,0,3506,Expired,
1778,876,1,253,12,3 Months,2025-04-25,2025-05-01,2025-07-30,5000,0,2500,2500,0,3503,Expired,
1777,5839,1,439,12,3 Months,2025-04-25,2025-10-04,2026-01-02,5000,0,2500,2500,0,3498,Expired,
1776,5340,1,LEG-1776,17,annual membership,2025-04-25,2025-05-13,2026-05-13,12800,0,12800,0,0,03502,Expired,
1775,2732,1,LEG-1775,33,40 sessions,2025-04-24,2025-04-27,2025-08-31,4400,0,4400,0,0,03497,Expired,
1774,4147,1,437,15,6 months,2025-04-24,2025-04-24,2026-04-19,3500,0,3500,0,0,03498,Expired,اكسبشن دكتور فادي
1773,5837,1,436,8,1 month,2025-04-24,2025-04-25,2025-05-25,2200,0,2200,0,0,03494,Expired,
1772,5833,1,LEG-1772,15,6 months,2025-04-24,2025-04-25,2025-10-22,8800,0,8800,0,0,03493,Expired,
1771,4230,1,LEG-1771,32,20 sessions,2025-04-24,2025-04-24,2025-07-03,2500,0,2500,0,0,03492,Expired,
1770,5658,1,LEG-1770,17,annual membership,2025-04-23,2025-04-23,2026-05-07,12800,0,6400,6400,0,3491,Expired,
1769,5600,1,LEG-1769,15,6 months,2025-04-23,2025-04-25,2025-11-08,8800,0,3500,5300,0,3490,Expired,
1768,5798,1,LEG-1768,39,youth program 20 sessions,2025-04-23,2025-04-24,2025-07-03,3000,0,3000,0,0,3489,Expired,لحين توزيعة
1767,5710,1,LEG-1767,17,annual membership,2025-04-23,2025-04-23,2026-06-29,12800,0,5000,7800,0,3488,Expired,
1766,4565,1,LEG-1766,32,20 sessions,2025-04-23,2025-04-23,2025-07-02,2500,0,2500,0,0,3484,Expired,
1765,5354,1,428,8,1 month,2025-04-23,2025-04-23,2025-05-23,2200,0,2200,0,0,3487,Expired,
1764,5784,1,427,8,1 month,2025-04-23,2025-04-24,2025-05-24,2200,0,2200,0,0,03485,Expired,
1763,4565,1,LEG-1763,17,annual membership,2025-04-23,2025-04-23,2026-07-04,12800,0,12800,0,0,03482,Expired,
1761,5035,1,LEG-1761,43,Nutrition 4 sessions,2025-04-22,2025-04-20,2025-06-04,950,0,950,0,0,,Expired,
1760,2895,1,424,12,3 Months,2025-04-22,2025-04-22,2025-07-21,5000,0,5000,0,0,3480,Expired,
1759,5387,1,LEG-1759,12,3 Months,2025-04-22,2025-04-22,2025-08-18,5000,0,5000,0,0,3479,Expired,
1758,5422,1,LEG-1758,27,1 session,2025-04-22,2025-04-22,2025-04-23,250,0,250,0,0,3473,Expired,
1757,2087,1,LEG-1757,17,annual membership,2025-04-22,2025-04-22,2026-05-22,12800,0,12800,0,0,3478,Expired,
1756,2624,1,422,12,3 Months,2025-04-22,2025-10-23,2026-01-21,5000,0,5000,0,0,03476,Cancelled,@Cancelled
1755,5334,1,LEG-1755,30,12 sessions,2025-04-22,2025-04-22,2025-06-03,1800,0,1800,0,0,03475,Expired,
1754,5231,1,LEG-1754,12,3 Months,2025-04-21,2025-04-23,2025-07-22,5000,0,5000,0,0,3471,Expired,
1753,5168,1,420,17,annual membership,2025-04-21,2025-06-24,2026-01-27,12800,0,12800,0,0,m3468,Expired,
1752,5654,1,LEG-1752,17,annual membership,2025-04-21,2025-04-21,2026-06-09,12800,0,12800,0,0,3470,Expired,
1751,5629,1,418,17,annual membership,2025-04-21,2025-04-22,2026-04-22,12800,0,12800,0,0,03469,Expired,
1750,5639,1,LEG-1750,12,3 Months,2025-04-21,2025-04-21,2025-07-20,5000,0,5000,0,0,03467,Expired,no need
1749,5065,1,362,32,20 sessions,2025-04-21,2025-04-21,2025-06-30,2500,0,2500,0,0,03465,Expired,
1748,5540,1,LEG-1748,12,3 Months,2025-04-20,2025-04-24,2025-08-06,5000,0,5000,0,0,3464,Expired,
1747,5659,1,LEG-1747,17,annual membership,2025-04-20,2025-04-24,2026-06-19,12800,0,12800,0,0,3468,Expired,
1746,5663,1,LEG-1746,49,1 month full classes,2025-04-20,2025-04-20,2025-05-20,1000,0,1000,0,0,3462,Expired,
1745,5662,1,413,12,3 Months,2025-04-20,2025-04-20,2025-07-19,5000,0,5000,0,0,3460,Expired,
1744,5060,1,361,32,20 sessions,2025-04-20,2025-04-21,2025-06-30,2500,0,2500,0,0,3456,Expired,
1742,5436,1,412,46,4 sessions classes,2025-04-19,2025-04-19,2025-05-19,450,0,450,0,0,3453,Expired,
1741,5265,1,LEG-1741,12,3 Months,2025-04-19,2025-04-22,2025-08-04,5000,0,4400,600,0,3454,Expired,
1740,5535,1,410,12,3 Months,2025-04-19,2025-04-20,2025-07-19,5000,0,5000,0,0,3451,Expired,
1739,5616,1,LEG-1739,38,youth program 10 sessions,2025-04-19,2025-04-20,2025-06-01,2000,0,2000,0,0,3452,Expired,
1738,4347,1,314,29,8 sessions,2025-04-19,2025-04-21,2025-05-26,1350,0,1350,0,0,3450,Expired,
1737,1818,1,LEG-1737,32,20 sessions,2025-04-19,2025-04-19,2025-06-28,2500,0,2500,0,0,3448,Expired,
1736,5334,1,LEG-1736,12,3 Months,2025-04-19,2025-04-19,2025-07-28,5000,0,3500,1500,0,3447,Expired,
1735,5357,1,LEG-1735,30,12 sessions,2025-04-19,2025-04-19,2025-05-31,1800,0,1800,0,0,03449,Expired,
1734,5584,1,LEG-1734,12,3 Months,2025-04-19,2025-04-19,2025-07-18,5000,0,5000,0,0,03446,Expired,
1733,5441,1,406,12,3 Months,2025-04-18,2025-04-19,2025-07-18,5000,0,2200,2800,0,3445,Expired,
1732,5252,1,LEG-1732,12,3 Months,2025-04-18,2025-04-21,2025-07-27,5000,0,5000,0,0,3443,Expired,
1731,4810,1,349,43,Nutrition 4 sessions,2025-04-18,2025-04-17,2025-06-01,950,0,950,0,0,,Expired,
1730,4038,1,236,42,Nutrition 1 session,2025-04-18,2025-04-17,2025-04-24,300,0,300,0,0,,Expired,
1728,3792,1,159,17,annual membership,2025-04-18,2025-07-21,2026-09-19,12800,0,6400,6400,0,03438,Active,
1727,4478,1,LEG-1727,32,20 sessions,2025-04-18,2025-04-18,2025-06-27,2500,0,1300,1200,0,03434,Expired,
1726,4869,1,LEG-1726,32,20 sessions,2025-04-18,2025-04-18,2025-06-27,2500,0,2500,0,0,03440,Expired,
1725,3590,1,402,12,3 Months,2025-04-17,2025-04-17,2025-07-30,5000,0,2200,2800,0,03439,Expired,no need
1724,5528,1,401,15,6 months,2025-04-17,2025-04-18,2025-10-15,8800,0,8800,0,0,03436,Expired,
1723,4776,1,322,32,20 sessions,2025-04-17,2025-04-17,2025-06-26,2500,0,2500,0,0,03432,Expired,
1722,2623,1,70,22,annual monglish offer,2025-01-16,2025-04-15,2026-04-15,10500,0,10500,0,0,2623,Expired,
1721,4990,1,LEG-1721,17,annual membership,2025-04-16,2025-04-18,2026-04-25,12800,0,12800,0,0,3431,Expired,
1720,851,1,LEG-1720,15,6 months,2025-04-16,2025-04-17,2025-11-13,8800,0,4800,4000,0,3430,Expired,
1719,1490,1,LEG-1719,17,annual membership,2025-04-16,2025-04-16,2026-06-05,12800,0,5000,7800,0,3429,Expired,
1718,5372,1,LEG-1718,17,annual membership,2025-04-16,2025-04-16,2026-05-26,12800,0,5000,7800,0,3428,Expired,
1717,5435,1,395,12,3 Months,2025-04-16,2025-04-16,2025-07-15,5000,0,5000,0,0,03427,Expired,No need
1716,4881,1,394,12,3 Months,2025-04-16,2025-04-16,2025-07-15,5000,0,5000,0,0,03426,Expired,No Need
1715,5396,1,LEG-1715,15,6 months,2025-04-15,2025-04-16,2025-11-10,8800,0,8800,0,0,3424,Expired,
1714,5371,1,LEG-1714,49,1 month full classes,2025-04-15,2025-04-16,2025-05-16,1000,0,1000,0,0,3422,Expired,
1713,5211,1,380,29,8 sessions,2025-04-15,2025-04-15,2025-05-20,1350,0,250,1100,0,3420,Expired,
1712,5375,1,LEG-1712,12,3 Months,2025-04-15,2025-04-22,2025-07-21,5000,0,4400,600,0,3421,Expired,
1711,3958,1,LEG-1711,31,16 sessions,2025-04-15,2025-04-14,2025-06-09,2200,0,2200,0,0,03409,Expired,
1710,3862,1,LEG-1710,31,16 sessions,2025-04-15,2025-04-14,2025-06-09,2200,0,2200,0,0,03410,Expired,
1709,5384,1,LEG-1709,17,annual membership,2025-04-15,2025-04-18,2026-04-28,12000,0,5000,7000,0,03418,Expired,
1708,5067,1,LEG-1708,15,6 months,2025-04-22,2025-04-27,2025-11-23,8800,0,8800,0,0,03419,Expired,
1707,5280,1,388,15,6 months,2025-04-14,2025-04-14,2025-10-11,8800,0,8800,0,0,3416,Expired,
1706,5357,1,LEG-1706,12,3 Months,2025-04-14,2025-04-15,2025-07-14,5000,0,5000,0,0,3415,Expired,
1705,5277,1,386,12,3 Months,2025-04-14,2025-04-14,2025-07-20,5000,0,5000,0,0,3414,Expired,
1704,4289,1,LEG-1704,49,1 month full classes,2025-04-14,2025-04-20,2025-05-20,1000,0,1000,0,0,3412,Expired,
1703,5349,1,384,38,youth program 10 sessions,2025-04-14,2025-04-14,2025-05-26,2000,0,2000,0,0,3413,Expired,
1702,5201,1,383,8,1 month,2025-04-13,2025-04-13,2025-05-13,2200,0,2200,0,0,3404,Expired,
1701,4934,1,382,32,20 sessions,2025-04-13,2025-04-13,2025-06-22,2500,0,2500,0,0,3403,Expired,
1700,4934,1,LEG-1700,12,3 Months,2025-04-13,2025-04-13,2025-07-12,5000,0,5000,0,0,3402,Expired,
1699,4577,1,306,29,8 sessions,2025-04-13,2025-04-13,2025-05-18,1350,0,1350,0,0,3396,Expired,
1697,4675,1,381,12,3 Months,2025-04-13,2025-04-14,2025-07-13,5000,0,5000,0,0,3400,Expired,
1696,4515,1,LEG-1696,32,20 sessions,2025-04-13,2025-04-14,2025-06-23,2500,0,2500,0,0,03395,Expired,
1695,5135,1,LEG-1695,32,20 sessions,2025-04-13,2025-04-13,2025-06-22,2500,0,2500,0,0,03397,Expired,
1694,5211,1,LEG-1694,8,1 month,2025-04-13,2025-04-13,2025-05-13,2200,0,2200,0,0,03398,Expired,
1693,5228,1,LEG-1693,12,3 Months,2025-04-13,2025-04-15,2025-07-28,5000,0,5000,0,0,03399,Expired,
1692,3781,1,156,33,40 sessions,2025-04-12,2025-04-12,2025-08-16,4400,0,2500,1900,0,3391,Cancelled,@Cancelled
1691,5235,1,378,39,youth program 20 sessions,2025-04-12,2025-04-14,2025-06-30,3000,0,3000,0,0,3383,Expired,
1690,2989,1,106,31,16 sessions,2025-04-12,2025-04-10,2025-06-05,2200,0,1000,1200,1200,3362,Expired,
1689,3445,1,LEG-1689,30,12 sessions,2025-04-12,2025-04-13,2025-05-25,1800,0,1800,0,0,3388,Expired,
1688,4809,1,LEG-1688,49,1 month full classes,2025-04-12,2025-04-13,2025-05-13,1000,0,1000,0,0,3384,Expired,
1687,4396,1,LEG-1687,12,3 Months,2025-04-12,2025-04-12,2025-07-11,5000,0,5000,0,0,3380,Expired,
1686,5071,1,LEG-1686,30,12 sessions,2025-04-12,2025-04-14,2025-05-26,1800,0,1800,0,0,3382,Expired,
1685,5071,1,LEG-1685,12,3 Months,2025-04-12,2025-04-14,2025-07-26,5000,0,5000,0,0,3381,Expired,
1684,5226,1,374,8,1 month,2025-04-12,2025-04-12,2025-05-12,2200,0,2200,0,0,3378,Expired,
1683,5218,1,373,12,3 Months,2025-04-12,2025-04-13,2025-07-12,5000,0,2500,2500,0,03379,Expired,
1682,5070,1,LEG-1682,12,3 Months,2025-04-11,2025-04-11,2025-07-20,5000,0,5000,0,0,3376,Expired,
1681,4647,1,LEG-1681,12,3 Months,2025-04-11,2025-04-15,2025-07-28,5000,0,5000,0,0,3370,Expired,
1680,4607,1,LEG-1680,12,3 Months,2025-04-11,2025-05-09,2025-08-07,5000,0,5000,0,0,3369,Expired,
1679,4513,1,LEG-1679,12,3 Months,2025-04-11,2025-04-15,2025-07-14,5000,0,5000,0,0,3365,Expired,
1678,3309,1,368,12,3 Months,2025-04-11,2025-04-11,2025-07-10,5000,0,5000,0,0,03364,Expired,
1677,5069,1,367,12,3 Months,2025-04-11,2025-04-11,2025-07-24,5000,0,5000,0,0,03366,Expired,
1676,5064,1,LEG-1676,32,20 sessions,2025-04-10,2025-04-10,2025-06-19,2500,0,2500,0,0,3361,Expired,
1675,3364,1,366,15,6 months,2025-04-10,2025-07-14,2026-02-09,8800,0,8800,0,0,3360,Expired,
1674,5177,1,364,12,3 Months,2025-04-10,2025-04-10,2025-07-23,5000,0,2400,2600,0,3351,Expired,
1673,4885,1,363,12,3 Months,2025-04-10,2025-04-10,2025-07-23,5000,0,5000,0,0,3350,Expired,
1672,5065,1,LEG-1672,12,3 Months,2025-04-10,2025-04-15,2025-07-14,5000,0,5000,0,0,3349,Expired,
1671,5060,1,LEG-1671,12,3 Months,2025-04-10,2025-04-15,2025-07-14,5000,0,5000,0,0,3348,Expired,
1670,4951,1,360,12,3 Months,2025-04-10,2025-04-11,2025-07-24,5000,0,5000,0,0,3347,Expired,
1669,4853,1,359,18,Annual family membership,2025-04-10,2025-04-13,2026-06-10,11800,0,6000,5800,0,3342,Expired,
1668,5135,1,LEG-1668,12,3 Months,2025-04-09,2025-04-11,2025-07-10,5000,0,5000,0,0,3344,Expired,ارتفاع متغير بضغط الدم
1667,5140,1,357,12,3 Months,2025-04-09,2025-04-11,2025-07-26,5000,0,5000,0,0,3343,Expired,
1666,3898,1,LEG-1666,18,Annual family membership,2025-04-09,2025-04-12,2026-04-19,11800,0,6000,5800,0,3341,Expired,
1665,3896,1,355,18,Annual family membership,2025-04-09,2025-04-12,2026-06-11,11800,0,6000,5800,0,3340,Expired,
1664,2988,1,LEG-1664,33,40 sessions,2025-04-09,2025-04-10,2025-08-14,4400,0,4400,0,0,3339,Expired,
1663,4733,1,318,32,20 sessions,2025-04-09,2025-04-10,2025-06-19,2500,0,1500,1000,0,3338,Expired,
1662,5109,1,354,12,3 Months,2025-04-09,2025-04-09,2025-07-08,5000,0,5000,0,0,3336,Expired,سداد 400  day use  ايصال 3334 + 6400 ايصال 3336
1661,5082,1,LEG-1661,17,annual membership,2025-04-09,2025-04-15,2026-06-11,12800,0,6400,6400,0,3333,Expired,
1659,5034,1,351,12,3 Months,2025-04-09,2025-04-28,2025-08-10,5000,0,2500,2500,0,03331,Expired,
1658,5083,1,350,12,3 Months,2025-04-09,2025-04-09,2025-07-08,5000,0,3000,2000,0,3329,Expired,no need coach
1657,4810,1,LEG-1657,39,youth program 20 sessions,2025-04-08,2025-04-10,2025-06-19,3000,0,3000,0,0,3328,Expired,
1656,4869,1,LEG-1656,17,annual membership,2025-04-08,2025-04-10,2026-01-27,12800,0,4800,8000,0,3327,Suspended,
1655,5064,1,LEG-1655,12,3 Months,2025-04-08,2025-04-08,2025-07-07,5000,0,5000,0,0,3326,Expired,
1654,4597,1,LEG-1654,15,6 months,2025-04-08,2025-04-10,2025-11-06,8800,0,5000,3800,0,3325,Expired,
1653,5035,1,LEG-1653,15,6 months,2025-04-08,2025-04-18,2025-10-15,8800,0,5000,3800,0,3323,Expired,
1652,4884,1,LEG-1652,30,12 sessions,2025-04-08,2025-04-08,2025-05-20,1800,0,1800,0,0,3324,Expired,
1651,4048,1,LEG-1651,8,1 month,2025-04-07,2025-04-08,2025-05-08,2200,0,2200,0,0,3322,Expired,
1650,4878,1,343,17,annual membership,2025-04-07,2025-04-08,2026-04-08,12800,0,12800,0,0,3317,Expired,
1649,4638,1,LEG-1649,17,annual membership,2025-04-07,2025-04-08,2026-04-08,12800,0,12800,0,0,3316,Expired,
1648,4901,1,LEG-1648,12,3 Months,2025-04-07,2025-04-07,2025-07-06,5000,0,5000,0,0,3313,Expired,
1647,3756,1,LEG-1647,30,12 sessions,2025-04-07,2025-04-09,2025-05-21,1800,0,1800,0,0,3321,Expired,
1646,3757,1,137,44,Nutrition 8 sessions,2025-04-07,2025-04-07,2025-07-06,1650,0,1650,0,0,,Expired,
1645,4749,1,LEG-1645,12,3 Months,2025-04-07,2025-05-10,2025-08-15,5000,0,5000,0,0,3310,Expired,تمزق بالانكل
1644,4230,1,LEG-1644,18,Annual family membership,2025-04-07,2025-04-07,2026-04-27,11800,0,11800,0,0,3308,Expired,
1643,3762,1,LEG-1643,44,Nutrition 8 sessions,2025-04-07,2025-04-07,2025-07-06,1650,0,1650,0,0,,Expired,
1642,4270,1,337,33,40 sessions,2025-04-06,2025-04-07,2025-08-11,4400,0,4400,0,0,p3305,Expired,
1641,4952,1,338,33,40 sessions,2025-04-06,2025-04-07,2025-08-11,4400,0,4400,0,0,p3306,Expired,
1640,4952,1,LEG-1640,11,2 months,2025-04-06,2025-04-07,2025-06-06,3100,0,3100,0,0,3306,Expired,
1639,4270,1,LEG-1639,11,2 months,2025-04-06,2025-04-07,2025-06-06,3100,0,3100,0,0,3305,Expired,
1638,3923,1,LEG-1638,40,8 sessions youth program head coach,2025-04-06,2025-04-06,2025-05-11,1500,0,1500,0,0,3304,Expired,
1637,4778,1,LEG-1637,12,3 Months,2025-04-06,2025-04-06,2025-07-05,5000,0,3000,2000,0,3303,Expired,
1636,4884,1,LEG-1636,12,3 Months,2025-04-06,2025-04-07,2025-07-06,5000,0,5000,0,0,3302,Expired,
1635,4639,1,LEG-1635,17,annual membership,2025-04-06,2025-05-07,2026-07-17,12800,0,12800,0,0,3301,Expired,
1634,4852,1,332,15,6 months,2025-04-06,2025-05-01,2025-11-04,8800,0,8800,0,0,03299,Expired,
1633,4701,1,331,17,annual membership,2025-04-05,2025-04-05,2026-04-21,12800,0,12800,0,0,3298,Expired,
1632,3841,1,LEG-1632,15,6 months,2025-04-05,2025-04-06,2025-10-24,8800,0,8800,0,0,3296,Expired,
1630,2952,1,LEG-1630,32,20 sessions,2025-04-05,2025-04-06,2025-06-15,2500,0,2500,0,0,3295,Expired,
1628,4347,1,LEG-1628,30,12 sessions,2025-04-05,2025-04-05,2025-05-17,1800,0,1800,0,0,3293,Expired,
1627,1813,1,LEG-1627,33,40 sessions,2025-04-05,2025-04-05,2025-08-09,4400,0,4400,0,0,03292,Expired,
1626,4388,1,LEG-1626,12,3 Months,2025-04-05,2025-04-06,2025-07-05,5000,0,5000,0,0,03291,Expired,
1625,4700,1,LEG-1625,42,Nutrition 1 session,2025-04-04,2025-04-04,2025-04-11,300,0,300,0,0,,Expired,
1623,4380,1,LEG-1623,17,annual membership,2025-04-04,2025-06-22,2026-09-23,12800,0,8300,4500,0,3289,Active,
1622,4576,1,LEG-1622,17,annual membership,2025-04-04,2025-04-04,2026-05-26,12800,0,6400,6400,0,3288,Expired,
1621,4692,1,LEG-1621,15,6 months,2025-04-04,2025-04-05,2025-10-02,8800,0,8800,0,0,3287,Expired,
1620,4700,1,LEG-1620,33,40 sessions,2025-04-04,2025-04-04,2025-08-08,4400,0,4400,0,0,328544,Expired,
1619,4478,1,LEG-1619,12,3 Months,2025-04-04,2025-04-06,2025-07-05,5000,0,5000,0,0,03284,Expired,
1618,4441,1,LEG-1618,12,3 Months,2025-04-04,2025-04-04,2025-07-03,5000,0,5000,0,0,03283,Expired,
1617,4776,1,LEG-1617,12,3 Months,2025-04-04,2025-04-04,2025-07-03,5000,0,2500,2500,0,03282,Expired,
1616,4615,1,LEG-1616,12,3 Months,2025-04-03,2025-05-01,2025-08-13,5000,0,2500,2500,0,03281,Expired,
1615,4543,1,LEG-1615,17,annual membership,2025-04-03,2025-04-03,2026-04-03,12800,0,12800,0,0,03279,Expired,
1614,3995,1,LEG-1614,17,annual membership,2025-04-03,2025-04-04,2026-06-03,12800,0,12800,0,0,03278,Expired,
1613,4733,1,LEG-1613,12,3 Months,2025-04-03,2025-04-04,2025-07-17,5000,0,2500,2500,0,03277,Expired,
1612,4038,1,LEG-1612,33,40 sessions,2025-04-03,2025-03-20,2025-07-24,4400,0,4400,0,0,03276,Expired,
1611,4726,1,LEG-1611,12,3 Months,2025-04-03,2025-04-03,2025-07-12,5000,0,5000,0,0,03275,Expired,
1610,4725,1,316,12,3 Months,2025-04-03,2025-04-04,2025-07-03,5000,0,5000,0,0,03274,Expired,
1609,4700,1,LEG-1609,12,3 Months,2025-04-03,2025-04-04,2025-07-03,5000,0,5000,0,0,03273,Expired,
1608,4347,1,LEG-1608,12,3 Months,2025-04-03,2025-04-03,2025-07-02,5000,0,5000,0,0,03272,Expired,
1607,4696,1,LEG-1607,12,3 Months,2025-04-03,2025-04-03,2025-07-02,5000,0,5000,0,0,3271,Expired,
1606,4695,1,312,33,40 sessions,2025-04-03,2025-04-04,2025-08-08,4400,0,4400,0,0,3270,Expired,
1605,4695,1,LEG-1605,15,6 months,2025-04-03,2025-04-04,2025-10-27,8800,0,8800,0,0,3269,Expired,
1604,3809,1,LEG-1604,32,20 sessions,2025-04-02,2025-04-02,2025-06-11,2500,0,2500,0,0,3265,Expired,
1603,4496,1,LEG-1603,12,3 Months,2025-04-02,2025-05-18,2025-08-30,5000,0,5000,0,0,3266,Expired,
1602,4556,1,LEG-1602,17,annual membership,2025-04-02,2025-04-02,2026-04-02,12800,0,12800,0,0,3264,Expired,
1601,4090,1,307,12,3 Months,2025-04-02,2025-04-02,2025-07-15,5000,0,5000,0,0,3263,Expired,knees dislocofed
1599,4577,1,LEG-1599,12,3 Months,2025-04-01,2025-04-02,2025-07-01,5000,0,5000,0,0,3259,Expired,
1598,4561,1,305,17,annual membership,2025-04-01,2025-04-02,2026-04-02,12800,0,12800,0,0,3260,Expired,
1597,3974,1,219,33,40 sessions,2025-03-31,2025-03-30,2025-08-03,4400,0,4400,0,0,03258,Expired,
1596,4410,1,LEG-1596,12,3 Months,2025-03-30,2025-03-30,2025-07-12,5000,0,2500,2500,0,3257,Expired,
1595,2616,1,LEG-1595,32,20 sessions,2025-03-30,2025-03-30,2025-06-08,2500,0,2500,0,0,3256,Expired,
1594,2732,1,LEG-1594,17,annual membership,2025-03-20,2025-03-20,2026-03-27,12800,0,12800,0,0,02511,Expired,cholesterol high
1592,3767,1,LEG-1592,32,20 sessions,2025-03-30,2025-05-10,2025-07-19,2500,0,2500,0,0,3253,Expired,
1591,4555,1,303,12,3 Months,2025-03-30,2025-04-01,2025-06-30,5000,0,5000,0,0,03252,Expired,
1590,3840,1,LEG-1590,29,8 sessions,2025-03-29,2025-04-12,2025-05-17,1350,0,1350,0,0,3250,Expired,
1588,3725,1,LEG-1588,17,annual membership,2025-03-28,2025-04-02,2026-04-02,12800,0,6400,6400,0,3246,Expired,
1587,3742,1,128,32,20 sessions,2025-03-27,2025-02-26,2025-05-07,2500,0,1000,1500,0,03244,Expired,
1586,2261,1,300,17,annual membership,2025-03-26,2025-03-26,2026-03-26,12800,0,12800,0,0,3241,Expired,
1584,4354,1,LEG-1584,12,3 Months,2025-03-25,2025-03-25,2025-06-23,5000,0,5000,0,0,3239,Expired,
1583,4236,1,LEG-1583,39,youth program 20 sessions,2025-03-25,2025-04-05,2025-07-04,3000,0,500,2500,0,3238,Expired,
1582,4015,1,232,32,20 sessions,2025-03-24,2025-03-18,2025-05-27,2500,0,2500,0,0,3210,Expired,
1581,3868,1,LEG-1581,8,1 month,2025-03-23,2025-03-25,2025-04-24,2200,0,2200,0,0,3230,Expired,
1580,4296,1,296,17,annual membership,2025-03-23,2025-04-23,2026-04-23,12800,0,12800,0,0,3229,Expired,
1579,3284,1,LEG-1579,12,3 Months,2025-03-22,2025-04-04,2025-07-03,5000,0,5000,0,0,3227,Expired,
1578,4297,1,293,17,annual membership,2025-03-22,2025-04-04,2026-06-02,12800,0,12800,0,0,3225,Expired,
1577,4310,1,LEG-1577,15,6 months,2025-03-22,2025-03-22,2025-09-18,8800,0,8800,0,0,3226,Expired,
1576,4290,1,289,17,annual membership,2025-03-21,2025-03-21,2026-03-21,12800,0,12800,0,0,03224,Cancelled,@Cancelled
1575,2957,1,LEG-1575,30,12 sessions,2025-03-20,2025-03-18,2025-04-29,1800,0,1800,0,0,3221,Expired,
1574,3850,1,173,30,12 sessions,2025-03-20,2025-03-20,2025-05-01,1800,0,1800,0,0,3220,Expired,دافع ١٦٠٠ كاش و ٢٠٠ فيزا
1573,64,1,287,12,3 Months,2025-03-19,2025-04-03,2025-07-02,5000,0,5000,0,0,3218,Expired,
1572,3960,1,286,12,3 Months,2025-03-19,2025-03-19,2025-06-17,5000,0,5000,0,0,3217,Expired,
1571,4271,1,285,12,3 Months,2025-03-18,2025-03-19,2025-06-17,5000,0,2500,2500,0,3215,Expired,
1570,3688,1,284,22,annual monglish offer,2025-03-18,2025-03-18,2026-03-18,10500,0,10500,0,0,3214,Expired,exp dr : fadi
1569,3905,1,189,41,20 sessions youth program head coach,2025-03-18,2025-03-18,2025-05-27,2500,0,2500,0,0,3211,Expired,
1568,3958,1,LEG-1568,30,12 sessions,2025-03-18,2025-03-18,2025-04-29,1800,0,1800,0,0,3213,Expired,
1567,3862,1,LEG-1567,30,12 sessions,2025-03-18,2025-03-18,2025-04-29,1800,0,1800,0,0,3212,Expired,
1566,3850,1,LEG-1566,27,1 session,2025-03-17,2025-03-17,2025-03-18,250,0,250,0,0,3147,Expired,
1565,4218,1,LEG-1565,32,20 sessions,2025-03-17,2025-03-18,2025-05-27,2450,0,1250,1200,0,3208,Expired,
1564,4218,1,LEG-1564,17,annual membership,2025-03-17,2025-03-17,2026-03-17,12800,0,6400,6400,0,3207,Expired,
1563,1818,1,LEG-1563,29,8 sessions,2025-03-17,2025-03-17,2025-04-21,1350,0,1350,0,0,3205,Expired,ايصال 3148 بمبلغ : 800 جنية + ايصال 3205 بمبلغ : 550 جنية
1562,4260,1,282,12,3 Months,2025-03-17,2025-03-18,2025-06-30,5000,0,5000,0,0,3204,Expired,
1561,4258,1,281,12,3 Months,2025-03-17,2025-03-17,2025-06-15,5000,0,5000,0,0,3150,Expired,
1560,4241,1,LEG-1560,12,3 Months,2025-03-17,2025-03-17,2025-06-15,5000,0,5000,0,0,3149,Expired,
1558,2731,1,LEG-1558,29,8 sessions,2025-03-15,2025-03-15,2025-04-19,1350,0,1350,0,0,3143,Expired,
1557,4182,1,LEG-1557,12,3 Months,2025-03-14,2025-03-14,2025-06-21,5000,0,2500,2500,0,3142,Expired,
1556,4132,1,264,32,20 sessions,2025-03-14,2025-03-13,2025-05-22,2450,0,2450,0,0,3139,Expired,
1554,3991,1,LEG-1554,30,12 sessions,2025-03-14,2025-03-12,2025-04-23,1800,0,1800,0,0,3136,Expired,
1553,2732,1,LEG-1553,32,20 sessions,2025-03-14,2025-03-20,2025-05-29,2450,0,2450,0,0,3134,Expired,
1552,3838,1,172,27,1 session,2025-03-14,2025-03-04,2025-03-05,250,0,250,0,0,3193,Expired,
1551,3838,1,LEG-1551,27,1 session,2025-03-14,2025-03-02,2025-03-03,250,0,250,0,0,3174,Expired,
1550,2495,1,LEG-1550,43,Nutrition 4 sessions,2025-03-14,2025-03-02,2025-04-16,950,0,950,0,0,,Expired,
1549,2618,1,LEG-1549,44,Nutrition 8 sessions,2025-03-14,2025-02-28,2025-05-29,1650,0,1650,0,0,,Expired,
1548,3932,1,198,27,1 session,2025-03-14,2025-02-26,2025-02-27,250,0,250,0,0,3095,Expired,
1547,3277,1,LEG-1547,43,Nutrition 4 sessions,2025-03-14,2025-02-28,2025-04-14,950,0,400,550,0,,Expired,
1546,4112,1,LEG-1546,17,annual membership,2025-03-14,2025-04-14,2026-05-28,12800,0,6400,6400,0,3141,Expired,
1544,4216,1,LEG-1544,17,annual membership,2025-03-13,2025-03-14,2026-03-14,12800,0,12800,0,0,03135,Expired,
1543,4206,1,LEG-1543,12,3 Months,2025-03-13,2025-03-20,2025-06-18,5000,0,5000,0,0,3131,Expired,
1542,4209,1,275,12,3 Months,2025-03-13,2025-03-20,2025-06-18,5000,0,5000,0,0,3130,Expired,غضروف  في الضهر
1541,3832,1,171,8,1 month,2025-03-12,2025-03-13,2025-04-12,2200,0,2200,0,0,3129,Expired,
1540,3445,1,LEG-1540,28,4 sessions,2025-03-11,2025-03-09,2025-04-06,800,0,800,0,0,,Expired,
1539,2236,1,274,12,3 Months,2025-03-11,2025-04-10,2025-07-25,5000,0,5000,0,0,3169,Expired,
1538,3408,1,248,33,40 sessions,2025-03-11,2025-03-11,2025-07-15,4400,0,4400,0,0,3126,Expired,
1537,1642,1,LEG-1537,12,3 Months,2025-03-11,2025-04-20,2025-07-30,5000,0,5000,0,0,3124,Expired,
1536,4162,1,LEG-1536,17,annual membership,2025-03-10,2025-04-15,2026-05-06,12800,0,6400,6400,0,3123,Expired,
1535,4007,1,LEG-1535,15,6 months,2025-03-10,2025-03-10,2025-10-04,8800,0,4400,4400,0,3122,Expired,
1534,4075,1,LEG-1534,32,20 sessions,2025-03-10,2025-03-11,2025-05-20,2450,0,900,1550,0,3121,Expired,
1533,4059,1,LEG-1533,17,annual membership,2025-03-09,2025-05-01,2026-05-31,12800,0,6400,6400,0,3119,Expired,
1532,4153,1,LEG-1532,17,annual membership,2025-03-09,2025-03-09,2026-03-09,12800,0,12800,0,0,3117,Expired,
1531,4154,1,LEG-1531,17,annual membership,2025-03-09,2025-03-09,2026-03-09,12800,0,12800,0,0,3116,Expired,
1530,3445,1,LEG-1530,12,3 Months,2025-03-09,2025-02-01,2025-06-01,5000,0,5000,0,0,2639,Expired,
1529,4066,1,LEG-1529,17,annual membership,2025-03-09,2025-03-13,2026-05-04,12800,0,6400,6400,0,3113,Expired,
1528,3734,1,121,35,head coach12 sessions,2025-03-09,2025-03-10,2025-04-21,2200,0,2200,0,0,3118,Expired,
1527,3365,1,265,12,3 Months,2025-03-09,2025-03-09,2025-06-07,5000,0,5000,0,0,3115,Expired,
1526,4132,1,LEG-1526,12,3 Months,2025-03-08,2025-03-08,2025-06-06,5000,0,2500,2500,2500,3203,Expired,
1525,3409,1,LEG-1525,12,3 Months,2025-03-08,2025-03-08,2025-06-06,5000,0,4800,200,0,3202,Expired,
1524,3662,1,LEG-1524,12,3 Months,2025-03-08,2025-03-08,2025-06-06,5000,0,5000,0,0,3201,Expired,
1523,3840,1,LEG-1523,29,8 sessions,2025-03-08,2025-03-08,2025-04-12,1350,0,1350,0,0,3112,Expired,
1522,4123,1,261,12,3 Months,2025-03-08,2025-03-08,2025-06-14,5000,0,2500,2500,0,3111,Expired,
1521,4026,1,LEG-1521,32,20 sessions,2025-03-08,2025-03-04,2025-05-13,2450,0,2450,0,0,3190,Expired,
1520,4027,1,LEG-1520,32,20 sessions,2025-03-08,2025-03-04,2025-05-13,2450,0,2450,0,0,3184,Expired,
1518,4062,1,LEG-1518,17,annual membership,2025-03-06,2025-03-11,2026-04-10,12800,0,12800,0,0,3109,Expired,
1517,4097,1,LEG-1517,32,20 sessions,2025-03-05,2025-03-07,2025-05-16,2450,0,2450,0,0,3105,Expired,
1516,4097,1,LEG-1516,12,3 Months,2025-03-05,2025-03-07,2025-06-05,5000,0,5000,0,0,3104,Expired,يرجى التواصل مع والدة فريدة بخصوص pt  : 01066330700
1515,4038,1,LEG-1515,43,Nutrition 4 sessions,2025-03-05,2025-03-06,2025-04-20,950,0,950,0,0,,Expired,
1514,4098,1,254,32,20 sessions,2025-03-05,2025-03-05,2025-05-14,2450,0,1250,1200,0,3102,Expired,
1513,4098,1,LEG-1513,12,3 Months,2025-03-05,2025-03-05,2025-06-03,5000,0,2500,2500,0,3101,Expired,
1512,876,1,LEG-1512,8,1 month,2025-03-05,2025-03-06,2025-04-05,2200,0,2200,0,0,3197,Expired,
1511,2864,1,85,33,40 sessions,2025-03-05,2025-02-27,2025-07-03,4400,0,4400,0,0,3200,Expired,
1510,4024,1,LEG-1510,15,6 months,2025-03-05,2025-04-04,2025-10-31,8800,0,4400,4400,0,3198,Expired,
1509,3991,1,LEG-1509,43,Nutrition 4 sessions,2025-03-05,2025-03-06,2025-04-20,950,0,950,0,0,,Expired,
1508,4075,1,LEG-1508,15,6 months,2025-03-04,2025-03-05,2025-10-01,8800,0,2500,6300,0,3196,Expired,اشتباة فى انزلاق غضروفى
1507,3408,1,LEG-1507,17,annual membership,2025-03-04,2025-03-04,2026-03-04,12800,0,12800,0,0,2599,Expired,
1506,4073,1,247,12,3 Months,2025-03-04,2025-03-09,2025-06-07,5000,0,5000,0,0,3192,Expired,
1505,1394,1,246,12,3 Months,2025-03-04,2025-03-09,2025-06-07,5000,0,5000,0,0,3191,Expired,
1504,4070,1,LEG-1504,17,annual membership,2025-03-04,2025-03-04,2026-03-04,12000,800,6000,5200,2000,3188,Expired,exp dr : fadi discount
1503,3913,1,1,44,Nutrition 8 sessions,2025-03-03,2025-03-03,2025-06-01,1650,0,1650,0,0,,Expired,
1502,4042,1,239,37,head coach 40 sessions,2025-03-03,2025-03-03,2025-07-07,5400,0,5400,0,0,3183,Expired,
1501,3754,1,LEG-1501,30,12 sessions,2025-03-03,2025-03-03,2025-04-14,1800,0,1800,0,0,3181,Expired,
1500,4061,1,244,8,1 month,2025-03-03,2025-03-04,2025-04-03,2200,0,2200,0,0,3186,Expired,
1499,1809,1,LEG-1499,32,20 sessions,2025-03-03,2025-03-04,2025-05-13,2450,0,2450,0,0,3182,Expired,
1498,4057,1,LEG-1498,12,3 Months,2025-03-03,2025-03-09,2025-06-07,5000,0,5000,0,0,3185,Expired,
1497,4060,1,241,8,1 month,2025-03-03,2025-03-03,2025-04-02,2200,0,2200,0,0,3177,Expired,اجراء عملية بالعمود الفقرى لتركيب شرائح و مسامير فى الفقرة الخامسة من سنة
1496,3010,1,LEG-1496,12,3 Months,2025-03-03,2025-03-03,2025-06-01,6500,0,5000,1500,0,3179,Expired,
1495,2990,1,107,32,20 sessions,2025-03-02,2025-02-27,2025-05-08,2450,0,2450,0,0,3176,Expired,العقد مع كوتش حجازى لانهم كانوا واخدين exp
1494,2989,1,LEG-1494,32,20 sessions,2025-03-02,2025-02-27,2025-05-08,2450,0,2450,0,0,3175,Expired,العقد مع كوتش حجازى لانهم كانوا واخدين exp
1493,4042,1,LEG-1493,15,6 months,2025-03-02,2025-03-02,2025-08-29,8800,0,4400,4400,0,3173,Expired,
1492,3840,1,LEG-1492,12,3 Months,2025-03-02,2025-03-02,2025-05-31,5000,0,5000,0,0,3170,Expired,
1491,4040,1,LEG-1491,33,40 sessions,2025-03-02,2025-03-03,2025-07-07,4400,0,4400,0,0,3168,Expired,
1490,4040,1,LEG-1490,12,3 Months,2025-03-02,2025-03-03,2025-06-01,5000,0,2500,2500,0,3167,Expired,
1489,4038,1,LEG-1489,15,6 months,2025-03-02,2025-03-02,2025-08-29,8800,0,6400,2400,0,"02604, 03171",Expired,
1487,4035,1,LEG-1487,8,1 month,2025-03-01,2025-03-01,2025-03-31,2200,0,2200,0,0,3164,Expired,سداد انيستاباى
1486,3767,1,LEG-1486,32,20 sessions,2025-03-01,2025-03-01,2025-05-10,2450,0,2450,0,0,3163,Expired,
1484,2620,1,LEG-1484,32,20 sessions,2025-02-28,2025-03-02,2025-05-11,2450,0,1250,1200,0,3162,Expired,
1483,4015,1,LEG-1483,29,8 sessions,2025-02-28,2025-03-01,2025-04-05,1350,0,1350,0,0,3157,Expired,
1482,4015,1,LEG-1482,12,3 Months,2025-02-28,2025-03-01,2025-05-30,5000,0,5000,0,0,3156,Expired,
1481,4027,1,LEG-1481,12,3 Months,2025-02-28,2025-03-02,2025-06-12,5000,0,5000,0,0,3161,Expired,
1480,4026,1,LEG-1480,12,3 Months,2025-02-28,2025-03-02,2025-06-13,5000,0,5000,0,0,3160,Expired,
1479,4014,1,229,12,3 Months,2025-02-27,2025-02-27,2025-05-28,5000,0,2500,2500,0,3155,Expired,
1478,4013,1,228,12,3 Months,2025-02-27,2025-02-27,2025-05-28,5000,0,2500,2500,0,3154,Expired,
1477,4012,1,LEG-1477,25,Fit90 program,2025-02-27,2025-02-27,2025-05-28,5000,0,5000,0,0,3153,Expired,سداد 250 ايصال 2387 + سداد 4750 ايصال 3153
1476,4012,1,LEG-1476,22,annual monglish offer,2025-02-27,2025-02-27,2025-08-17,10500,0,10500,0,0,3152,Transfered,5250 ايصال2386+5250 ايصال 3152+250ايصال 2387+4750 ايصال 3153 insta pay
1474,3935,1,226,22,annual monglish offer,2025-02-26,2025-06-01,2026-06-01,10500,0,10500,0,0,3099,Expired,exp dr fadi **  خال محمد درويش
1473,2967,1,225,17,annual membership,2025-02-26,2025-02-27,2026-04-05,12800,0,12800,0,0,3096,Expired,
1472,3756,1,LEG-1472,30,12 sessions,2025-02-26,2025-02-26,2025-04-09,1800,0,1800,0,0,3094,Expired,
1471,3991,1,LEG-1471,18,Annual family membership,2025-02-26,2025-03-02,2026-06-19,11800,0,11800,0,0,3093,Expired,m.s multiple sclenosis gqlinya hypetension . cancer 5mg
1469,3924,1,194,31,16 sessions,2025-02-25,2025-02-25,2025-04-22,2200,0,2200,0,0,3092,Expired,
1467,3976,1,220,37,head coach 40 sessions,2025-02-25,2025-02-25,2025-07-01,5400,0,5400,0,0,030087,Expired,
1466,3976,1,LEG-1466,17,annual membership,2025-02-25,2025-02-25,2026-02-25,12800,0,12800,0,0,03087,Expired,
1465,3974,1,LEG-1465,17,annual membership,2025-02-24,2025-02-27,2026-04-28,12800,0,12800,0,0,03085,Expired,
1464,3971,1,LEG-1464,15,6 months,2025-02-24,2025-03-12,2025-09-08,8800,0,4400,4400,0,03082,Expired,5 pm to 10 pm
1462,1837,1,LEG-1462,37,head coach 40 sessions,2025-02-23,2025-02-24,2025-06-30,5400,0,5400,0,0,03077,Expired,بيتمرن مساء
1461,3868,1,LEG-1461,8,1 month,2025-02-23,2025-02-23,2025-03-25,2200,0,2200,0,0,,Expired,
1460,3892,1,LEG-1460,12,3 Months,2025-02-23,2025-02-22,2025-05-23,5000,0,5000,0,0,,Expired,
1459,3958,1,LEG-1459,12,3 Months,2025-02-22,2025-02-25,2025-05-26,5000,0,5000,0,0,03074,Expired,
1458,3862,1,LEG-1458,12,3 Months,2025-02-22,2025-02-25,2025-05-26,5000,0,5000,0,0,,Expired,
1455,3944,1,LEG-1455,15,6 months,2025-02-22,2025-02-22,2025-09-14,8800,0,4400,4400,0,,Expired,
1454,3943,1,LEG-1454,12,3 Months,2025-02-22,2025-02-21,2025-05-22,5000,0,5000,0,0,03069,Expired,
1453,3934,1,203,17,annual membership,2025-02-20,2025-03-15,2026-05-14,12800,0,8800,4000,0,03068,Expired,start 15/3/2025
1451,3895,1,LEG-1451,12,3 Months,2025-02-20,2025-04-10,2025-07-23,5000,0,2000,3000,0,,Expired,بيتمرن مساء
1450,3729,1,LEG-1450,12,3 Months,2025-02-20,2025-04-10,2025-07-09,5000,0,2000,3000,0,,Expired,بتتمرن مساء
1449,3932,1,LEG-1449,8,1 month,2025-02-20,2025-02-24,2025-03-26,2200,0,2200,0,0,03065,Expired,"اضطراب بالعضلات و خلل بالغده الدرقيه
الام اسفل الظهر"
1448,3931,1,197,12,3 Months,2025-02-20,2025-02-10,2025-05-18,5000,0,5000,0,0,03013,Expired,
1447,2617,1,65,32,20 sessions,2025-02-20,2025-02-20,2025-05-01,2450,0,2450,0,0,,Expired,
1445,1818,1,LEG-1445,30,12 sessions,2025-02-19,2025-02-22,2025-04-05,1800,0,1800,0,0,,Expired,
1444,3809,1,LEG-1444,32,20 sessions,2025-02-19,2025-03-01,2025-05-10,2450,0,2450,0,0,,Expired,
1442,3924,1,LEG-1442,12,3 Months,2025-02-18,2025-02-19,2025-05-20,5000,0,5000,0,0,,Expired,ارتخاء بسيط فى صمام القلب
1440,3923,1,LEG-1440,40,8 sessions youth program head coach,2025-02-18,2025-02-20,2025-03-27,1500,0,1500,0,0,,Expired,
1438,3914,1,LEG-1438,12,3 Months,2025-02-18,2025-02-18,2025-05-19,5000,0,5000,0,0,,Expired,بيتمرن بليل
1436,3838,1,LEG-1436,27,1 session,2025-02-18,2025-02-18,2025-02-19,250,0,250,0,0,,Expired,
1435,2129,1,m369,25,Fit90 program,2025-02-18,2025-02-09,2025-05-10,5000,0,5000,0,0,,Expired,
1434,3908,1,190,12,3 Months,2025-02-18,2025-02-19,2025-05-20,5000,0,5000,0,0,,Expired,مواعيد التمرين من : 6 الى 10 مساء
1433,2957,1,LEG-1433,30,12 sessions,2025-02-18,2025-02-19,2025-04-02,1800,0,1800,0,0,03054,Expired,insta pay
1432,3761,1,LEG-1432,32,20 sessions,2025-02-18,2025-02-15,2025-04-26,2450,0,1200,1250,0,03036,Expired,
1431,2619,1,67,25,Fit90 program,2025-02-18,2025-02-12,2025-05-13,5000,0,2000,3000,0,,Expired,
1430,3905,1,LEG-1430,39,youth program 20 sessions,2025-02-18,2025-02-12,2025-04-23,2500,0,2500,0,0,,Expired,
1429,3904,1,LEG-1429,38,youth program 10 sessions,2025-02-18,2025-02-05,2025-03-19,1500,0,1500,0,0,,Expired,
1428,3901,1,LEG-1428,17,annual membership,2025-02-18,2025-02-25,2026-02-25,12800,0,6400,6400,0,,Expired,
1427,2323,1,185,32,20 sessions,2025-02-17,2025-02-17,2025-04-28,2450,0,2450,0,0,,Expired,
1425,3810,1,LEG-1425,29,8 sessions,2025-02-17,2025-02-10,2025-03-17,1350,0,1350,0,0,,Expired,
1424,2616,1,LEG-1424,30,12 sessions,2025-02-17,2025-02-09,2025-03-23,1800,0,1800,0,0,,Expired,
1423,2952,1,LEG-1423,32,20 sessions,2025-02-17,2025-02-08,2025-04-19,2450,0,2450,0,0,,Expired,
1422,3277,1,LEG-1422,32,20 sessions,2025-02-17,2025-02-03,2025-04-14,2450,0,2450,0,0,,Expired,
1421,3781,1,LEG-1421,29,8 sessions,2025-02-17,2025-02-12,2025-03-19,1350,0,1350,0,0,,Expired,
1420,2628,1,73,33,40 sessions,2025-02-17,2025-02-17,2025-06-23,4400,0,4400,0,0,,Expired,
1419,2323,1,LEG-1419,12,3 Months,2025-02-16,2025-02-15,2025-05-16,5000,0,5000,0,0,03035,Expired,
1418,3885,1,LEG-1418,12,3 Months,2025-02-16,2025-02-16,2025-05-17,5000,0,5000,0,0,,Expired,
1417,3869,1,LEG-1417,12,3 Months,2025-02-16,2025-02-16,2025-05-17,5000,0,5000,0,0,,Expired,
1416,3884,1,LEG-1416,22,annual monglish offer,2025-02-16,2025-02-18,2026-04-11,10500,0,5000,5500,0,,Expired,
1411,1300,1,LEG-1411,12,3 Months,2025-02-15,2025-02-15,2025-05-24,5000,0,5000,0,0,,Expired,
1409,3873,1,LEG-1409,17,annual membership,2025-02-15,2025-02-14,2026-04-21,10500,0,10500,0,0,Bvgy,Expired,
1408,3865,1,176,12,3 Months,2025-02-12,2025-02-12,2025-05-13,5000,0,2500,2500,0,,Expired,
1407,3859,1,175,17,annual membership,2025-02-11,2025-02-12,2026-04-13,12800,0,12800,0,0,,Expired,
1406,3856,1,174,12,3 Months,2025-02-11,2025-02-11,2025-05-26,5000,0,5000,0,0,,Expired,
1405,3850,1,LEG-1405,12,3 Months,2025-02-11,2025-02-11,2025-05-12,5000,0,5000,0,0,,Expired,
1404,3838,1,LEG-1404,15,6 months,2025-02-10,2025-02-10,2025-09-08,8800,0,5000,3800,0,,Expired,
1403,3832,1,LEG-1403,8,1 month,2025-02-10,2025-02-11,2025-03-13,2200,0,2200,0,0,,Expired,
1402,3831,1,LEG-1402,15,6 months,2025-02-09,2025-02-09,2025-08-29,8800,0,8800,0,0,,Expired,
1401,3830,1,169,17,annual membership,2025-02-09,2025-02-09,2026-02-09,12800,0,12800,0,0,,Expired,
1399,3828,1,167,21,pre sale,2025-02-09,2025-02-22,2025-11-18,10500,0,5250,5250,0,l,Transfered,
1398,3812,1,166,8,1 month,2025-02-08,2025-02-15,2025-03-17,2200,0,2200,0,0,,Expired,
1397,3811,1,165,12,3 Months,2025-02-10,2025-05-11,2025-08-09,5000,0,5000,0,0,03001,Expired,
1396,3810,1,LEG-1396,8,1 month,2025-02-08,2025-02-08,2025-03-10,2200,0,2200,0,0,,Expired,
1395,2825,1,163,12,3 Months,2025-02-08,2025-02-07,2025-05-08,5000,0,5000,0,0,,Expired,
1394,3809,1,LEG-1394,15,6 months,2025-02-08,2025-02-21,2025-08-20,8800,0,5000,3800,0,,Expired,
1393,3793,1,LEG-1393,21,pre sale,2025-02-04,2025-02-05,2026-03-17,12800,0,6400,6400,0,,Expired,
1392,3666,1,LEG-1392,21,pre sale,2025-02-04,2025-02-05,2026-04-01,12800,0,6400,6400,0,,Expired,
1391,3792,1,LEG-1391,12,3 Months,2025-02-04,2025-02-05,2025-05-06,5000,0,5000,0,0,,Expired,
1390,3791,1,LEG-1390,21,pre sale,2025-02-04,2025-03-01,2026-03-28,10500,0,5000,5500,0,,Expired,
1389,3789,1,LEG-1389,21,pre sale,2025-02-04,2025-03-01,2026-04-30,10500,0,5000,5500,0,,Expired,
1387,3781,1,LEG-1387,21,pre sale,2025-02-03,2025-02-03,2026-03-30,10500,0,5250,5250,0,Com,Expired,
1386,3778,1,155,21,pre sale,2025-02-03,2025-02-10,2026-04-05,12800,0,12800,0,0,,Expired,
1385,3777,1,154,12,3 Months,2025-02-03,2025-02-10,2025-05-23,5000,0,5000,0,0,,Cancelled,@Cancelled
1384,3776,1,LEG-1384,21,pre sale,2025-02-03,2025-02-10,2026-02-24,12800,0,6400,6400,0,01598,Expired,
1383,3775,1,152,12,3 Months,2025-02-03,2025-04-13,2025-07-26,5000,0,2500,2500,0,02633,Expired,
1382,3771,1,LEG-1382,12,3 Months,2025-02-02,2025-02-10,2025-05-11,5000,0,5000,0,0,,Expired,
1381,3770,1,LEG-1381,12,3 Months,2025-02-02,2025-02-10,2025-05-11,5000,0,5000,0,0,,Expired,
1380,3769,1,LEG-1380,12,3 Months,2025-02-02,2025-02-10,2025-06-24,5000,0,5000,0,0,02630,Expired,
1379,3768,1,LEG-1379,12,3 Months,2025-02-02,2025-02-10,2025-05-18,5000,0,5000,0,0,,Expired,
1378,3767,1,LEG-1378,15,6 months,2025-02-02,2025-02-10,2025-08-23,8800,0,8800,0,0,,Expired,
1377,3766,1,LEG-1377,15,6 months,2025-02-02,2025-03-01,2025-08-28,8800,0,8800,0,0,02628,Expired,
1376,3765,1,145,17,annual membership,2025-02-02,2025-05-26,2026-05-26,12800,0,4400,8400,0,03090,Expired,
1375,3764,1,144,15,6 months,2025-02-02,2025-03-01,2025-08-28,8800,0,8800,0,0,,Expired,
1374,3763,1,LEG-1374,15,6 months,2025-02-02,2025-05-22,2025-12-12,8800,0,4400,4400,0,02593,Expired,
1373,3762,1,LEG-1373,21,pre sale,2025-02-02,2025-02-10,2026-02-10,12800,0,6400,6400,0,,Expired,
1372,3761,1,LEG-1372,15,6 months,2025-02-02,2025-02-10,2025-08-09,8800,0,8800,0,0,02549,Expired,
1370,3759,1,LEG-1370,21,pre sale,2025-02-02,2025-04-01,2026-07-14,12800,0,10000,2800,0,Y,Expired,
1369,3758,1,138,21,pre sale,2025-02-02,2025-05-18,2026-05-18,10500,0,2000,8500,0,037222,Expired,
1368,3757,1,LEG-1368,21,pre sale,2025-02-02,2025-02-10,2026-02-10,11800,0,11800,0,0,02594,Expired,
1367,3756,1,LEG-1367,15,6 months,2025-02-02,2025-02-10,2025-09-01,8800,0,4400,4400,0,,Expired,
1366,3755,1,LEG-1366,21,pre sale,2025-02-02,2025-02-10,2026-02-10,11800,0,11800,0,0,m,Expired,
1365,3754,1,LEG-1365,21,pre sale,2025-02-02,2025-02-10,2026-02-10,11800,0,11800,0,0,"l,l,l",Expired,
1364,3751,1,133,21,pre sale,2025-02-02,2025-02-10,2026-04-09,12800,0,12800,0,0,,Expired,
1363,3747,1,132,21,pre sale,2025-02-02,2025-02-10,2026-02-10,10500,0,10500,0,0,,Expired,
1362,3745,1,131,21,pre sale,2025-02-02,2025-05-01,2026-07-30,12800,0,12800,0,0,02607,Expired,
1361,3744,1,LEG-1361,21,pre sale,2025-02-02,2025-02-28,2026-03-30,12800,0,6400,6400,0,Yt,Expired,
1360,3743,1,129,15,6 months,2025-02-02,2025-02-10,2025-08-31,8800,0,3000,5800,0,,Expired,
1359,3742,1,LEG-1359,12,3 Months,2025-02-02,2025-02-14,2025-05-29,5000,0,5000,0,0,02611,Expired,
1358,3741,1,127,12,3 Months,2025-02-02,2025-02-20,2025-05-21,5000,0,5000,0,0,,Cancelled,@Cancelled
1357,3740,1,126,12,3 Months,2025-02-02,2025-02-20,2025-06-04,5000,0,5000,0,0,,Expired,
1356,3739,1,LEG-1356,15,6 months,2025-02-02,2025-02-10,2025-08-09,8800,0,8800,0,0,,Expired,
1355,3738,1,LEG-1355,12,3 Months,2025-02-02,2025-02-08,2025-05-23,5000,0,2500,2500,0,,Expired,
1354,3736,1,123,12,3 Months,2025-02-02,2025-02-08,2025-05-23,5000,0,2500,2500,0,,Expired,
1353,3735,1,LEG-1353,21,pre sale,2025-02-02,2025-02-03,2026-02-28,12800,0,12800,0,0,,Expired,
1352,3734,1,LEG-1352,21,pre sale,2025-02-02,2025-02-10,2026-04-11,12800,0,6400,6400,0,,Expired,
1351,3731,1,120,15,6 months,2025-02-02,2025-02-08,2025-09-06,8800,0,8800,0,0,02602,Expired,
1350,3730,1,119,15,6 months,2025-02-02,2025-02-08,2025-09-06,8800,0,8800,0,0,02603,Expired,
1349,3279,1,LEG-1349,20,Morning membership 6am - 1 pm,2025-01-01,2025-06-05,2026-06-05,8500,0,5000,3500,0,,Expired,
1348,3278,1,117,21,pre sale,2025-01-01,2025-02-10,2026-03-05,10500,0,10500,0,0,022544,Expired,
1347,3277,1,LEG-1347,15,6 months,2025-01-01,2025-02-01,2025-07-31,8800,0,4400,4400,0,02541,Expired,
1346,3011,1,115,21,pre sale,2024-12-30,2025-02-01,2026-02-01,10500,0,10500,0,0,,Cancelled,@Cancelled
1344,3001,1,LEG-1344,15,6 months,2024-12-29,2025-02-01,2025-07-31,8800,0,4400,4400,0,02538,Expired,
1343,3000,1,112,21,pre sale,2024-12-29,2025-01-01,2026-01-01,10500,0,5000,5500,0,,Cancelled,@Cancelled
1342,2998,1,111,21,pre sale,2024-12-29,2024-12-07,2025-12-07,10500,0,5000,5500,0,,Cancelled,@Cancelled
1341,2993,1,LEG-1341,21,pre sale,2024-12-28,2025-01-20,2026-01-20,10500,0,5250,5250,0,,Expired,
1340,2992,1,LEG-1340,21,pre sale,2024-12-28,2025-02-16,2026-05-04,10500,0,5250,5250,0,Bn,Expired,
1338,2990,1,LEG-1338,15,6 months,2024-12-28,2025-02-01,2025-07-31,8800,0,4400,4400,0,02534,Expired,
1337,2989,1,LEG-1337,15,6 months,2024-12-28,2025-02-01,2025-08-30,8800,0,4400,4400,0,02533,Expired,
1336,2988,1,LEG-1336,21,pre sale,2024-12-28,2025-02-15,2026-02-15,10500,0,10500,0,0,,Expired,
1335,2987,1,LEG-1335,17,annual membership,2024-12-28,2025-04-10,2026-06-09,12800,0,12800,0,0,Mnb,Expired,
1334,2960,1,103,21,pre sale,2024-12-26,2025-02-15,2026-02-15,10500,0,10500,0,0,,Expired,
1331,2957,1,LEG-1331,21,pre sale,2024-12-26,2025-02-15,2026-04-16,10500,0,5250,5250,0,03017,Expired,
1330,2956,1,LEG-1330,21,pre sale,2024-12-26,2025-01-01,2026-02-07,10500,0,5500,5000,0,Ghu,Expired,
1329,2955,1,LEG-1329,21,pre sale,2024-12-26,2025-02-01,2026-02-01,10500,0,5250,5250,0,Jk,Cancelled,@Cancelled
1328,2954,1,LEG-1328,21,pre sale,2024-12-26,2025-02-01,2026-02-01,10500,0,5250,5250,0,,Expired,
1327,2953,1,96,21,pre sale,2024-12-26,2025-02-15,2026-02-15,10500,0,5400,5100,5100,,Expired,
1326,2952,1,LEG-1326,15,6 months,2024-12-26,2025-02-01,2025-07-31,8800,0,4400,4400,0,02647,Expired,
1325,2951,1,94,21,pre sale,2024-12-26,2025-02-15,2026-02-15,10500,0,10500,0,0,,Expired,
1324,2950,1,LEG-1324,21,pre sale,2024-12-26,2025-02-01,2026-03-03,10500,0,10500,0,0,Mnbj,Expired,
1323,2949,1,92,21,pre sale,2024-12-26,2025-01-01,2026-01-01,10500,0,5250,5250,5250,,Cancelled,@Cancelled
1322,2887,1,LEG-1322,21,pre sale,2024-12-20,2025-07-05,2026-08-27,10500,0,10500,0,0,,Expired,
1321,2884,1,LEG-1321,21,pre sale,2024-12-19,2025-02-15,2026-04-11,10500,0,5250,5250,0,jdfh,Expired,
1320,2883,1,89,21,pre sale,2024-12-19,2025-07-18,2026-07-18,10500,0,5250,5250,0,Fx,Expired,
1317,2867,1,88,15,6 months,2024-12-14,2025-04-30,2025-10-27,8800,0,5250,3550,0,03571,Expired,
1316,2866,1,87,21,pre sale,2024-12-14,2025-02-15,2026-02-15,10500,0,10500,0,0,,Expired,
1315,2865,1,86,21,pre sale,2024-12-14,2025-03-07,2026-04-22,10500,0,10500,0,0,02518,Expired,
1314,2864,1,LEG-1314,21,pre sale,2024-12-14,2025-01-01,2026-03-02,10500,0,5000,5500,0,02517,Expired,
1313,2801,1,84,21,pre sale,2024-12-11,2025-02-15,2026-02-15,10500,0,10500,0,0,,Expired,
1312,2800,1,LEG-1312,21,pre sale,2024-12-11,2025-02-01,2026-03-27,10500,0,10500,0,0,02514,Expired,
1311,2799,1,82,21,pre sale,2024-12-11,2025-02-23,2026-05-23,10500,0,5250,5250,0,02512,Expired,
1309,2731,1,LEG-1309,21,pre sale,2024-12-08,2025-02-01,2026-03-03,10500,0,5250,5250,0,Vbh,Expired,
1308,2730,1,79,21,pre sale,2024-12-08,2025-01-01,2026-01-01,10500,0,5250,5250,5250,,Cancelled,@Cancelled
1305,2632,1,76,21,pre sale,2024-12-02,2025-01-01,2026-01-01,10500,0,5500,5000,0,,Cancelled,@Cancelled
1304,2631,1,LEG-1304,21,pre sale,2024-12-02,2025-08-01,2026-08-11,10500,0,5250,5250,0,2456,Expired,تعديل تاريخ العضوية الى 1/8/2025 ** مديكال
1303,2630,1,LEG-1303,21,pre sale,2024-12-02,2025-04-28,2026-04-28,10500,0,10500,0,0,02358,Expired,
1302,2628,1,LEG-1302,21,pre sale,2024-12-02,2025-02-15,2026-02-15,10500,0,10500,0,0,,Expired,
1301,2627,1,LEG-1301,21,pre sale,2024-12-02,2025-01-01,2026-01-01,10500,0,10500,0,0,03165,Expired,
1298,2621,1,LEG-1298,21,pre sale,2024-12-02,2025-02-15,2026-03-31,10500,0,5250,5250,0,lo,Expired,
1297,2620,1,LEG-1297,21,pre sale,2024-12-02,2025-02-15,2026-02-24,10500,0,5400,5100,0,,Expired,
1296,2619,1,LEG-1296,21,pre sale,2024-12-02,2025-02-12,2026-02-12,10500,0,4000,6500,2500,Zxz,Expired,+ FIT90 PROGRAME=4000 EGP
1295,2618,1,LEG-1295,21,pre sale,2024-12-02,2025-02-15,2026-03-17,10500,0,5250,5250,0,Nb,Expired,
1294,2617,1,LEG-1294,21,pre sale,2024-12-02,2025-02-01,2026-03-29,10500,0,10500,0,0,02509,Expired,
1293,2616,1,LEG-1293,21,pre sale,2024-12-02,2025-01-01,2026-01-01,10500,0,10500,0,0,,Expired,
1292,2575,1,m956,10,golden month,2024-12-01,2024-12-01,2025-01-01,2500,0,2500,0,0,,Expired,
1290,1827,1,m891,10,golden month,2024-12-01,2024-12-01,2025-01-01,2500,0,500,2000,0,,Expired,
1289,1596,1,m878,9,1 month premium,2024-12-01,2024-12-01,2025-01-01,1500,0,1500,0,0,,Expired,
1288,2594,1,m955,9,1 month premium,2024-12-01,2024-12-01,2025-01-01,1500,0,1500,0,0,,Expired,
1287,2591,1,m954,9,1 month premium,2024-11-30,2024-11-30,2024-12-30,1500,0,1500,0,0,,Expired,
1286,2574,1,m953,10,golden month,2024-11-30,2024-11-30,2024-12-30,2500,0,2500,0,0,,Expired,
1285,1838,1,m880,9,1 month premium,2024-11-30,2024-11-30,2024-12-30,1500,0,1500,0,0,,Expired,
1284,1385,1,m913,9,1 month premium,2024-11-30,2024-11-30,2024-12-30,1500,0,1500,0,0,,Expired,
1283,1415,1,m914,9,1 month premium,2024-11-30,2024-12-01,2025-01-01,1500,0,1500,0,0,,Expired,
1282,2057,1,m859,9,1 month premium,2024-11-30,2024-11-30,2024-12-30,1500,0,1500,0,0,,Expired,
1281,1339,1,m952,9,1 month premium,2024-11-30,2024-11-30,2024-12-30,1500,0,1500,0,0,,Expired,
1280,2532,1,m951,9,1 month premium,2024-11-30,2024-11-30,2024-12-30,1500,0,1500,0,0,,Expired,
1279,1997,1,m725,9,1 month premium,2024-11-30,2024-11-30,2024-12-30,1500,0,1500,0,0,,Expired,
1277,1639,1,m861,9,1 month premium,2024-11-30,2024-11-29,2024-12-29,1500,0,1500,0,0,,Expired,
1276,2586,1,m949,9,1 month premium,2024-11-30,2024-11-29,2024-12-29,1500,0,1500,0,0,,Expired,
1275,2221,1,m889,9,1 month premium,2024-11-30,2024-11-28,2024-12-28,1500,0,1500,0,0,,Expired,
1274,2585,1,m948,9,1 month premium,2024-11-30,2024-11-28,2024-12-28,1500,0,1500,0,0,,Expired,
1273,2584,1,m947,9,1 month premium,2024-11-30,2024-11-28,2024-12-28,1500,0,1500,0,0,,Expired,
1272,1933,1,m898,9,1 month premium,2024-11-30,2024-11-26,2024-12-26,1500,0,1500,0,0,,Expired,
1271,2560,1,m946,10,golden month,2024-11-28,2024-11-25,2024-12-25,2500,0,2500,0,0,,Expired,
1270,2538,1,LEG-1270,21,pre sale,2024-11-26,2025-02-07,2026-02-07,10500,0,5250,5250,0,,Expired,
1269,1877,1,m862,9,1 month premium,2024-11-26,2024-11-25,2024-12-25,1500,0,1500,0,0,,Expired,
1268,2513,1,m945,10,golden month,2024-11-26,2024-11-25,2024-12-25,2500,0,2500,0,0,,Expired,
1267,2321,1,m897,9,1 month premium,2024-11-26,2024-11-25,2024-12-25,1500,0,1500,0,0,,Expired,01221313517
1264,2515,1,m943,9,1 month premium,2024-11-26,2024-11-24,2024-12-24,1500,0,1500,0,0,,Expired,
1263,2508,1,LEG-1263,21,pre sale,2024-11-24,2025-02-15,2026-03-17,10500,0,5250,5250,0,Hjb,Expired,
1262,2507,1,61,21,pre sale,2024-11-24,2025-02-15,2026-02-15,10500,0,5250,5250,5250,,Expired,
1261,2506,1,60,21,pre sale,2024-11-24,2025-02-15,2026-02-15,10500,0,5250,5250,5250,,Expired,
1260,2505,1,59,21,pre sale,2024-11-24,2025-06-24,2026-09-22,10500,0,5250,5250,0,03984,Active,
1259,2504,1,58,21,pre sale,2024-11-24,2025-02-24,2026-05-25,10500,0,5250,5250,0,Nbh,Expired,
1258,2502,1,LEG-1258,21,pre sale,2024-11-24,2025-02-01,2026-03-03,10500,0,5250,5250,0,Ghy,Expired,
1257,2501,1,56,21,pre sale,2024-11-24,2025-02-15,2026-02-15,10500,0,5250,5250,0,,Expired,
1256,2500,1,LEG-1256,21,pre sale,2024-11-24,2025-02-15,2026-03-17,10500,0,5250,5250,0,02404,Expired,
1254,2497,1,LEG-1254,21,pre sale,2024-11-24,2025-04-12,2026-04-12,10500,0,5250,5250,0,02410,Expired,
1253,2496,1,LEG-1253,21,pre sale,2024-11-24,2025-04-02,2026-05-16,10500,0,5250,5250,0,03267,Expired,
1252,2495,1,LEG-1252,21,pre sale,2024-11-24,2025-02-08,2026-02-08,10500,0,5250,5250,0,02393,Expired,
1251,2494,1,50,21,pre sale,2024-11-24,2025-03-17,2026-03-17,10500,0,10500,0,0,020501,Expired,
1250,1767,1,m276,9,1 month premium,2024-11-24,2024-11-23,2024-12-23,1500,0,1500,0,0,,Expired,
1249,2478,1,m942,9,1 month premium,2024-11-23,2024-11-22,2024-12-22,1500,0,1500,0,0,,Expired,
1248,1801,1,m556,9,1 month premium,2024-11-23,2024-11-21,2024-12-21,1500,0,1500,0,0,,Expired,
1247,2477,1,m941,9,1 month premium,2024-11-23,2024-11-21,2024-12-21,1500,0,1500,0,0,,Expired,
1246,2476,1,m940,9,1 month premium,2024-11-23,2024-11-21,2024-12-21,1500,0,1500,0,0,,Expired,
1245,1678,1,LEG-1245,9,1 month premium,2024-11-20,2024-11-20,2024-12-20,1500,0,1500,0,0,,Expired,
1244,2461,1,m939,10,golden month,2024-11-20,2024-11-20,2024-12-20,2500,0,2500,0,0,,Expired,
1243,1913,1,m450,10,golden month,2024-11-20,2024-11-20,2024-12-20,2500,0,2500,0,0,,Expired,
1242,2460,1,m938,10,golden month,2024-11-20,2024-11-20,2024-12-20,2500,0,2500,0,0,,Expired,
1241,1606,1,m876,9,1 month premium,2024-11-20,2024-11-20,2024-12-20,1500,0,1500,0,0,,Expired,
1240,1874,1,m200,9,1 month premium,2024-11-19,2024-11-19,2024-12-19,1500,0,1500,0,0,,Expired,
1239,2151,1,m697,9,1 month premium,2024-11-19,2024-10-26,2024-11-26,1500,0,1500,0,0,,Expired,
1238,1575,1,m850,9,1 month premium,2024-11-19,2024-11-19,2024-12-19,1500,0,1500,0,0,,Expired,
1236,1637,1,m846,9,1 month premium,2024-11-19,2024-11-17,2024-12-17,1500,0,1500,0,0,,Expired,
1235,1584,1,m887,9,1 month premium,2024-11-19,2024-11-19,2024-12-19,1500,0,1500,0,0,,Expired,
1234,2059,1,m892,9,1 month premium,2024-11-19,2024-11-19,2024-12-19,1500,0,1500,0,0,,Expired,
1233,105,1,m937,10,golden month,2024-11-18,2024-11-18,2024-12-18,2500,0,2500,0,0,,Expired,
1232,2451,1,m936,9,1 month premium,2024-11-18,2024-11-18,2024-12-18,1500,0,1500,0,0,,Expired,
1231,1763,1,m284,9,1 month premium,2024-11-18,2024-11-15,2024-12-15,1500,0,1500,0,0,,Expired,
1230,1749,1,m874,9,1 month premium,2024-11-16,2024-11-16,2024-12-16,1500,0,1500,0,0,,Expired,
1229,2423,1,m935,9,1 month premium,2024-11-16,2024-11-16,2024-12-16,1500,0,1500,0,0,,Expired,
1228,2160,1,m285,9,1 month premium,2024-11-16,2024-11-15,2024-12-15,1500,0,1500,0,0,,Expired,
1227,1751,1,m872,9,1 month premium,2024-11-15,2024-11-15,2024-12-15,1500,0,1500,0,0,,Suspended,
1225,1719,1,m99,9,1 month premium,2024-11-13,2024-11-13,2024-12-13,1000,0,1000,0,0,,Expired,sales heba
1223,2348,1,m933,10,golden month,2024-11-13,2024-11-11,2024-12-11,2500,0,2500,0,0,,Expired,
1222,2352,1,m932,9,1 month premium,2024-11-13,2024-11-10,2024-12-10,1500,0,1500,0,0,,Expired,
1221,2402,1,m931,10,golden month,2024-11-13,2024-11-09,2024-12-09,2500,0,2500,0,0,,Expired,
1220,2334,1,m930,10,golden month,2024-11-13,2024-11-09,2024-12-09,2500,0,2500,0,0,,Expired,
1219,2401,1,m929,9,1 month premium,2024-11-13,2024-11-09,2024-12-09,1500,0,1500,0,0,,Expired,
1217,2400,1,m927,9,1 month premium,2024-11-13,2024-11-09,2024-12-09,1500,0,1500,0,0,,Expired,
1216,333,1,m926,10,golden month,2024-11-13,2024-11-08,2024-12-08,2500,0,2500,0,0,,Expired,
1214,2380,1,m924,10,golden month,2024-11-12,2024-11-12,2024-12-12,2500,0,2500,0,0,,Expired,
1213,1711,1,m858,9,1 month premium,2024-11-12,2024-11-03,2024-12-03,1500,0,1500,0,0,,Expired,
1212,1599,1,m396,9,1 month premium,2024-11-12,2024-11-06,2024-12-06,1500,0,1500,0,0,,Expired,
1211,1921,1,m854,9,1 month premium,2024-11-12,2024-11-06,2024-12-06,1500,0,1500,0,0,,Expired,
1209,1835,1,m860,10,golden month,2024-11-12,2024-11-09,2024-12-09,2500,0,2500,0,0,,Expired,
1208,1864,1,m799,9,1 month premium,2024-11-12,2024-11-09,2024-12-09,1000,0,1000,0,0,,Expired,
1207,2004,1,m381,9,1 month premium,2024-11-12,2024-11-09,2024-12-09,1500,0,1500,0,0,,Expired,
1206,1704,1,m603,9,1 month premium,2024-11-12,2024-11-11,2024-12-11,1500,0,1500,0,0,,Expired,
1204,1817,1,m582,9,1 month premium,2024-11-12,2024-11-11,2024-12-11,1500,0,1500,0,0,,Expired,
1203,1556,1,m189,9,1 month premium,2024-11-11,2024-11-07,2024-12-07,1500,0,1500,0,0,,Expired,
1202,2379,1,m923,9,1 month premium,2024-11-11,2024-11-06,2024-12-06,1500,0,1500,0,0,,Expired,
1201,1213,1,m922,9,1 month premium,2024-11-11,2024-11-05,2024-12-05,1000,0,1000,0,0,,Expired,exp dr: fadi
1200,2378,1,m921,9,1 month premium,2024-11-11,2024-11-05,2024-12-05,1000,0,1000,0,0,,Expired,exp dr : fadi
1198,87,1,m919,9,1 month premium,2024-11-11,2024-11-05,2024-12-05,1500,0,1500,0,0,,Expired,
1197,1411,1,m918,9,1 month premium,2024-11-11,2024-11-05,2024-12-26,1500,0,1500,0,0,,Expired,"تم اضافة 21 يوم على عضويتة بناء على طلب سيلز هبة لان العميل جاب 3 
عضويات و عضويتة كانت تنتهى 5/12/2024 و تم اضافة حتى 26/12/2024"
1196,2373,1,m917,30,12 Sessions,2024-11-11,2024-11-02,2024-12-02,1250,0,1250,0,0,,Expired,
1194,1427,1,m915,10,golden month,2024-11-11,2024-11-02,2024-12-02,2500,0,2500,0,0,,Expired,
1193,1415,1,LEG-1193,9,1 month premium,2024-11-11,2024-11-01,2024-12-01,1500,0,1500,0,0,,Expired,
1192,1385,1,LEG-1192,9,1 month premium,2024-11-11,2024-10-30,2024-11-30,1500,0,1500,0,0,,Expired,
1191,2371,1,m912,9,1 month premium,2024-11-11,2024-10-30,2024-11-30,1500,0,1500,0,0,,Expired,
1190,1375,1,m911,9,1 month premium,2024-11-11,2024-10-29,2024-11-29,1500,0,1500,0,0,,Expired,
1189,2370,1,m910,9,1 month premium,2024-11-11,2024-10-29,2024-11-29,1500,0,1500,0,0,,Expired,
1187,2350,1,m908,9,1 month premium,2024-11-10,2024-10-28,2024-11-28,1500,0,1500,0,0,,Expired,
1183,1653,1,m93,13,3 months premium,2024-05-21,2024-05-21,2024-08-19,3600,0,3600,0,0,,Expired,
1180,1753,1,m907,9,1 month premium,2024-10-27,2024-10-27,2024-11-26,1000,0,1000,0,0,,Expired,
1179,2097,1,m906,10,golden month,2024-10-27,2024-10-27,2024-11-26,2500,0,2500,0,0,,Expired,
1178,1920,1,m905,10,golden month,2024-10-27,2024-10-27,2024-11-26,2500,0,2500,0,0,,Expired,
1177,1990,1,m904,9,1 month premium,2024-10-25,2024-10-25,2024-11-24,1500,0,1500,0,0,,Expired,
1176,1576,1,m903,9,1 month premium,2024-10-25,2024-10-25,2024-11-24,1500,0,1500,0,0,,Expired,
1175,1603,1,LEG-1175,9,1 month premium,2024-10-25,2024-10-25,2024-11-24,1500,0,1500,0,0,,Expired,
1174,2261,1,LEG-1174,9,1 month premium,2024-10-22,2024-10-22,2024-11-21,500,0,500,0,0,,Expired,
1173,1804,1,m900,9,1 month premium,2024-10-22,2024-10-22,2024-11-21,1500,0,1500,0,0,,Expired,
1170,1709,1,m899,10,golden month,2024-10-22,2024-10-22,2024-11-21,2500,0,2500,0,0,,Expired,
1169,1933,1,LEG-1169,9,1 month premium,2024-10-22,2024-10-22,2024-11-21,2500,0,2500,0,0,,Expired,
1168,2321,1,LEG-1168,9,1 month premium,2024-10-21,2024-10-21,2024-11-20,1500,0,1500,0,0,,Expired,
1167,1610,1,m895,9,1 month premium,2024-10-21,2024-10-21,2024-11-20,1500,0,1500,0,0,,Expired,
1166,1652,1,m894,9,1 month premium,2024-10-21,2024-10-21,2024-11-20,1500,0,1500,0,0,,Expired,
1165,1939,1,m893,9,1 month premium,2024-10-21,2024-10-21,2024-11-20,1500,0,1500,0,0,,Expired,
1164,2059,1,LEG-1164,9,1 month premium,2024-10-20,2024-10-20,2024-11-19,1500,0,1500,0,0,,Expired,
1163,1827,1,LEG-1163,10,golden month,2024-10-20,2024-10-20,2024-11-19,750,0,750,0,0,,Expired,
1162,2242,1,m890,9,1 month premium,2024-10-20,2024-10-20,2024-11-19,1500,0,1500,0,0,,Expired,
1161,2221,1,LEG-1161,9,1 month premium,2024-10-20,2024-10-20,2024-11-19,1500,0,1500,0,0,,Expired,
1160,2191,1,m888,9,1 month premium,2024-10-18,2024-10-18,2024-11-17,1500,0,1500,0,0,,Expired,
1159,1584,1,LEG-1159,9,1 month premium,2024-10-16,2024-10-16,2024-11-15,1500,0,1500,0,0,,Expired,
1158,2137,1,m886,9,1 month premium,2024-10-16,2024-10-16,2024-11-15,1500,0,1500,0,0,,Expired,
1157,2318,1,m885,9,1 month premium,2024-10-15,2024-10-15,2024-11-14,1500,0,1500,0,0,,Expired,
1156,1805,1,m884,9,1 month premium,2024-10-15,2024-10-15,2024-11-14,1500,0,1500,0,0,,Expired,
1155,2222,1,m883,9,1 month premium,2024-10-15,2024-10-15,2024-11-14,1500,0,1500,0,0,,Expired,
1154,1752,1,m882,9,1 month premium,2024-10-15,2024-10-15,2024-11-14,1500,0,1500,0,0,,Expired,
1153,2315,1,m881,10,golden month,2024-10-15,2024-10-15,2024-11-14,2100,0,2100,0,0,,Expired,
1152,1838,1,LEG-1152,9,1 month premium,2024-10-15,2024-10-15,2024-11-14,1500,0,1500,0,0,,Expired,
1151,1792,1,m88,12,3 Months,2023-05-22,2023-05-22,2023-08-20,3000,0,3000,0,0,,Expired,
1150,2317,1,m879,10,golden month,2024-10-16,2024-10-16,2024-11-15,2500,0,2500,0,0,,Expired,
1149,1596,1,LEG-1149,9,1 month premium,2024-10-15,2024-10-15,2024-11-14,1500,0,1500,0,0,,Expired,
1147,1606,1,LEG-1147,9,1 month premium,2024-10-14,2024-10-14,2024-11-13,1500,0,1500,0,0,,Expired,
1146,1866,1,m875,9,1 month premium,2024-10-14,2024-10-14,2024-11-13,1500,0,1500,0,0,,Expired,
1145,1749,1,LEG-1145,9,1 month premium,2024-10-14,2024-10-14,2024-11-13,1500,0,1500,0,0,,Expired,
1144,1845,1,m873,9,1 month premium,2024-10-13,2024-10-13,2024-11-12,1500,0,1500,0,0,,Expired,
1143,1751,1,LEG-1143,9,1 month premium,2024-10-13,2024-10-13,2024-11-12,1500,0,1500,0,0,,Expired,
1142,1904,1,m871,9,1 month premium,2024-10-13,2024-10-13,2024-11-12,1500,0,1500,0,0,,Expired,
1141,1708,1,m870,9,1 month premium,2024-10-13,2024-10-13,2024-11-12,1500,0,1500,0,0,,Expired,
1140,2012,1,m87,12,3 Months,2023-05-22,2023-05-22,2023-08-20,3000,0,3000,0,0,,Expired,
1139,1824,1,m869,9,1 month premium,2024-10-11,2024-10-11,2024-11-10,1500,0,1500,0,0,,Expired,
1138,2094,1,m868,9,1 month premium,2024-10-11,2024-10-11,2024-11-10,1500,0,1500,0,0,,Expired,
1137,1563,1,m867,10,golden month,2024-10-10,2024-10-10,2024-11-10,2100,0,2100,0,0,,Expired,
1136,1876,1,m866,9,1 month premium,2024-10-09,2024-10-09,2024-11-08,1500,0,1500,0,0,,Expired,
1135,1978,1,m865,10,golden month,2024-10-09,2024-10-09,2024-11-08,2500,0,2500,0,0,,Expired,
1134,1609,1,m864,9,1 month premium,2024-10-09,2024-10-09,2024-11-08,1500,0,1500,0,0,,Expired,
1133,1710,1,m863,9,1 month premium,2024-10-08,2024-10-08,2024-11-07,1500,0,1500,0,0,,Expired,
1132,1877,1,LEG-1132,9,1 month premium,2024-10-08,2024-10-08,2024-11-07,1500,0,1500,0,0,,Expired,
1131,1639,1,LEG-1131,9,1 month premium,2024-10-08,2024-10-08,2024-11-07,1500,0,1500,0,0,,Expired,
1130,1835,1,LEG-1130,10,golden month,2024-10-08,2024-10-08,2024-11-07,2100,0,2100,0,0,,Expired,
1129,2057,1,LEG-1129,9,1 month premium,2024-10-07,2024-10-07,2024-11-06,1500,0,1500,0,0,,Expired,
1128,1711,1,LEG-1128,9,1 month premium,2024-10-06,2024-10-06,2024-11-05,1500,0,1500,0,0,,Expired,
1127,1967,1,m857,9,1 month premium,2024-10-06,2024-10-06,2024-11-05,1000,0,1000,0,0,,Expired,
1126,2131,1,m856,9,1 month premium,2024-10-06,2024-10-06,2024-11-05,1500,0,1500,0,0,,Expired,
1125,2133,1,m855,9,1 month premium,2024-10-06,2024-10-06,2024-11-05,1500,0,1500,0,0,,Expired,
1124,1921,1,LEG-1124,9,1 month premium,2024-10-06,2024-10-06,2024-11-05,1500,0,1500,0,0,,Expired,
1122,2136,1,m852,10,golden month,2024-10-05,2024-10-05,2024-11-04,2500,0,2500,0,0,,Expired,
1121,2271,1,m851,9,1 month premium,2024-10-05,2024-10-05,2024-11-04,1500,0,1500,0,0,,Expired,
1120,1575,1,LEG-1120,9,1 month premium,2024-10-03,2024-10-03,2024-11-02,1500,0,1500,0,0,,Expired,
1117,1611,1,m847,9,1 month premium,2024-10-04,2024-10-04,2024-11-03,1500,0,1500,0,0,,Expired,
1116,1637,1,LEG-1116,9,1 month premium,2024-10-02,2024-10-02,2024-11-01,1500,0,1500,0,0,,Expired,
1115,2233,1,m845,9,1 month premium,2024-10-01,2024-10-01,2024-10-31,1500,0,1500,0,0,,Expired,
1114,1713,1,m844,9,1 month premium,2024-10-01,2024-10-01,2024-10-31,1500,0,1500,0,0,,Expired,
1113,1597,1,288,13,3 months premium,2024-10-01,2024-10-01,2025-05-16,4500,0,4500,0,0,2236,Expired,
1112,2134,1,m842,9,1 month premium,2024-09-30,2024-09-30,2024-10-29,1500,0,1500,0,0,,Expired,
1111,1988,1,m841,9,1 month premium,2024-09-30,2024-09-30,2024-10-29,1500,0,1500,0,0,,Expired,
1110,1683,1,m840,13,3 months premium,2024-09-30,2024-09-30,2025-03-29,4500,0,4500,0,0,,Expired,
1109,1844,1,m839,13,3 months premium,2024-09-30,2024-09-30,2025-03-29,4500,0,4500,0,0,,Expired,
1108,1577,1,m838,13,3 months premium,2024-09-30,2024-09-30,2025-03-29,4500,0,4500,0,0,,Expired,
1107,1635,1,m837,13,3 months premium,2024-09-30,2024-09-30,2025-03-29,4500,0,4500,0,0,,Expired,
1106,1784,1,195,13,3 months premium,2024-09-30,2024-09-30,2025-01-14,3150,0,3150,0,0,,Expired,
1105,1691,1,m835,9,1 month premium,2024-09-30,2024-09-30,2024-10-29,1500,0,1500,0,0,,Expired,
1104,1802,1,m834,13,3 months premium,2024-09-29,2024-09-29,2025-03-28,4500,0,4500,0,0,,Expired,
1103,1689,1,m833,13,3 months premium,2024-09-28,2024-09-28,2025-03-27,4500,0,4500,0,0,,Expired,
1102,1803,1,m832,9,1 month premium,2024-09-28,2024-09-28,2024-10-27,1500,0,1500,0,0,,Expired,
1101,1602,1,m831,13,3 months premium,2024-09-28,2024-09-28,2025-03-27,4500,0,4500,0,0,,Expired,
1100,2289,1,m829,13,3 months premium,2024-09-28,2024-09-28,2025-03-27,4500,0,4500,0,0,,Expired,
1099,1634,1,m828,13,3 months premium,2024-09-25,2024-09-25,2025-03-24,4500,0,4500,0,0,,Expired,
1097,2208,1,m826,13,3 months premium,2024-09-23,2024-09-23,2025-04-28,4500,0,4500,0,0,,Expired,
1093,1795,1,m822,13,3 months premium,2024-10-05,2024-10-05,2025-04-04,1000,0,1000,0,0,,Expired,
1092,1957,1,m821,25,fit90 program,2024-09-21,2024-09-21,2024-12-20,7000,0,7000,0,0,,Expired,
1091,2078,1,m820,9,1 month premium,2024-09-21,2024-09-21,2024-10-20,1500,0,1500,0,0,,Expired,
1090,2079,1,m819,13,3 months premium,2024-09-20,2024-09-20,2025-03-19,4500,0,4500,0,0,,Expired,
1089,1945,1,204,13,3 months premium,2024-09-18,2024-09-18,2025-05-02,4500,0,4500,0,0,02156,Expired,
1088,1831,1,m817,9,1 month premium,2024-09-15,2024-09-15,2024-10-14,1000,0,1000,0,0,,Expired,
1087,1828,1,m816,13,3 months premium,2024-09-15,2024-09-15,2025-03-14,4500,0,4500,0,0,,Expired,
1086,2082,1,205,13,3 months premium,2024-09-18,2024-09-18,2025-05-02,4500,0,4500,0,0,02138,Expired,
1085,1929,1,m814,9,1 month premium,2024-09-12,2024-09-12,2024-10-11,300,0,300,0,0,,Expired,
1084,1736,1,m813,25,fit90 program,2024-09-11,2024-09-11,2024-12-10,7000,0,7000,0,0,,Expired,
1083,1833,1,m812,9,1 month premium,2024-09-11,2024-09-11,2024-10-10,1000,0,1000,0,0,,Expired,
1082,1631,1,432,13,3 months premium,2024-09-08,2025-04-23,2025-11-22,3500,0,3500,0,0,02196,Expired,
1081,1960,1,m810,9,1 month premium,2024-09-15,2024-09-15,2024-10-14,1000,0,1000,0,0,,Expired,
1079,2260,1,m809,25,fit90 program,2024-09-08,2024-09-08,2025-01-24,7000,0,7000,0,0,,Expired,
1078,2234,1,m808,25,fit90 program,2024-09-08,2024-09-08,2024-12-14,7000,0,7000,0,0,,Expired,
1077,2201,1,m807,25,fit90 program,2024-09-08,2024-09-08,2024-12-07,7000,0,7000,0,0,,Expired,
1076,1738,1,m806,9,1 month premium,2024-09-06,2024-09-06,2024-10-06,1000,0,1000,0,0,,Expired,
1075,2298,1,m805,9,1 month premium,2024-09-18,2024-09-18,2024-10-18,1500,0,1500,0,0,,Expired,
1074,1857,1,m804,16,6 months premium,2024-09-05,2024-09-05,2025-03-04,4500,0,4500,0,0,,Expired,
1072,1875,1,m802,13,3 months premium,2024-09-02,2024-09-02,2025-03-02,4500,0,4500,0,0,,Expired,
1071,2253,1,m801,13,3 months premium,2024-09-01,2024-09-01,2025-03-30,4000,0,4000,0,0,,Expired,
1070,2173,1,m800,13,3 months premium,2024-09-01,2024-09-01,2025-02-28,4500,0,4500,0,0,,Expired,
1067,1864,1,LEG-1067,9,1 month premium,2024-10-05,2024-10-05,2024-11-04,1000,0,1000,0,0,,Expired,
1066,2086,1,210,13,3 months premium,2024-08-26,2024-08-26,2025-04-10,4500,0,4500,0,0,,Expired,
1065,1914,1,209,13,3 months premium,2024-08-26,2024-08-26,2025-04-10,4500,0,4500,0,0,02051,Expired,
1064,2327,1,m796,9,1 month premium,2024-09-27,2024-09-27,2024-10-26,1000,0,1000,0,0,,Expired,
1063,2143,1,m795,9,1 month premium,2024-08-25,2024-08-25,2024-09-24,1500,0,1500,0,0,,Expired,
1061,2058,1,m793,9,1 month premium,2024-08-24,2024-08-24,2024-09-23,1000,0,1000,0,0,,Expired,
1060,2065,1,m792,13,3 months premium,2024-08-24,2024-08-24,2025-02-23,4500,0,4500,0,0,,Expired,
1059,2216,1,m791,13,3 months premium,2024-08-24,2024-08-24,2025-02-23,4500,0,4500,0,0,,Expired,
1058,1981,1,m790,9,1 month premium,2024-10-14,2024-10-14,2024-11-13,2500,0,2500,0,0,,Expired,
1057,1962,1,m789,9,1 month premium,2024-08-22,2024-08-22,2024-09-21,1000,0,1000,0,0,,Expired,
1056,2096,1,m788,9,1 month premium,2024-08-22,2024-08-22,2024-09-21,1500,0,1500,0,0,,Expired,
1055,1728,1,m787,9,1 month premium,2024-08-20,2024-08-20,2024-09-19,1500,0,1500,0,0,,Expired,
1054,2051,1,m786,13,3 months premium,2024-09-11,2024-09-11,2025-04-10,4500,0,4500,0,0,,Expired,
1053,1670,1,224,13,3 months premium,2024-08-18,2024-08-18,2025-04-02,4000,0,4000,0,0,02013,Expired,
1052,1642,1,LEG-1052,13,3 months premium,2024-08-17,2024-08-17,2025-04-01,4500,0,4500,0,0,,Expired,
1051,1860,1,m783,13,3 months premium,2024-08-16,2024-08-16,2025-02-15,4500,0,4500,0,0,,Expired,
1050,1757,1,m782,13,3 months premium,2024-08-16,2024-08-16,2025-02-15,4500,0,4500,0,0,,Expired,
1049,2008,1,m781,16,6 months premium,2024-08-15,2024-08-15,2025-02-15,3500,0,3500,0,0,,Expired,
1048,1582,1,m780,25,fit90 program,2024-08-15,2024-08-15,2024-11-14,8000,0,8000,0,0,,Expired,
1047,2250,1,m78,12,3 Months,2023-05-21,2023-05-21,2023-08-19,2500,0,2500,0,0,,Expired,
1046,2115,1,LEG-1046,13,3 months premium,2024-08-15,2024-08-15,2025-02-14,4500,0,4500,0,0,,Expired,
1045,1894,1,234,13,3 months premium,2024-08-11,2024-08-11,2025-03-26,4500,0,4500,0,0,1981,Expired,
1044,1702,1,m777,13,3 months premium,2024-08-11,2024-08-11,2025-02-10,4500,0,4500,0,0,,Expired,
1043,2147,1,m776,13,3 months premium,2024-08-11,2024-08-11,2025-02-10,4500,0,4500,0,0,,Expired,
1042,1681,1,LEG-1042,13,3 months premium,2024-08-11,2024-08-11,2025-04-15,4500,0,4500,0,0,,Expired,تم اضافة 60 يوم من تاريخ انتهاء العضوية ليكون تاريخ الانتهاء 15/4/2025 **عضوية نادى الصيد
1041,1567,1,m774,13,3 months premium,2024-08-08,2024-08-08,2025-02-08,4500,0,4500,0,0,,Expired,
1039,2230,1,m772,13,3 months premium,2024-08-04,2024-08-04,2025-03-17,4500,0,4500,0,0,,Expired,
1038,2312,1,m771,8,1 Month,2024-08-02,2024-08-02,2024-09-01,1000,0,1000,0,0,,Expired,
1037,2000,1,m770,9,1 month premium,2024-08-01,2024-08-01,2024-08-31,1000,0,1000,0,0,,Expired,
1036,1700,1,m77,30,12 Sessions,2024-05-27,2024-05-27,2024-11-27,7000,0,7000,0,0,,Expired,
1035,2200,1,m769,13,3 months premium,2024-07-31,2024-07-31,2025-02-01,4500,0,4500,0,0,,Expired,
1034,2149,1,m768,13,3 months premium,2024-07-31,2024-07-31,2025-01-30,4500,0,4500,0,0,,Expired,
1033,1768,1,m767,13,3 months premium,2024-08-01,2024-08-01,2025-01-30,4500,0,4500,0,0,,Expired,
1032,2095,1,m766,13,3 months premium,2024-09-20,2024-09-20,2025-03-19,4500,0,4500,0,0,,Expired,
1031,2320,1,m765,9,1 month premium,2024-08-10,2024-08-10,2024-09-09,1000,0,1000,0,0,,Expired,
1030,1668,1,m764,13,3 months premium,2024-08-01,2024-08-01,2025-01-31,4500,0,4500,0,0,,Expired,
1029,1648,1,m763,9,1 month premium,2024-07-29,2024-07-29,2024-08-28,1000,0,1000,0,0,,Expired,
1028,1896,1,m762,9,1 month premium,2024-07-29,2024-07-29,2024-08-28,1000,0,1000,0,0,,Expired,
1027,1663,1,m761,9,1 month premium,2024-07-29,2024-07-29,2024-08-28,1000,0,1000,0,0,,Expired,
1026,1809,1,LEG-1026,13,3 months premium,2024-09-16,2024-09-16,2025-05-20,4000,0,4000,0,0,2345,Expired,
1025,1679,1,m759,13,3 months premium,2024-07-30,2024-07-30,2025-01-29,4500,0,4500,0,0,,Expired,
1024,2177,1,m758,9,1 month premium,2024-07-28,2024-07-28,2024-08-27,1000,0,1000,0,0,,Expired,
1023,1798,1,m757,13,3 months premium,2024-08-18,2024-08-18,2025-02-17,4500,0,4500,0,0,,Expired,
1022,2297,1,m756,10,golden month,2024-07-26,2024-07-26,2024-08-26,2100,0,2100,0,0,,Expired,
1021,2113,1,m755,9,1 month premium,2024-09-29,2024-09-29,2024-10-28,1000,0,1000,0,0,,Expired,
1020,2241,1,m754,9,1 month premium,2024-10-17,2024-10-17,2024-11-16,1500,0,1500,0,0,,Expired,
1019,2153,1,m753,13,3 months premium,2024-07-24,2024-07-24,2025-01-22,4500,0,4500,0,0,,Expired,
1018,1739,1,m752,10,golden month,2024-08-03,2024-08-03,2024-09-03,2100,0,2100,0,0,,Expired,
1017,2118,1,m751,9,1 month premium,2024-08-26,2024-08-26,2024-09-25,1500,0,1500,0,0,,Expired,
1016,1615,1,m750,13,3 months premium,2024-07-22,2024-07-22,2025-01-21,3000,0,3000,0,0,,Expired,
1015,1793,1,m748,25,fit90 program,2024-08-27,2024-08-27,2024-11-27,5000,0,5000,0,0,,Expired,سددت 6000 جنية و متبقى 1000 جنية سددتها 17/11/2024 ايصال 2432
1014,1938,1,m747,10,golden month,2024-07-22,2024-07-22,2024-08-22,2100,0,2100,0,0,,Expired,
1013,1740,1,m746,13,3 months premium,2024-08-25,2024-08-25,2025-02-24,4500,0,4500,0,0,,Expired,
1012,2272,1,m745,13,3 months premium,2024-07-22,2024-07-22,2025-01-21,4500,0,4500,0,0,,Expired,
1011,1889,1,m744,9,1 month premium,2024-10-02,2024-10-02,2024-11-01,1500,0,1500,0,0,,Expired,
1010,2037,1,m743,25,fit90 program,2024-08-20,2024-08-20,2024-11-20,8000,0,8000,0,0,,Expired,
1009,1940,1,m742,25,fit90 program,2024-08-25,2024-08-25,2024-11-24,7000,0,7000,0,0,,Expired,
1008,1966,1,m741,9,1 month premium,2024-07-19,2024-07-19,2024-08-18,1000,0,1000,0,0,,Expired,
1007,2180,1,m740,13,3 months premium,2024-07-19,2024-07-19,2025-01-18,4500,0,4500,0,0,,Expired,
1005,1707,1,m739,13,3 months premium,2024-07-19,2024-07-19,2025-01-18,4500,0,4500,0,0,,Expired,
1004,2211,1,m738,13,3 months premium,2024-09-16,2024-09-16,2025-03-15,1000,0,1000,0,0,,Expired,
1003,1579,1,m737,9,1 month premium,2024-07-15,2024-07-15,2024-08-14,1500,0,1500,0,0,,Expired,
1002,2152,1,208,13,3 months premium,2024-07-15,2024-07-15,2025-03-09,4500,0,4500,0,0,1840,Expired,
1001,1986,1,m735,13,3 months premium,2024-07-14,2024-07-14,2025-01-13,4500,0,4500,0,0,,Expired,
1000,1656,1,m734,8,1 Month,2024-07-14,2024-07-14,2024-08-13,1000,0,1000,0,0,,Expired,
999,2287,1,m733,9,1 month premium,2024-07-14,2024-07-14,2024-08-13,1000,0,1000,0,0,,Expired,
998,1992,1,m732,13,3 months premium,2024-07-13,2024-07-13,2025-01-12,4500,0,4500,0,0,,Expired,
997,1722,1,m731,9,1 month premium,2024-07-12,2024-07-12,2024-08-11,1000,0,1000,0,0,,Expired,
996,2117,1,m730,13,3 months premium,2024-08-17,2024-08-17,2025-02-16,4500,0,4500,0,0,,Expired,
994,2246,1,m729,13,3 months premium,2024-09-29,2024-09-29,2025-03-28,4500,0,4500,0,0,,Expired,
993,1989,1,m728,13,3 months premium,2024-07-11,2024-07-11,2025-01-10,4500,0,4500,0,0,,Expired,
992,1725,1,m727,8,1 Month,2024-07-10,2024-07-10,2024-08-09,1000,0,1000,0,0,,Expired,
991,1675,1,m726,13,3 months premium,2024-07-10,2024-07-10,2024-10-08,4500,0,4500,0,0,,Expired,
990,1997,1,LEG-990,9,1 month premium,2024-09-28,2024-09-28,2024-10-27,1500,0,1500,0,0,,Expired,
989,2255,1,m724,13,3 months premium,2024-08-18,2024-08-18,2025-02-17,4500,0,4500,0,0,,Expired,
987,1651,1,m722,13,3 months premium,2024-07-09,2024-07-09,2024-11-08,3600,0,3600,0,0,,Expired,
986,1979,1,m721,13,3 months premium,2024-07-10,2024-07-10,2025-01-30,4500,0,4500,0,0,,Expired,
985,2183,1,m720,13,3 months premium,2024-07-26,2024-07-26,2025-02-01,4500,0,4500,0,0,,Expired,
983,2164,1,m718,9,1 month premium,2024-07-02,2024-07-02,2024-08-01,1500,0,1500,0,0,,Expired,
982,2238,1,M711,17,annual membership,2024-07-01,2024-07-01,2025-12-02,4500,0,4500,0,0,,Transfered,
981,1819,1,LEG-981,17,annual membership,2024-08-12,2024-08-12,2026-01-01,7500,0,7500,0,0,01780,Expired,
979,1780,1,m714,17,annual membership,2024-09-09,2024-09-09,2025-10-08,6000,0,6000,0,0,,Expired,
978,1621,1,m713,17,annual membership,2024-09-09,2024-09-09,2025-10-08,6000,0,6000,0,0,,Expired,
977,1660,1,m712,13,3 months premium,2024-06-30,2024-06-30,2025-01-27,4500,0,4500,0,0,,Expired,
976,1778,1,m710,13,3 months premium,2024-08-13,2024-08-13,2025-05-12,4500,0,4500,0,0,,Expired,
975,1617,1,m71,15,6 Months,2023-05-13,2023-05-13,2023-11-09,4500,0,4500,0,0,,Expired,
974,1890,1,m709,13,3 months premium,2024-06-27,2024-06-27,2024-10-27,4500,0,4500,0,0,,Expired,
973,1550,1,m708,13,3 months premium,2024-06-26,2024-06-26,2024-12-02,3600,0,3600,0,0,,Expired,
972,2090,1,m707,13,3 months premium,2024-09-12,2024-09-12,2025-03-11,4500,0,4500,0,0,,Expired,
971,1724,1,LEG-971,17,annual membership,2024-08-01,2024-08-01,2025-01-31,4500,0,4500,0,0,,Expired,
970,2302,1,m704,13,3 months premium,2024-06-23,2024-06-23,2024-09-21,3600,0,3600,0,0,,Expired,
968,1557,1,m701,17,annual membership,2024-06-23,2024-06-23,2025-06-23,7500,0,7500,0,0,,Expired,
967,1897,1,m700,13,3 months premium,2024-06-22,2024-06-22,2024-11-20,3600,0,3600,0,0,,Expired,
963,1794,1,m698,13,3 months premium,2024-06-22,2024-06-22,2024-09-20,3600,0,3600,0,0,,Expired,
962,2151,1,LEG-962,13,3 months premium,2024-06-22,2024-06-22,2024-10-22,4500,0,4500,0,0,,Expired,
961,2325,1,m696,9,1 month premium,2024-06-21,2024-06-21,2024-07-21,1500,0,1500,0,0,,Expired,
960,1885,1,m695,9,1 month premium,2024-06-20,2024-06-20,2024-07-20,1500,0,1500,0,0,,Expired,
959,1715,1,214,16,6 months premium,2024-07-01,2024-07-01,2025-05-16,5400,0,5400,0,0,1762,Expired,
958,1974,1,m693,13,3 months premium,2024-06-13,2024-06-13,2024-11-12,3600,0,3600,0,0,,Expired,
957,2281,1,566,17,annual membership,2024-06-13,2024-06-13,2025-09-26,8800,0,8800,0,0,Gh,Expired,
956,1714,1,365,25,fit90 program,2024-09-25,2024-09-25,2025-06-08,7000,0,7000,0,0,mn,Expired,
955,2048,1,m690,13,3 months premium,2024-06-12,2024-06-12,2024-09-10,4500,0,4500,0,0,,Expired,
953,2156,1,m689,13,3 months premium,2024-06-10,2024-06-10,2024-11-09,3600,0,3600,0,0,,Expired,
952,2217,1,m688,13,3 months premium,2024-06-10,2024-06-10,2024-11-10,3600,0,3600,0,0,,Expired,
951,1953,1,m687,17,annual membership,2024-06-10,2024-06-10,2025-07-29,6000,0,6000,0,0,,Expired,
950,2291,1,m686,17,annual membership,2024-06-10,2024-06-10,2025-08-03,6000,0,6000,0,0,,Expired,
949,2259,1,m685,17,annual membership,2024-06-10,2024-06-10,2025-07-29,6000,0,6000,0,0,,Expired,
948,1706,1,m684,17,annual membership,2024-06-10,2024-06-10,2025-07-29,6000,0,6000,0,0,,Expired,
946,2299,1,m682,17,annual membership,2024-06-08,2024-06-08,2025-06-22,7500,0,7500,0,0,,Expired,
945,2005,1,m681,13,3 months premium,2024-06-08,2024-06-08,2024-09-06,4500,0,4500,0,0,,Expired,
943,2228,1,m679,9,1 month premium,2024-06-06,2024-06-06,2024-07-06,1500,0,1500,0,0,,Expired,
942,1937,1,m678,17,annual membership,2024-06-04,2024-06-04,2025-06-18,6000,0,6000,0,0,,Expired,
941,2270,1,m677,17,annual membership,2024-06-04,2024-06-04,2025-06-04,7250,0,7250,0,0,,Expired,
940,1589,1,m676,16,6 months premium,2024-07-01,2024-07-01,2024-12-31,5400,0,5400,0,0,,Expired,
939,2184,1,m675,16,6 months premium,2024-07-01,2024-07-01,2024-11-30,5400,0,5400,0,0,,Expired,
938,1620,1,565,17,annual membership,2024-06-03,2024-06-03,2025-07-18,7500,0,7500,0,0,E,Expired,
937,2121,1,m673,17,annual membership,2024-06-03,2024-06-03,2025-07-28,7500,0,7500,0,0,,Expired,
936,1985,1,LEG-936,24,students offer moharem bek,2024-10-10,2024-09-15,2025-07-30,6000,0,6000,0,0,,Expired,
935,2166,1,m671,13,3 months premium,2024-06-22,2024-06-22,2024-10-06,3150,0,3150,0,0,,Expired,
934,2021,1,m670,16,6 months premium,2024-06-03,2024-06-03,2024-12-02,4550,0,4550,0,0,,Expired,
933,1690,1,LEG-933,17,annual membership,2024-06-01,2024-06-01,2025-10-14,7500,0,7500,0,0,01663,Expired,
932,1834,1,m667,14,3 MONTHS SUMMER CHALLANGE,2024-05-31,2024-05-31,2024-08-29,7000,0,7000,0,0,,Expired,
931,1583,1,m666,17,annual membership,2024-05-30,2024-05-30,2025-05-29,7500,0,7500,0,0,,Expired,
930,1891,1,m665,9,1 month premium,2024-05-30,2024-05-30,2024-06-29,1000,0,1000,0,0,,Expired,
929,2316,1,m663,17,annual membership,2024-05-29,2024-05-29,2025-07-10,7500,0,7500,0,0,,Expired,
928,1607,1,m662,17,annual membership,2024-05-28,2024-05-28,2025-07-27,7500,0,7500,0,0,,Expired,
927,1586,1,m661,13,3 months premium,2024-05-28,2024-05-28,2024-11-28,4500,0,4500,0,0,,Expired,
926,2172,1,290,17,annual membership,2024-05-27,2024-05-27,2025-05-27,7500,0,7500,0,0,,Expired,
925,1964,1,m659,13,3 months premium,2024-05-27,2024-05-27,2024-09-08,3150,0,3150,0,0,,Expired,
924,1636,1,m657,13,3 months premium,2024-05-26,2024-05-26,2024-08-24,4500,0,4500,0,0,,Expired,
923,1779,1,m656,13,3 months premium,2024-05-25,2024-05-25,2024-08-23,3150,0,3150,0,0,,Expired,
922,2303,1,m654,9,1 month premium,2024-08-30,2024-08-30,2024-09-29,1500,0,1500,0,0,,Expired,
921,2231,1,m653,16,6 months premium,2024-05-23,2024-05-23,2025-01-28,4550,0,4550,0,0,,Expired,
920,2013,1,m652,17,annual membership,2024-05-22,2024-05-22,2025-05-22,7500,0,7500,0,0,,Expired,
918,1762,1,m650,17,annual membership,2024-05-22,2024-05-22,2025-05-22,5000,0,5000,0,0,,Expired,
916,1816,1,m649,14,3 MONTHS SUMMER CHALLANGE,2024-05-22,2024-05-22,2024-08-20,7000,0,7000,0,0,,Expired,
915,1923,1,m648,14,3 MONTHS SUMMER CHALLANGE,2024-05-22,2024-05-22,2024-08-20,7000,0,7000,0,0,,Expired,
914,1559,1,m647,9,1 month premium,2024-05-22,2024-05-22,2024-06-21,1500,0,1500,0,0,,Expired,
913,2275,1,m646,9,1 month premium,2024-09-30,2024-09-30,2024-10-29,1500,0,1500,0,0,,Expired,
912,1987,1,m645,13,3 months premium,2024-05-21,2024-05-21,2024-08-19,3600,0,3600,0,0,,Expired,
911,1600,1,m644,13,3 months premium,2024-05-20,2024-05-20,2024-08-18,4500,0,4500,0,0,,Expired,
910,1601,1,m643,13,3 months premium,2024-05-20,2024-05-20,2024-08-18,3600,0,3600,0,0,,Expired,
909,1973,1,m642,17,annual membership,2024-05-18,2024-05-18,2025-05-18,7500,0,7500,0,0,,Expired,
908,2022,1,m641,17,annual membership,2024-05-17,2024-05-17,2025-05-17,7500,0,7500,0,0,,Expired,
906,1870,1,m64,17,annual membership,2024-04-30,2024-04-30,2025-05-30,10800,0,10800,0,0,,Expired,
905,2188,1,m639,10,golden month,2024-10-06,2024-10-06,2024-11-05,2500,0,2500,0,0,,Expired,
904,1580,1,m638,13,3 months premium,2024-08-16,2024-08-16,2025-02-15,4500,0,4500,0,0,,Expired,
902,1952,1,m636,17,annual membership,2024-06-10,2024-06-10,2025-06-10,6000,0,6000,0,0,,Expired,
901,1943,1,m635,17,annual membership,2024-04-14,2024-04-14,2025-04-14,7000,0,7000,0,0,,Expired,
900,1565,1,m634,9,1 month premium,2024-05-14,2024-05-14,2024-06-13,2000,0,2000,0,0,,Expired,
898,1571,1,m632,17,annual membership,2024-05-13,2024-05-13,2025-05-13,7500,0,7500,0,0,,Expired,
897,1573,1,m631,17,annual membership,2024-05-13,2024-05-13,2025-07-29,7500,0,7500,0,0,,Expired,
896,2236,1,LEG-896,13,3 months premium,2024-05-13,2024-05-13,2024-08-20,3600,0,3600,0,0,,Expired,
894,2323,1,LEG-894,14,3 MONTHS SUMMER CHALLANGE,2024-05-11,2024-05-11,2024-08-23,7000,0,7000,0,0,,Expired,
893,2322,1,m627,14,3 MONTHS SUMMER CHALLANGE,2024-05-11,2024-05-11,2024-08-09,7000,0,7000,0,0,,Expired,
892,2060,1,m626,17,annual membership,2024-05-11,2024-05-11,2025-05-11,7500,0,7500,0,0,,Expired,
891,2080,1,m625,17,annual membership,2024-05-11,2024-05-11,2025-05-11,7500,0,7500,0,0,,Expired,
889,2309,1,m623,13,3 months premium,2024-05-10,2024-05-10,2024-08-08,3600,0,3600,0,0,,Expired,
888,2215,1,m622,13,3 months premium,2024-05-08,2024-05-08,2024-09-06,2600,0,2600,0,0,,Expired,
887,1980,1,m621,17,annual membership,2024-06-20,2024-06-20,2025-06-20,3000,0,3000,0,0,,Expired,
886,2182,1,m620,16,6 months premium,2024-05-09,2024-05-09,2025-05-23,6500,0,6500,0,0,,Expired,
885,2139,1,m62,15,6 Months,2023-05-13,2023-05-13,2023-11-09,3000,0,3000,0,0,,Expired,
884,1629,1,m619,16,6 months premium,2024-05-10,2024-05-10,2024-11-10,5400,0,5400,0,0,,Expired,
883,2300,1,m618,17,annual membership,2024-05-07,2024-05-07,2025-06-06,7500,0,7500,0,0,,Expired,
882,2311,1,m617,8,1 Month,2024-05-07,2024-05-07,2024-06-06,1500,0,1500,0,0,,Expired,
881,2093,1,m616,13,3 months premium,2024-05-07,2024-05-07,2024-08-05,3600,0,3600,0,0,,Expired,
880,2187,1,m615,14,3 MONTHS SUMMER CHALLANGE,2024-05-06,2024-05-06,2024-08-04,3500,0,3500,0,0,,Expired,
879,2106,1,m614,13,3 months premium,2024-05-12,2024-05-12,2024-08-12,3600,0,3600,0,0,,Expired,
878,1574,1,m613,9,1 month premium,2024-06-29,2024-06-29,2024-07-29,1500,0,1500,0,0,,Expired,
877,2072,1,m612,13,3 months premium,2024-08-01,2024-08-01,2025-01-31,4500,0,4500,0,0,,Expired,
876,1765,1,m611,17,annual membership,2024-05-04,2024-05-04,2025-07-24,7500,0,7500,0,0,,Expired,
875,1595,1,m610,17,annual membership,2024-05-04,2024-05-04,2025-05-04,7500,0,7500,0,0,,Expired,
874,2155,1,m61,15,6 Months,2023-05-10,2023-05-10,2023-11-06,3000,0,3000,0,0,,Expired,
873,1590,1,m609,17,annual membership,2024-05-04,2024-05-04,2025-05-04,7500,0,7500,0,0,,Expired,
872,1917,1,m608,13,3 months premium,2024-05-03,2024-05-03,2024-08-01,4500,0,4500,0,0,,Expired,
870,1772,1,m606,17,annual membership,2024-05-03,2024-05-03,2025-05-03,4000,0,4000,0,0,,Expired,
869,1667,1,m604,14,3 MONTHS SUMMER CHALLANGE,2024-05-01,2024-05-01,2024-07-30,7000,0,7000,0,0,,Expired,
868,1704,1,LEG-868,9,1 month premium,2024-10-01,2024-10-01,2024-10-31,1500,0,1500,0,0,,Expired,
867,1959,1,m602,14,3 MONTHS SUMMER CHALLANGE,2024-05-01,2024-05-01,2024-07-30,7000,0,7000,0,0,,Expired,
866,1614,1,m601,14,3 MONTHS SUMMER CHALLANGE,2024-05-01,2024-05-01,2024-07-30,7000,0,7000,0,0,,Expired,
865,1755,1,m600,9,1 month premium,2024-10-02,2024-10-02,2024-11-01,1500,0,1500,0,0,,Expired,
863,1899,1,m6,17,annual membership,2024-05-30,2024-05-30,2025-05-30,7500,0,7500,0,0,,Expired,
862,1665,1,m599,13,3 months premium,2024-04-30,2024-04-30,2024-07-29,3150,0,3150,0,0,,Expired,
861,1790,1,m598,13,3 months premium,2024-06-24,2024-06-24,2024-10-23,3600,0,3600,0,0,,Expired,
860,1922,1,m597,13,3 months premium,2024-04-30,2024-04-30,2024-07-29,3500,0,3500,0,0,,Expired,
859,1566,1,m596,9,1 month premium,2024-07-30,2024-07-30,2024-08-29,1500,0,1500,0,0,,Expired,
858,1564,1,m595,23,students offer,2024-09-28,2024-09-28,2025-06-27,6000,0,6000,0,0,,Expired,
857,1983,1,m594,9,1 month premium,2024-04-30,2024-04-30,2024-05-30,1500,0,1500,0,0,,Expired,
856,1842,1,m593,9,1 month premium,2024-04-30,2024-04-30,2024-05-30,1500,0,1500,0,0,,Expired,
855,2161,1,m592,9,1 month premium,2024-04-30,2024-04-30,2024-05-30,1500,0,1500,0,0,,Expired,
854,1950,1,m591,16,6 months premium,2024-04-29,2024-04-29,2024-11-02,4500,0,4500,0,0,,Expired,
853,1666,1,m590,16,6 months premium,2024-04-29,2024-04-29,2024-11-02,4500,0,4500,0,0,,Expired,
852,2011,1,m59,12,3 Months,2023-05-07,2023-05-07,2023-08-05,2500,0,2500,0,0,,Expired,
851,1741,1,m589,17,annual membership,2024-04-29,2024-04-29,2025-04-29,6000,0,6000,0,0,,Expired,
848,1754,1,m586,17,annual membership,2024-04-29,2024-04-29,2025-08-18,7500,0,7500,0,0,,Expired,
846,2053,1,m584,13,3 months premium,2024-04-27,2024-04-27,2024-07-26,3600,0,3600,0,0,,Expired,
845,1941,1,m583,14,3 MONTHS SUMMER CHALLANGE,2024-04-25,2024-04-25,2024-07-30,3500,0,3500,0,0,,Expired,
844,1817,1,LEG-844,9,1 month premium,2024-07-27,2024-07-27,2024-08-26,1000,0,1000,0,0,,Expired,
842,1924,1,m580,13,3 months premium,2024-04-24,2024-04-24,2024-07-23,4500,0,4500,0,0,,Expired,
841,2174,1,m58,17,annual membership,2024-06-09,2024-06-09,2025-07-01,7500,0,7500,0,0,,Expired,
840,1936,1,m579,17,annual membership,2024-04-24,2024-04-24,2025-04-24,7500,0,7500,0,0,,Expired,
839,2081,1,m577,14,3 MONTHS SUMMER CHALLANGE,2024-04-23,2024-04-23,2024-07-22,7000,0,7000,0,0,,Expired,
838,1954,1,m576,14,3 MONTHS SUMMER CHALLANGE,2024-04-21,2024-04-21,2024-07-20,7000,0,7000,0,0,,Expired,
836,1581,1,m573,13,3 months premium,2024-04-21,2024-04-21,2024-07-20,4500,0,4500,0,0,,Expired,
835,2068,1,m572,17,annual membership,2024-04-20,2024-04-20,2025-06-24,7000,0,7000,0,0,,Expired,
834,2223,1,m571,8,1 Month,2024-04-20,2024-04-20,2024-05-20,1000,0,1000,0,0,,Expired,
833,2212,1,m57,12,3 Months,2023-05-05,2023-05-05,2024-06-29,7500,0,7500,0,0,,Expired,
831,2125,1,m568,13,3 months premium,2024-08-25,2024-08-25,2025-03-21,4500,0,4500,0,0,,Expired,
830,2170,1,m567,13,3 months premium,2024-04-17,2024-04-17,2024-07-16,4500,0,4500,0,0,,Expired,
829,2025,1,m565,17,annual membership,2024-04-16,2024-04-16,2025-06-16,8800,0,8800,0,0,,Expired,
828,1699,1,m564,13,3 months premium,2024-04-16,2024-04-16,2024-07-29,4500,0,4500,0,0,,Expired,
827,1848,1,m563,13,3 months premium,2024-04-16,2024-04-16,2024-07-29,4500,0,4500,0,0,,Expired,
826,2203,1,m562,9,1 month premium,2024-04-16,2024-04-16,2025-06-03,6000,0,6000,0,0,,Expired,
825,1729,1,m561,16,6 months premium,2024-06-15,2024-06-15,2025-03-30,5400,0,5400,0,0,,Expired,
824,2107,1,m560,16,6 months premium,2024-06-16,2024-06-16,2025-03-30,5400,0,5400,0,0,,Expired,
823,2010,1,LEG-823,14,3 MONTHS SUMMER CHALLANGE,2024-04-14,2024-04-14,2025-04-18,5000,0,5000,0,0,1361,Expired,
822,2070,1,m558,13,3 months premium,2024-04-14,2024-04-14,2024-07-13,4500,0,4500,0,0,,Expired,
820,1801,1,LEG-820,9,1 month premium,2024-04-12,2024-04-12,2024-05-12,1250,0,1250,0,0,,Expired,
819,1958,1,252,17,annual membership,2024-06-24,2024-06-24,2025-08-08,6000,0,6000,0,0,1756,Expired,
818,2268,1,m554,17,annual membership,2024-05-17,2024-05-17,2025-05-16,7500,0,7500,0,0,,Expired,
817,1692,1,m553,19,Morning Annual Membership,2024-05-18,2024-05-18,2025-05-18,6000,0,6000,0,0,,Expired,
816,1618,1,m552,17,annual membership,2024-04-10,2024-04-10,2025-05-30,7500,0,7500,0,0,,Expired,
815,2038,1,m550,17,annual membership,2024-03-31,2024-03-31,2025-03-31,2000,0,2000,0,0,,Expired,
813,2243,1,m548,13,3 months premium,2024-03-29,2024-03-29,2024-07-11,0,0,0,0,0,,Expired,
812,1594,1,m547,13,3 months premium,2024-06-23,2024-06-23,2024-10-21,4500,0,4500,0,0,,Expired,
811,1605,1,m546,17,annual membership,2024-03-25,2024-03-25,2025-05-02,7500,0,7500,0,0,,Expired,
810,1982,1,m545,17,annual membership,2024-03-25,2024-03-25,2025-03-25,7500,0,7500,0,0,,Expired,
809,1909,1,295,17,annual membership,2024-03-25,2024-03-25,2025-03-25,7500,0,7500,0,0,,Expired,
808,1961,1,m543,17,annual membership,2024-03-25,2024-03-25,2025-03-25,8800,0,8800,0,0,,Expired,
805,2001,1,m540,13,3 months premium,2024-07-21,2024-07-21,2025-01-19,4500,0,4500,0,0,,Expired,
804,2055,1,m539,13,3 months premium,2024-09-23,2024-09-23,2025-03-22,4500,0,4500,0,0,,Expired,
803,1965,1,m538,13,3 months premium,2024-04-19,2024-04-19,2024-07-18,3600,0,3600,0,0,,Expired,
802,2154,1,m537,13,3 months premium,2024-03-19,2024-03-19,2024-06-17,3600,0,3600,0,0,,Expired,
801,1591,1,m536,16,6 months premium,2024-03-19,2024-09-19,2025-03-19,3250,0,3250,0,0,,Expired,
800,2042,1,m535,16,6 months premium,2024-03-19,2024-09-19,2025-03-19,6500,0,6500,0,0,,Expired,
799,1657,1,m534,17,annual membership,2024-03-23,2024-03-23,2025-03-22,8000,0,8000,0,0,,Expired,
798,2050,1,m533,17,annual membership,2024-03-17,2024-03-17,2025-03-17,7500,0,7500,0,0,,Expired,
797,1841,1,m532,17,annual membership,2024-03-16,2024-03-16,2025-05-28,7500,0,7500,0,0,,Expired,
796,1908,1,m531,8,1 Month,2024-05-04,2024-05-04,2024-06-03,2000,0,2000,0,0,,Expired,
793,1919,1,m529,17,annual membership,2024-03-16,2024-03-16,2025-03-16,6500,0,6500,0,0,,Expired,
792,2307,1,m528,17,annual membership,2024-03-16,2024-03-16,2025-03-15,6500,0,6500,0,0,,Expired,
791,1783,1,196,13,3 months premium,2024-09-30,2025-02-19,2025-05-19,4500,0,4500,0,0,,Expired,
790,1821,1,m526,17,annual membership,2024-03-15,2024-03-15,2025-04-25,7500,0,7500,0,0,,Expired,
789,1855,1,m525,8,1 Month,2024-03-14,2024-03-14,2024-04-13,1250,0,1250,0,0,,Expired,
788,1623,1,405,17,annual membership,2024-03-14,2024-03-14,2025-07-27,8800,0,8800,0,0,m11,Expired,
787,2258,1,m522,13,3 months premium,2024-03-12,2024-03-12,2024-06-29,3250,0,3250,0,0,,Expired,
786,1892,1,m521,13,3 months premium,2024-03-12,2024-03-12,2024-06-23,3250,0,3250,0,0,,Expired,
785,2002,1,m520,13,3 months premium,2024-03-12,2024-03-12,2024-06-24,3250,0,3250,0,0,,Expired,
784,2043,1,m52,15,6 Months,2023-05-02,2023-05-02,2023-10-29,3500,0,3500,0,0,,Expired,
783,1806,1,m519,13,3 months premium,2024-03-12,2024-03-12,2024-06-25,3250,0,3250,0,0,,Expired,
782,2034,1,m516,9,1 month premium,2024-08-26,2024-08-26,2024-09-25,1500,0,1500,0,0,,Expired,
781,1633,1,m515,13,3 months premium,2024-03-11,2024-03-11,2024-06-09,3600,0,3600,0,0,,Expired,
780,2085,1,m514,17,annual membership,2024-04-27,2024-04-27,2025-04-27,7500,0,7500,0,0,,Expired,
779,1812,1,m513,13,3 months premium,2024-03-11,2024-03-11,2024-08-28,3250,0,3250,0,0,,Expired,
778,1587,1,LEG-778,9,1 month premium,2024-10-06,2024-10-06,2024-11-05,1500,0,1500,0,0,,Expired,
777,2122,1,m510,13,3 months premium,2024-07-14,2024-07-14,2025-01-13,4500,0,4500,0,0,,Expired,
776,2195,1,m51,17,annual membership,2024-05-08,2024-05-08,2025-05-08,3000,0,3000,0,0,,Expired,
775,1641,1,m509,13,3 months premium,2024-03-09,2024-03-09,2024-06-07,3250,0,3250,0,0,,Expired,
774,1759,1,m508,13,3 months premium,2024-03-09,2024-03-09,2024-06-07,3250,0,3250,0,0,,Expired,
773,1850,1,m507,9,1 month premium,2024-09-30,2024-09-30,2024-10-29,1500,0,1500,0,0,,Expired,
772,1585,1,m506,9,1 month premium,2024-09-21,2024-09-21,2024-10-20,1500,0,1500,0,0,,Expired,
770,2128,1,m504,17,annual membership,2024-03-04,2024-03-04,2025-05-04,7500,0,7500,0,0,,Expired,
769,2087,1,LEG-769,13,3 months premium,2024-09-08,2024-09-08,2025-04-22,4500,0,4500,0,0,02193,Expired,
768,2252,1,m502,17,annual membership,2024-03-02,2024-03-02,2025-03-02,6000,0,6000,0,0,,Expired,
767,2196,1,LEG-767,17,annual membership,2024-03-02,2024-03-02,2025-03-02,7500,0,7500,0,0,,Expired,
766,2091,1,m500,13,3 months premium,2024-03-02,2024-03-02,2024-05-31,3250,0,3250,0,0,,Expired,
765,1628,1,m50,17,annual membership,2024-04-22,2024-04-22,2025-04-22,3500,0,3500,0,0,,Expired,
764,1862,1,m5,17,annual membership,2024-04-21,2024-04-21,2025-04-21,7500,0,7500,0,0,,Expired,
763,1705,1,m499,9,1 month premium,2024-10-13,2024-10-13,2024-11-12,1500,0,1500,0,0,,Expired,
762,2283,1,m497,17,annual membership,2024-03-01,2024-03-01,2025-03-31,7500,0,7500,0,0,,Expired,
761,1650,1,m496,16,6 months premium,2024-03-01,2024-03-01,2024-08-28,1100,0,1100,0,0,,Expired,
760,2075,1,m495,16,6 months premium,2024-03-01,2024-03-01,2024-08-28,1100,0,1100,0,0,,Expired,
759,1695,1,434,17,annual membership,2024-12-01,2025-04-23,2026-04-23,10500,0,10500,0,0,02273,Expired,
758,2202,1,m493,17,annual membership,2024-05-01,2024-05-01,2025-05-01,3300,0,3300,0,0,,Expired,
757,2007,1,m492,13,3 months premium,2024-03-01,2024-03-01,2024-05-30,3250,0,3250,0,0,,Expired,
756,1808,1,m491,13,3 months premium,2024-03-01,2024-03-01,2024-05-30,3250,0,3250,0,0,,Expired,
755,1593,1,m490,13,3 months premium,2024-03-01,2024-03-01,2024-07-19,650,0,650,0,0,,Expired,
754,1674,1,LEG-754,12,3 Months,2023-08-02,2023-08-02,2023-10-31,3000,0,3000,0,0,,Expired,
753,2069,1,m489,13,3 months premium,2024-03-01,2024-03-01,2024-05-30,3250,0,3250,0,0,,Expired,
750,2226,1,m486,17,annual membership,2024-02-26,2024-02-26,2025-02-25,7500,0,7500,0,0,,Expired,
749,2126,1,m485,13,3 months premium,2024-04-21,2024-04-21,2024-07-20,3250,0,3250,0,0,,Expired,
748,1734,1,m484,17,annual membership,2024-03-13,2024-03-13,2025-04-02,7500,0,7500,0,0,,Expired,
747,1745,1,m481,9,1 month premium,2024-02-25,2024-02-25,2024-03-26,1500,0,1500,0,0,,Expired,
746,1624,1,m480,17,annual membership,2024-03-01,2024-03-01,2025-03-01,7500,0,7500,0,0,,Expired,
745,2262,1,m478,16,6 months premium,2024-02-22,2024-02-22,2024-09-05,5400,0,5400,0,0,,Expired,
743,2026,1,LEG-743,17,annual membership,2024-06-01,2024-06-01,2025-11-13,7500,0,7500,0,0,01148,Expired,
742,1796,1,m473,17,annual membership,2024-02-25,2024-02-25,2025-08-23,7500,0,7500,0,0,,Expired,
741,1918,1,m470,9,1 month premium,2024-10-22,2024-10-22,2024-11-21,1500,0,1500,0,0,,Expired,
740,1619,1,m47,17,annual membership,2024-05-25,2024-05-25,2026-03-25,7500,0,7500,0,0,,Expired,
739,1884,1,m469,17,annual membership,2024-02-17,2024-02-17,2025-03-18,7500,0,7500,0,0,,Expired,
738,1829,1,m468,16,6 months premium,2024-02-11,2024-02-11,2024-08-09,5200,0,5200,0,0,,Expired,
737,2114,1,m467,17,annual membership,2024-02-11,2024-02-11,2025-04-23,7500,0,7500,0,0,,Expired,
736,2273,1,m466,17,annual membership,2024-02-10,2024-02-10,2025-02-09,8800,0,8800,0,0,,Expired,
733,1721,1,m463,17,annual membership,2024-02-07,2024-02-07,2025-02-06,7500,0,7500,0,0,,Expired,
732,2077,1,m460,16,6 months premium,2024-02-06,2024-02-06,2024-09-04,5400,0,5400,0,0,,Expired,
730,1658,1,m458,17,annual membership,2024-02-15,2024-02-15,2025-02-14,7500,0,7500,0,0,,Expired,
729,2249,1,m457,13,3 months premium,2024-08-11,2024-08-11,2025-02-10,4500,0,4500,0,0,,Expired,
728,1846,1,m456,9,1 month premium,2024-02-05,2024-02-05,2024-03-06,1500,0,1500,0,0,,Expired,
727,2280,1,m455,17,annual membership,2024-02-05,2024-02-05,2025-03-04,3000,0,3000,0,0,,Expired,
726,2295,1,311,17,annual membership,2024-03-01,2024-03-01,2025-04-15,7500,0,7500,0,0,01070,Expired,
725,1863,1,m452,16,6 months premium,2024-02-05,2024-02-05,2024-08-03,5200,0,5200,0,0,,Expired,
724,1815,1,m451,17,annual membership,2024-02-10,2024-02-10,2025-02-09,7500,0,7500,0,0,,Expired,
723,1913,1,LEG-723,9,1 month premium,2024-02-01,2024-02-01,2024-03-02,1500,0,1500,0,0,,Expired,
721,2145,1,m449,13,3 months premium,2024-02-08,2024-02-08,2024-02-08,3250,0,3250,0,0,,Expired,
720,2210,1,m448,13,3 months premium,2024-02-08,2024-02-08,2024-02-08,0,0,0,0,0,,Expired,
719,1677,1,m447,13,3 months premium,2024-08-05,2024-08-05,2025-02-04,4500,0,4500,0,0,,Expired,
718,1963,1,m446,13,3 months premium,2024-01-28,2024-01-28,2024-04-27,3600,0,3600,0,0,,Expired,
717,2003,1,m444,17,annual membership,2024-03-01,2024-03-01,2025-02-28,0,0,0,0,0,,Expired,
716,1717,1,m443,17,annual membership,2024-04-01,2024-04-01,2025-05-01,7500,0,7500,0,0,,Expired,
714,1934,1,m441,13,3 months premium,2024-04-20,2024-04-20,2025-04-15,6000,0,6000,0,0,,Expired,
703,1684,1,m430,12,3 Months,2024-01-14,2024-01-14,2024-04-27,3150,0,3150,0,0,,Expired,
702,1686,1,m43,12,3 Months,2023-04-27,2023-04-27,2023-07-26,3000,0,3000,0,0,,Expired,
700,2256,1,m428,16,6 months premium,2024-01-13,2024-01-13,2024-09-11,5200,0,5200,0,0,,Expired,
691,1786,1,m419,16,6 months premium,2024-01-07,2024-01-07,2024-07-05,5200,0,5200,0,0,,Expired,
690,1839,1,m418,13,3 months premium,2024-02-26,2024-02-26,2024-05-26,3600,0,3600,0,0,,Expired,
689,1644,1,m417,15,6 Months,2024-01-03,2024-01-03,2024-07-23,4500,0,4500,0,0,,Expired,
688,1949,1,m416,16,6 months premium,2024-01-05,2024-01-05,2024-07-23,4450,0,4450,0,0,,Expired,
686,1598,1,m414,16,6 months premium,2024-04-18,2024-04-18,2024-12-18,6500,0,6500,0,0,,Expired,
685,1627,1,m413,9,1 month premium,2024-02-10,2024-02-10,2024-03-11,1500,0,1500,0,0,,Expired,
683,2040,1,m411,16,6 months premium,2024-01-08,2024-01-08,2024-07-06,4550,0,4550,0,0,,Expired,
677,2220,1,m406,16,6 months premium,2023-12-26,2023-12-26,2024-06-23,3150,0,3150,0,0,,Expired,
676,1811,1,m405,9,1 month premium,2024-10-20,2024-10-20,2024-11-19,1500,0,1500,0,0,,Expired,
675,1851,1,m404,17,annual membership,2024-03-24,2024-03-24,2025-04-21,7500,0,7500,0,0,,Expired,
674,2265,1,m403,9,1 month premium,2024-10-08,2024-10-08,2024-11-07,1500,0,1500,0,0,,Expired,
670,2194,1,LEG-670,17,annual membership,2024-05-08,2024-05-08,2025-06-22,7500,0,7500,0,0,,Expired,
669,2028,1,m399,13,3 months premium,2024-09-15,2024-09-15,2025-03-14,4500,0,4500,0,0,,Expired,
668,1555,1,m398,16,6 months premium,2023-12-22,2023-12-22,2024-07-03,4550,0,4550,0,0,,Expired,
667,1613,1,m397,15,6 Months,2023-12-23,2023-12-23,2024-07-19,3000,0,3000,0,0,,Expired,
666,1599,1,LEG-666,9,1 month premium,2024-10-04,2024-10-04,2024-11-03,1500,0,1500,0,0,,Expired,
665,1882,1,m395,13,3 months premium,2023-12-21,2023-12-21,2024-03-20,3150,0,3150,0,0,,Expired,
661,2189,1,m390,13,3 months premium,2023-12-18,2023-12-18,2024-03-17,4500,0,4500,0,0,,Expired,
659,1971,1,m389,13,3 months premium,2024-06-24,2024-06-24,2024-10-22,3600,0,3600,0,0,,Expired,
658,1830,1,m388,8,1 Month,2023-12-15,2023-12-15,2024-01-14,1000,0,1000,0,0,,Expired,
655,1999,1,m385,13,3 months premium,2024-08-05,2024-08-05,2025-02-11,4500,0,4500,0,0,,Expired,
654,1678,1,LEG-654,13,3 months premium,2024-06-23,2024-06-23,2024-10-21,3600,0,3600,0,0,,Expired,
653,1895,1,m383,15,6 Months,2024-01-15,2024-01-15,2024-09-15,4500,0,4500,0,0,,Expired,
651,2004,1,LEG-651,9,1 month premium,2024-09-30,2024-09-30,2024-10-29,1500,0,1500,0,0,,Expired,
649,1737,1,m379,15,6 Months,2023-12-16,2023-12-16,2024-06-20,4500,0,4500,0,0,,Expired,
648,1928,1,m378,15,6 Months,2023-12-12,2023-12-12,2024-06-09,4500,0,4500,0,0,,Expired,
642,2129,1,LEG-642,17,annual membership,2024-06-09,2024-06-09,2025-08-08,6000,0,6000,0,0,,Expired,
640,1972,1,m367,15,6 Months,2023-12-09,2023-12-09,2024-06-06,4500,0,4500,0,0,,Expired,
639,2046,1,m365,17,annual membership,2024-06-23,2024-06-23,2025-06-22,7500,0,7500,0,0,,Expired,
638,2185,1,m364,9,1 month premium,2023-12-06,2023-12-06,2024-01-05,1500,0,1500,0,0,,Expired,
636,1849,1,m361,13,3 months premium,2024-09-05,2024-09-05,2025-03-04,4500,0,4500,0,0,,Expired,
635,1871,1,m360,13,3 months premium,2024-08-04,2024-08-04,2025-02-03,4500,0,4500,0,0,,Expired,
634,1976,1,m359,13,3 months premium,2024-06-24,2024-06-24,2024-10-22,3600,0,3600,0,0,,Expired,
633,1558,1,m358,12,3 Months,2023-12-03,2023-12-03,2024-03-02,3000,0,3000,0,0,,Expired,
629,1787,1,m354,16,6 months premium,2024-01-02,2024-01-02,2024-04-01,3150,0,3150,0,0,,Expired,
628,1969,1,m353,15,6 Months,2023-12-02,2023-12-02,2024-06-13,4500,0,4500,0,0,,Expired,
624,1826,1,m348,15,6 Months,2023-12-03,2023-12-03,2024-05-30,4500,0,4500,0,0,,Expired,
622,1669,1,m346,15,6 Months,2024-01-01,2024-01-01,2024-07-01,4500,0,4500,0,0,,Expired,
621,2247,1,m345,15,6 Months,2023-12-14,2023-12-14,2024-01-20,2000,0,2000,0,0,,Expired,
620,1854,1,m344,15,6 Months,2023-12-14,2023-12-14,2024-06-17,4500,0,4500,0,0,,Expired,
619,2036,1,m343,15,6 Months,2023-12-30,2023-12-30,2024-05-28,4500,0,4500,0,0,,Expired,
618,2123,1,m342,15,6 Months,2023-11-30,2023-11-30,2024-06-27,3400,0,3400,0,0,,Expired,
617,2239,1,m341,15,6 Months,2023-11-30,2023-11-30,2024-06-27,4500,0,4500,0,0,,Expired,
616,1785,1,m340,15,6 Months,2023-11-30,2023-11-30,2024-06-11,3000,0,3000,0,0,,Expired,
614,2157,1,m339,15,6 Months,2023-11-30,2023-11-30,2024-07-29,4500,0,4500,0,0,,Expired,
613,2124,1,m338,15,6 Months,2023-12-01,2023-12-01,2024-05-28,4500,0,4500,0,0,,Expired,
611,1859,1,m334,15,6 Months,2023-11-28,2023-11-28,2024-05-26,4500,0,4500,0,0,,Expired,
610,2061,1,m333,15,6 Months,2023-12-30,2023-12-30,2024-03-29,1000,0,1000,0,0,,Expired,
609,1761,1,m332,13,3 months premium,2024-09-10,2024-09-10,2025-03-09,3500,0,3500,0,0,,Expired,
608,2014,1,m331,9,1 month premium,2024-09-21,2024-09-21,2024-10-20,1500,0,1500,0,0,,Expired,
606,1775,1,m33,15,6 Months,2023-04-17,2023-04-17,2023-11-13,4500,0,4500,0,0,,Expired,
602,2301,1,m326,9,1 month premium,2024-10-13,2024-10-13,2024-11-12,1500,0,1500,0,0,,Expired,
601,1994,1,m325,9,1 month premium,2024-10-13,2024-10-13,2024-11-12,1500,0,1500,0,0,,Expired,
600,1902,1,m324,16,6 months premium,2024-05-27,2024-05-27,2024-11-23,5400,0,5400,0,0,,Expired,
598,1951,1,m322,13,3 months premium,2024-07-11,2024-07-11,2025-01-01,4500,0,4500,0,0,,Expired,
597,1562,1,m321,15,6 Months,2023-11-24,2023-11-24,2024-05-22,4000,0,4000,0,0,,Expired,
593,2159,1,m317,15,6 Months,2023-11-20,2023-11-20,2024-05-18,4000,0,4000,0,0,,Expired,
592,1673,1,m315,15,6 Months,2023-11-19,2023-11-19,2024-05-17,4500,0,4500,0,0,,Expired,
591,2071,1,m314,15,6 Months,2023-11-21,2023-11-21,2024-05-19,4500,0,4500,0,0,,Expired,
590,1886,1,m313,12,3 Months,2023-11-20,2023-11-20,2024-02-18,3000,0,3000,0,0,,Expired,
589,1955,1,m312,15,6 Months,2023-11-18,2023-11-18,2024-05-16,4500,0,4500,0,0,,Expired,
588,1813,1,LEG-588,17,annual membership,2024-05-17,2024-05-17,2025-07-01,7500,0,7500,0,0,Wq,Expired,
587,2035,1,m310,17,annual membership,2024-05-17,2024-05-17,2025-07-01,7500,0,7500,0,0,01142,Expired,
585,1984,1,m309,15,6 Months,2023-11-17,2023-11-17,2024-06-13,4500,0,4500,0,0,,Expired,
582,2276,1,m306,15,6 Months,2023-11-16,2023-11-16,2024-05-24,4500,0,4500,0,0,,Expired,
581,1880,1,m305,12,3 Months,2023-11-11,2023-11-11,2024-02-09,3000,0,3000,0,0,,Expired,
580,2224,1,m304,12,3 Months,2023-11-06,2023-11-06,2024-02-04,3000,0,3000,0,0,,Expired,
577,2109,1,m30,17,annual membership,2024-04-20,2024-04-20,2025-04-20,8800,0,8800,0,0,,Expired,
574,2186,1,m298,12,3 Months,2023-10-31,2023-10-31,2024-02-12,3000,0,3000,0,0,,Expired,
573,1659,1,m297,13,3 months premium,2024-08-01,2024-08-01,2025-01-31,4500,0,4500,0,0,,Expired,
571,1865,1,m295,12,3 Months,2023-10-30,2023-10-30,2024-01-28,3000,0,3000,0,0,,Expired,
569,1632,1,m293,16,6 months premium,2024-07-28,2024-07-28,2025-02-23,2000,0,2000,0,0,,Expired,
567,2324,1,260,13,3 months premium,2024-10-20,2024-10-20,2025-06-04,4500,0,4500,0,0,02218,Expired,
566,2214,1,m290,15,6 Months,2023-10-28,2023-10-28,2024-04-25,4500,0,4500,0,0,,Expired,
564,1932,1,m289,12,3 Months,2023-10-25,2023-10-25,2024-01-24,3000,0,3000,0,0,,Expired,
563,1836,1,m288,12,3 Months,2023-10-26,2023-10-26,2024-01-24,3000,0,3000,0,0,,Expired,
562,1837,1,LEG-562,17,annual membership,2024-12-01,2024-12-01,2025-12-01,10500,0,10500,0,0,02262,Expired,
561,1662,1,m286,12,3 Months,2023-10-24,2023-10-24,2024-01-22,3000,0,3000,0,0,,Expired,
560,2160,1,LEG-560,9,1 month premium,2024-10-10,2024-10-10,2024-11-09,1500,0,1500,0,0,,Expired,
559,1763,1,LEG-559,9,1 month premium,2024-10-10,2024-10-10,2024-11-09,1500,0,1500,0,0,,Expired,
553,1572,1,m279,9,1 month premium,2023-11-23,2023-11-23,2023-12-23,1500,0,1500,0,0,,Expired,
552,2257,1,m278,15,6 Months,2023-10-28,2023-10-28,2024-05-25,4500,0,4500,0,0,,Expired,
549,2163,1,m275,15,6 Months,2023-05-18,2023-05-18,2025-11-17,4500,0,4500,0,0,,Expired,
545,2146,1,m271,15,6 Months,2023-10-18,2023-10-18,2024-06-15,4500,0,4500,0,0,,Expired,
541,2235,1,259,17,annual membership,2024-04-27,2024-04-27,2025-08-10,6000,0,6000,0,0,01463,Expired,
538,2282,1,m265,9,1 month premium,2023-10-14,2023-10-14,2023-11-13,1500,0,1500,0,0,,Expired,
537,1931,1,m264,15,6 Months,2024-01-14,2024-01-14,2024-07-12,4500,0,4500,0,0,,Expired,
534,1900,1,m261,13,3 months premium,2024-02-01,2024-02-01,2024-04-30,3600,0,3600,0,0,,Expired,
527,1823,1,m254,9,1 month premium,2023-09-28,2023-09-28,2023-10-28,1500,0,1500,0,0,,Expired,
526,2207,1,m253,13,3 months premium,2023-09-28,2023-09-28,2023-12-27,4500,0,4500,0,0,,Expired,
522,2313,1,m247,9,1 month premium,2024-10-01,2024-10-01,2024-10-31,1500,0,1500,0,0,,Expired,
520,1742,1,LEG-520,9,1 month premium,2024-03-23,2024-03-23,2024-10-22,5400,0,5400,0,0,,Expired,
518,2140,1,m242,8,1 Month,2023-09-22,2023-09-22,2023-12-17,4250,0,4250,0,0,,Expired,
514,1701,1,m237,13,3 months premium,2024-09-16,2024-09-16,2025-03-15,2250,0,2250,0,0,,Expired,
510,1991,1,m227,12,3 Months,2023-08-27,2023-08-27,2023-12-03,1500,0,1500,0,0,,Expired,
509,1718,1,m226,9,1 month premium,2024-08-13,2024-08-13,2024-09-12,1500,0,1500,0,0,,Expired,
508,1649,1,m225,9,1 month premium,2023-10-01,2023-10-01,2023-10-31,1500,0,1500,0,0,,Expired,
507,2176,1,m224,9,1 month premium,2023-08-27,2023-08-27,2023-09-26,1500,0,1500,0,0,,Expired,
506,2024,1,m222,30,12 Sessions,2024-05-16,2024-05-16,2025-05-11,7500,0,7500,0,0,,Expired,
505,2130,1,m220,9,1 month premium,2023-08-22,2023-08-22,2023-09-21,1500,0,1500,0,0,,Expired,
503,2119,1,m219,13,3 months premium,2024-08-25,2024-08-25,2025-02-24,4500,0,4500,0,0,,Expired,
502,1568,1,m218,9,1 month premium,2023-10-05,2023-10-05,2023-11-04,1500,0,1500,0,0,,Expired,
499,1970,1,m215,17,annual membership,2024-05-15,2024-05-15,2025-05-15,7500,0,7500,0,0,,Expired,
494,2074,1,m210,9,1 month premium,2023-08-14,2023-08-14,2023-09-13,1500,0,1500,0,0,,Expired,
491,2102,1,m205,17,annual membership,2024-05-20,2024-05-20,2025-05-20,7500,0,7500,0,0,,Expired,
489,1879,1,m203,9,1 month premium,2024-10-14,2024-10-14,2024-11-13,1500,0,1500,0,0,,Expired,
488,1800,1,m202,17,annual membership,2024-05-07,2024-05-07,2025-05-07,7500,0,7500,0,0,,Expired,
487,2084,1,m201,15,6 Months,2024-03-15,2024-03-15,2025-03-14,6000,0,6000,0,0,,Expired,
486,1874,1,LEG-486,8,1 Month,2023-08-11,2023-08-11,2023-09-10,1250,0,1250,0,0,,Expired,
482,1883,1,m197,9,1 month premium,2023-11-04,2023-11-04,2023-12-04,1500,0,1500,0,0,,Expired,
481,1654,1,m196,15,6 Months,2023-12-07,2023-12-07,2024-07-04,4500,0,4500,0,0,,Expired,
477,2018,1,m191,9,1 month premium,2023-11-11,2023-11-11,2023-12-11,1500,0,1500,0,0,,Expired,
476,1861,1,m190,12,3 Months,2023-08-06,2023-08-06,2023-11-18,3000,0,3000,0,0,,Expired,
474,1556,1,LEG-474,12,3 Months,2023-08-05,2023-08-05,2023-11-05,3000,0,3000,0,0,,Expired,
473,2263,1,m188,9,1 month premium,2023-11-07,2023-11-07,2023-12-07,1500,0,1500,0,0,,Expired,
471,1825,1,m185,16,6 months premium,2024-06-24,2024-06-24,2025-03-08,6500,0,6500,0,0,,Expired,
469,1832,1,m183,12,3 Months,2023-08-03,2023-08-03,2024-09-03,3000,0,3000,0,0,,Expired,
467,2240,1,m181,12,3 Months,2023-07-30,2023-07-30,2024-08-25,7500,0,7500,0,0,,Expired,
463,1956,1,m177,12,3 Months,2023-07-22,2023-07-22,2023-10-20,3000,0,3000,0,0,,Expired,
462,2175,1,m176,13,3 months premium,2024-06-29,2024-06-29,2024-10-28,2400,0,2400,0,0,,Expired,
461,2284,1,m175,13,3 months premium,2024-08-27,2024-08-27,2025-02-26,4500,0,4500,0,0,,Expired,
460,2039,1,m174,13,3 months premium,2024-09-24,2024-09-24,2025-03-23,4500,0,4500,0,0,,Expired,
458,1916,1,m167,13,3 months premium,2024-09-12,2024-09-12,2025-03-11,4500,0,4500,0,0,,Expired,
457,1723,1,m166,13,3 months premium,2024-08-24,2024-08-24,2025-02-23,4500,0,4500,0,0,,Expired,
455,2148,1,m163,12,3 Months,2023-07-18,2023-07-18,2023-10-22,2800,0,2800,0,0,,Expired,
452,2120,1,m159,12,3 Months,2023-07-10,2023-07-10,2024-07-04,7500,0,7500,0,0,,Expired,
449,2285,1,m155,15,6 Months,2023-07-09,2023-07-09,2024-01-05,4500,0,4500,0,0,,Expired,
447,2326,1,m151,9,1 month premium,2024-06-21,2024-06-21,2024-07-21,1500,0,1500,0,0,,Expired,
446,2105,1,m150,12,3 Months,2023-10-18,2023-10-18,2024-01-16,3000,0,3000,0,0,,Expired,
445,2225,1,m15,12,3 Months,2023-04-02,2023-04-02,2023-07-01,3000,0,3000,0,0,,Expired,
443,1935,1,m147,12,3 Months,2023-07-03,2023-07-03,2023-10-01,3000,0,3000,0,0,,Expired,
441,2248,1,m145,13,3 months premium,2024-08-17,2024-08-17,2025-02-16,4500,0,4500,0,0,,Expired,
439,2304,1,m143,9,1 month premium,2024-10-20,2024-10-20,2024-11-19,1500,0,1500,0,0,,Expired,
438,1770,1,m142,15,6 Months,2023-06-26,2023-06-26,2023-12-23,4500,0,4500,0,0,,Expired,
433,2179,1,m130,15,6 Months,2023-07-23,2023-07-23,2024-01-19,4500,0,4500,0,0,,Expired,
431,2103,1,m129,12,3 Months,2023-06-14,2023-06-14,2023-09-10,3000,0,3000,0,0,,Expired,
430,2032,1,m127,12,3 Months,2023-05-12,2023-05-12,2023-09-10,2400,0,2400,0,0,,Expired,
425,2054,1,m12,13,3 months premium,2024-09-20,2024-09-20,2025-04-19,4500,0,4500,0,0,,Expired,
423,2020,1,m116,12,3 Months,2023-06-05,2023-06-05,2023-09-02,3000,0,3000,0,0,,Expired,
422,1693,1,m115,15,6 Months,2024-01-11,2024-01-11,2024-07-24,4500,0,4500,0,0,,Expired,
420,1773,1,m113,15,6 Months,2023-07-03,2023-07-03,2023-12-30,4000,0,4000,0,0,,Expired,
419,2294,1,m112,12,3 Months,2023-06-03,2023-06-03,2023-08-30,3000,0,3000,0,0,,Expired,
418,2127,1,LEG-418,17,annual membership,2024-05-02,2024-05-15,2025-09-11,6000,0,6000,0,0,01481,Expired,
408,1968,1,m1,17,annual membership,2024-04-16,2024-04-16,2025-04-16,7500,0,7500,0,0,,Expired,
